"address","businessProfileId","categories/0","categories/1","categories/2","categories/3","categoryName","cid","city","countryCode","fid","hotelStars","imageUrl","isAdvertisement","isLocalGuide","kgmid","language","likesCount","location/lat","location/lng","name","neighborhood","originalLanguage","permanentlyClosed","placeId","postalCode","price","publishAt","publishedAtDate","rating","responseFromOwnerDate","responseFromOwnerText","reviewContext/Sebaiknya buat reservasi","reviewContext/Waktu antrean","reviewContext/Waktu kunjungan","reviewId","reviewImageUrls/0","reviewImageUrls/1","reviewImageUrls/2","reviewImageUrls/3","reviewImageUrls/4","reviewImageUrls/5","reviewImageUrls/6","reviewImageUrls/7","reviewImageUrls/8","reviewImageUrls/9","reviewImageUrls/10","reviewImageUrls/11","reviewImageUrls/12","reviewImageUrls/13","reviewImageUrls/14","reviewImageUrls/15","reviewImageUrls/16","reviewImageUrls/17","reviewImageUrls/18","reviewImageUrls/19","reviewImageUrls/20","reviewImageUrls/21","reviewImageUrls/22","reviewOrigin","reviewUrl","reviewerId","reviewerNumberOfReviews","reviewerPhotoUrl","reviewerUrl","reviewsCount","scrapedAt","searchString","stars","state","street","temporarilyClosed","text","textTranslated","title","totalScore","translatedLanguage","url","visitedIn"
"Jl. Klaten - Jatinom No.7, Dusun 1, Manjungan, Kec. Ngawen, Kabupaten Klaten, Jawa Tengah 57466, Indonesia","11211421739855492727","Taman Rekreasi Air","Kolam renang luar ruangan","Kolam Renang","Tujuan Wisata","Taman Rekreasi Air","8716903439926725365","Kabupaten Klaten","ID","0x2e7a423e8f224f2f:0x78f8a97e96368af5",,"https://lh3.googleusercontent.com/gps-cs-s/AHRPTWmLAC292IyEZxwnxzT96dOfJ11UjIo_SES-giCPaXIIGvN1dIM0IPUoai_HjX-A-ghkSdtSS1C2yNwfiquZWHpYeQGmtVZ7cRnXAC9h2oOiDtx8v22fL3JYHji1o3dEOeCyn_k=w408-h306-k-no","false","true","/g/11c73mpffs","id","0","-7.6442043","110.5980704","Muhammad uma","Dusun 1, Manjungan, Kecamatan Ngawen","id","false","ChIJL08ijz5Cei4R9Yo2ln6p-Hg","57466",,"4 bulan lalu","2026-04-01T03:27:25.915Z",,,,"Tidak","Tanpa mengantre","Hari biasa","Ci9DQUlRQUNvZENodHljRjlvT21WR1FuSjJOblJYVEhCdVNHTTVVVW8zT0RkWWRIYxAB","https://lh3.googleusercontent.com/grass-cs/ACvplmPkssqdt9Guls_K9xHdgdvr14-QkR7Pw1eOFUj3JsTUluD-TfxFTXfAvHd8m5o3clC5QvkEGhqWroCAqPpW6PHAZJYWPIAIe3xtwuz9WeWmEldZ3DgHg9i59Ck0_oJr9st7W5HcmcL_9SIh=k-no","https://lh3.googleusercontent.com/grass-cs/ACvplmNw18aW9h3boX8mBftK6iPZee702IcV_AG6Uc3DQYhwI1jznw5oTj0pHEg0yslzG2E4YvEiXxqcE9bJPj9W5fd_Wl-9va0HCfEuVLLA7ZnwSYQpVbNxJQFc1mPgIcmDzmh5b6C6L6DJlmhK=k-no","https://lh3.googleusercontent.com/grass-cs/ACvplmNo2nru01VNL5yEdwSIPx9geSedb4Ar9fgJXGF0aigJSbE0LhWUuDB6ltvBkF3DB5BZknBF6b5ElAvPo_e94mtGMf0qoEWo1O52giKriEvpoY9gNpZbwIWn_kCvuYXprBu1Suvs8in0_MQ=k-no","https://lh3.googleusercontent.com/grass-cs/ACvplmP9GRa2XsCeEV_9OfUvkd8wK9j_8bIZ2zPX1VPeqZY_pzAIKxIqM3wASBPtzo0xLJtRPveaqnpTPszbRYaCH9Fvr78dx3y8xb40qBhm69iBp2fWLkJm7cpMJZWUF7V5Z08t5P9NubUEFMfY=k-no","https://lh3.googleusercontent.com/grass-cs/ACvplmMtES0aIPn1CRbpufXawLYLH56aUYE6fr92xpZTco_BjRPwakZyk6VuqryaqOnXpPN-ko79Am6Xoq98-ETtbBAvDt5qr2jYDAnJkTnzmM2KX13ChUe7XoLcRSDJ5yLeYi5pXWxB--SV7D0=k-no","https://lh3.googleusercontent.com/grass-cs/ACvplmPk-oeW7hJ6nJD2vt1QVBT_rzC37CPnuzvkfe3gaSAJ6JAVdFjFvdE7Y68Bk3rJT-frx40s3VuPnHIm4O--FiLJ0F7FP1iDWr-waNqPqa4sq3XZWLeN-VrLsyYbr11W0-HhszDkh49yV_3V=k-no","https://lh3.googleusercontent.com/grass-cs/ACvplmM-ioufVRPs-YxCYrAxGAlHeizi2APqXHg_5wrq6E1ZhFKe_0T2NzU7MNGxlsXEX2KyudAmULjwFmlibo_clAO051-jTVCML7AqRkwaPrEj4UqB-9JpukYWDd-glSb9DJcYAQRUlwXfumAD=k-no","https://lh3.googleusercontent.com/grass-cs/ACvplmPP3gkUUpIQr0qetjknxziqu4-OLjVzjIXj_BJSIdxxW6FlKm9rJGzIDfqw193vKVfyCqo09tl5_F15axXQWUU9oipAzikQu12zDun5UmFs2vIcWhLBPQaOLd_rq9sai7SGgDRBGxAjuMEA=k-no","https://lh3.googleusercontent.com/grass-cs/ACvplmNQjTIf7Y6JKzSoUyvFmUglCzmvHjAcw0zf9h_zg6UeUFV5ualLxZa2LiWCLz55LMfphtHqjvZUOusTCUgHg6QX8cwdTmol5JPCA83UMVyRCejNeyT-3nLNMVVeOewcNAv2sG8HWwRFQGc=k-no","https://lh3.googleusercontent.com/grass-cs/ACvplmP8vG8hA1t7UWKkheKfzrzUWe3E7YVLD4rgtsVq6-YjE2E5EAjumHamdby0urTt6sgVZgP9xYLjLwHoxV09x-V1lBzdlO44uaH-st3oD4cAmmdffLgCXxl1OvBfh6hOknc1Y6WqnXjfWYfO=k-no","https://lh3.googleusercontent.com/grass-cs/ACvplmMSNayYtdRPUi4mI34XOpA5DoXMFTu0CLRE7BFWzqJRbP5pqU7LaBhVpqWwbDP6DMcSgvHpbedkXWyVZRu8HpADSdY9aj_RjjNXQym7mlnZ0Utl2kgavAKKz-WrJ11qrlveK-rsq-5mJkDz=k-no",,,,,,,,,,,,,"Google","https://www.google.com/maps/reviews/data=!4m8!14m7!1m6!2m5!1sCi9DQUlRQUNvZENodHljRjlvT21WR1FuSjJOblJYVEhCdVNHTTVVVW8zT0RkWWRIYxAB!2m1!1s0x0:0x78f8a97e96368af5!3m1!1s2@1:CAIQACodChtycF9oOmVGQnJ2NnRXTHBuSGM5UUo3ODdYdHc%7C%7C?hl=id","111160979666922297621","5","https://lh3.googleusercontent.com/a-/ALV-UjUiqRMB0LT_yIVdneAqjmGcHzh-C3XzF2yVIZFeGiDJBlIoM8k=s1920-c-rp-mo-ba12-br100","https://www.google.com/maps/contrib/111160979666922297621?hl=id","2039","2026-08-24T04:05:00.874Z","Direct Detail URL: https://www.google.com/maps/place/Umbul+Susuhan/@-7.6442043,110.5980704,17z/data=!4m6!3m5!1s0x2e7a423e8f224f2f:0x78f8a97e96368af5!8m2!3d-7.6442043!4d110.5980704!16s%2Fg%2F11c73mpffs?entry=tts&g_ep=EgoyMDI2MDgxOS4wIPu8ASoASAFQAw%3D%3D&skid=525f3dcf-3097-436b-a0a9-3b0bc8dc4bad","5","Jawa Tengah","Jl. Klaten - Jatinom No.7","false","Air nya segarrrr....
Umbulnya pokoknya mantap,ada kolam khusus wanita nya .
Pokoknya recommended",,"Umbul Susuhan","4.4",,"https://www.google.com/maps/search/?api=1&query=Umbul%20Susuhan&query_place_id=ChIJL08ijz5Cei4R9Yo2ln6p-Hg",
"Jl. Klaten - Jatinom No.7, Dusun 1, Manjungan, Kec. Ngawen, Kabupaten Klaten, Jawa Tengah 57466, Indonesia","11211421739855492727","Taman Rekreasi Air","Kolam renang luar ruangan","Kolam Renang","Tujuan Wisata","Taman Rekreasi Air","8716903439926725365","Kabupaten Klaten","ID","0x2e7a423e8f224f2f:0x78f8a97e96368af5",,"https://lh3.googleusercontent.com/gps-cs-s/AHRPTWmLAC292IyEZxwnxzT96dOfJ11UjIo_SES-giCPaXIIGvN1dIM0IPUoai_HjX-A-ghkSdtSS1C2yNwfiquZWHpYeQGmtVZ7cRnXAC9h2oOiDtx8v22fL3JYHji1o3dEOeCyn_k=w408-h306-k-no","false","true","/g/11c73mpffs","id","1","-7.6442043","110.5980704","иυяιfιαи","Dusun 1, Manjungan, Kecamatan Ngawen","id","false","ChIJL08ijz5Cei4R9Yo2ln6p-Hg","57466",,"setahun lalu","2025-08-09T22:33:49.056Z",,,,"Tidak","Tanpa mengantre","Hari biasa","Ci9DQUlRQUNvZENodHljRjlvT2poSFdIVlJTbXhCYlV0MVIwcFlOakpwVkU0MFdYYxAB","https://lh3.googleusercontent.com/grass-cs/ACvplmMqCzGpSQo0jS9vi13cEkRktRSb0Cw5n_f8fj_iPciUY-PPaqE7PK8z-DhAGxwq0ANLIZ4CutJLXh8GN9nKNVqkK0kGS7KZ3X5Wmjb1bg2RsIsHzPQ9hf4KGsOotpgmxgPbNdScS5efNnq0=k-no","https://lh3.googleusercontent.com/grass-cs/ACvplmMWkhl9EwDvqGSv__Nq5Cpg02J27miQJddL8sZqcJwJ9bIFsqUqq74Hq9ifgqaUB69AqbSfpiILhx6pKPd90FlQS_o5_RIqHKo5IIGSbaDkEkwfe-JF5gHMbtq8bRfXAS6plIZMqm1VyLcL=k-no","https://lh3.googleusercontent.com/grass-cs/ACvplmNx6JuMdl7FZhEZlj7ZnGPgNzoFlB_LyxTegM3ZBy_DkitmEV2uSyekPbxKS81ckxkF7vvZFx2tL1QDWUDE4VtzHtGLgk-Kc6hqSE4NAfJ3-TRyfNHK21IA50XZ9Px3flZerw_eFtcIlnAA=k-no","https://lh3.googleusercontent.com/grass-cs/ACvplmMDcRmGqVsKYtinAtvPr0GU19DYzCazrniTC-YkXmLXBRzWHc6JofocGRLdU75_erdKud-n__mYKok5xHHrEbsJpgtEbfhrZ8nuZMP3X1xcXlzRbRvE0_SdAJ8lckh7WmOUQtHOPVhm1uI=k-no","https://lh3.googleusercontent.com/grass-cs/ACvplmMdsX2q-ODlWoSuBaJWWHq7IC7LAFBi0xvoJj5qpbBJwAxrbKaffEU4zCgBb7gE1crDJR4MsDEcundRk3Akji_G0jEj0pEAGy5wyFltbF8239wV3c6-LWa-L869T7wkZrk4J1VEWeNoYh-s=k-no","https://lh3.googleusercontent.com/grass-cs/ACvplmMroUdNuAVHhOJYqmp5jb6m28jwQuK3reVkcskR0f7KO-0UFTQnpGI49EUoZGUKoPu6oeNGDDYMfQ5ESDyDswVZfVGW3LykZ0M55ICxAOiN2eogfEBUad5mjRgNsk-5cAmfOYtKxwVp-TTN=k-no",,,,,,,,,,,,,,,,,,"Google","https://www.google.com/maps/reviews/data=!4m8!14m7!1m6!2m5!1sCi9DQUlRQUNvZENodHljRjlvT2poSFdIVlJTbXhCYlV0MVIwcFlOakpwVkU0MFdYYxAB!2m1!1s0x0:0x78f8a97e96368af5!3m1!1s2@1:CAIQACodChtycF9oOjhHWHVRSmxBbUt1R0pYNjJpVE40WXc%7C%7C?hl=id","112626781943425873377","512","https://lh3.googleusercontent.com/a-/ALV-UjVd7YDOLfodPPd0WY3-ujor_GUR8ETGj0iWI1Gb4-VvJorXWG8=s1920-c-rp-mo-ba12-br100","https://www.google.com/maps/contrib/112626781943425873377?hl=id","2039","2026-08-24T04:05:00.874Z","Direct Detail URL: https://www.google.com/maps/place/Umbul+Susuhan/@-7.6442043,110.5980704,17z/data=!4m6!3m5!1s0x2e7a423e8f224f2f:0x78f8a97e96368af5!8m2!3d-7.6442043!4d110.5980704!16s%2Fg%2F11c73mpffs?entry=tts&g_ep=EgoyMDI2MDgxOS4wIPu8ASoASAFQAw%3D%3D&skid=525f3dcf-3097-436b-a0a9-3b0bc8dc4bad","4","Jawa Tengah","Jl. Klaten - Jatinom No.7","false","Kalo renang langganan kesini, kadang habis subuh kadang jam 6an, airnya seger , asli dari umbul langsung.
Kalo pagi banyak ibu² dan bapak² , mungkin untuk terapi.

Kolam renang panjangnya 40m lebar 12m kedalaman 2,5m.

Harga tiket masuknya, normalnya 10rb, berhubung saya susah langganan jadi HTM nya 5rb + parkirnya 2rb.",,"Umbul Susuhan","4.4",,"https://www.google.com/maps/search/?api=1&query=Umbul%20Susuhan&query_place_id=ChIJL08ijz5Cei4R9Yo2ln6p-Hg",
"Jl. Klaten - Jatinom No.7, Dusun 1, Manjungan, Kec. Ngawen, Kabupaten Klaten, Jawa Tengah 57466, Indonesia","11211421739855492727","Taman Rekreasi Air","Kolam renang luar ruangan","Kolam Renang","Tujuan Wisata","Taman Rekreasi Air","8716903439926725365","Kabupaten Klaten","ID","0x2e7a423e8f224f2f:0x78f8a97e96368af5",,"https://lh3.googleusercontent.com/gps-cs-s/AHRPTWmLAC292IyEZxwnxzT96dOfJ11UjIo_SES-giCPaXIIGvN1dIM0IPUoai_HjX-A-ghkSdtSS1C2yNwfiquZWHpYeQGmtVZ7cRnXAC9h2oOiDtx8v22fL3JYHji1o3dEOeCyn_k=w408-h306-k-no","false","true","/g/11c73mpffs","id","0","-7.6442043","110.5980704","Ganes Kristinawati","Dusun 1, Manjungan, Kecamatan Ngawen","id","false","ChIJL08ijz5Cei4R9Yo2ln6p-Hg","57466",,"Diedit 7 bulan lalu","2026-01-06T07:59:55.466Z",,,,,,,"Ci9DQUlRQUNvZENodHljRjlvT2psb01qWlpNbEZYWm5sV1VUTlRjVEpQVEY5a1MxRRAB","https://lh3.googleusercontent.com/grass-cs/ACvplmNLGSZl52KORQpHUyGDDxCEkxFIEboi67-AhC0AFSIMhH04UQ9RItZdwp85YH_67ujQGbEEIyw4-7vvcI2-piFLuzIi4FT7sF2HpRhOELKb4IdDEoIXUqhIDhC8odIPRtbx7WvmqCw0A-Me=k-no","https://lh3.googleusercontent.com/grass-cs/ACvplmNkTciylhDjiAFyjakqAfDJl9kErUVuQVQHZEcVqD0XRrlbEkgkXd8bvbDl1HeuDtEWnPFyTbA9OGpPKUvZpEuHZHhvKXBZ6y5Dow0v_XEMyMgOZoGB8dwgLsdbNbyP1sdMT0yXh1q0ReY=k-no","https://lh3.googleusercontent.com/grass-cs/ACvplmPxbez96kSX15_0g6rk6MgeJmwx4rG579W8cwA5UCmwwgdyDjAZv0_N7uGHbydtpLwqECZZw5VClZySXl6OY9sgh18ELX_gKxkh_2NVYBTHc9gJoti2VyvhwPLZbgiFQrpqBoW9ghBlU34=k-no",,,,,,,,,,,,,,,,,,,,,"Google","https://www.google.com/maps/reviews/data=!4m8!14m7!1m6!2m5!1sCi9DQUlRQUNvZENodHljRjlvT2psb01qWlpNbEZYWm5sV1VUTlRjVEpQVEY5a1MxRRAB!2m1!1s0x0:0x78f8a97e96368af5!3m1!1s2@1:CAIQACodChtycF9oOjloMjZZMlFXZnlWUTNTcTJPTF9kS1E%7C%7C?hl=id","116104291747675862261","47","https://lh3.googleusercontent.com/a-/ALV-UjVSRbotuLQbV_UTGthOEdUvCErxy3_DXNd411HKffucYMgHbFqv=s1920-c-rp-mo-ba12-br100","https://www.google.com/maps/contrib/116104291747675862261?hl=id","2039","2026-08-24T04:05:00.874Z","Direct Detail URL: https://www.google.com/maps/place/Umbul+Susuhan/@-7.6442043,110.5980704,17z/data=!4m6!3m5!1s0x2e7a423e8f224f2f:0x78f8a97e96368af5!8m2!3d-7.6442043!4d110.5980704!16s%2Fg%2F11c73mpffs?entry=tts&g_ep=EgoyMDI2MDgxOS4wIPu8ASoASAFQAw%3D%3D&skid=525f3dcf-3097-436b-a0a9-3b0bc8dc4bad","5","Jawa Tengah","Jl. Klaten - Jatinom No.7","false","Recomended tempat berengang,, idr masuk 10k dan tarif parkir untuk mobil 5k…
Untuk kebersihan lumayan bersih, dan ada kolam khusus muslimah (point banget) semenjak pohon dekat ruang ganti ditebang agak panas,, over all recomended",,"Umbul Susuhan","4.4",,"https://www.google.com/maps/search/?api=1&query=Umbul%20Susuhan&query_place_id=ChIJL08ijz5Cei4R9Yo2ln6p-Hg",
"Jl. Klaten - Jatinom No.7, Dusun 1, Manjungan, Kec. Ngawen, Kabupaten Klaten, Jawa Tengah 57466, Indonesia","11211421739855492727","Taman Rekreasi Air","Kolam renang luar ruangan","Kolam Renang","Tujuan Wisata","Taman Rekreasi Air","8716903439926725365","Kabupaten Klaten","ID","0x2e7a423e8f224f2f:0x78f8a97e96368af5",,"https://lh3.googleusercontent.com/gps-cs-s/AHRPTWmLAC292IyEZxwnxzT96dOfJ11UjIo_SES-giCPaXIIGvN1dIM0IPUoai_HjX-A-ghkSdtSS1C2yNwfiquZWHpYeQGmtVZ7cRnXAC9h2oOiDtx8v22fL3JYHji1o3dEOeCyn_k=w408-h306-k-no","false","true","/g/11c73mpffs","id","1","-7.6442043","110.5980704","iryanti piri","Dusun 1, Manjungan, Kecamatan Ngawen","id","false","ChIJL08ijz5Cei4R9Yo2ln6p-Hg","57466",,"setahun lalu","2025-02-15T11:17:27.060Z",,,,"Tidak","Tanpa mengantre","Hari biasa","ChdDSUhNMG9nS0VJQ0FnTUNnb3Itend3RRAB","https://lh3.googleusercontent.com/grass-cs/ACvplmN5LWtfACK8cHEQ8fGSjl3vlRzlAq2nIyvntBD6cBktgDTbMY3ctHscAYW3AOuvHkPgmL1TCeOUf_KtSjl9Ox9XCjyWPblv7wyXeYzDIUMkcmBbt1SUiAAzLWD4tez8SZaL4Kbc=k-no","https://lh3.googleusercontent.com/grass-cs/ACvplmMyA0k7dIC2haT_59Q2r8UrW6dsvxyU45ZxjNz9JFef3eDPgXS2r-SvjwDmsIjmzXNC_szcyHHLgY0Yz49qnFCX-FQ6x_K4DkqVZLft49st-GysfltenW3TzE_TPLfgf_W1_iTNbw=k-no","https://lh3.googleusercontent.com/grass-cs/ACvplmNTg-fhhrCaH478EoC2zM3OPtqubGt02lOZnNujbNb3YkfKciPySATHmj3kDGxwv9uB_7qKtzS2AVKCbqh_f3XsgfHCFOamp3f6wLIetciivZzskaa-0iUqQkSzkXaKnOFi8aY=k-no","https://lh3.googleusercontent.com/grass-cs/ACvplmM06F_Aco-drnQzHqmv-MeUtEfkQ9_mMEs8-lHJBTG7QRRqwXvXfWbUFkTYnBscq3hTKdrfZTj-ACbny9jSkodXDLaByQEeGnYOCmgN6-6uNWwAQtSaNWXqi0s9QotQ2ql5X5ComQ=k-no","https://lh3.googleusercontent.com/grass-cs/ACvplmNtGyyHCcuYoEGQW-ap3WWCZ--hHOGIYCDNNHCGu_7nbNng1snOV-CJxN58ZT26ysgPhMTA-VzCwGfcI4NuXM3LwSUVF5IELkoQPws0U-fCzGZ_AuO32LIRGTYNGu5Pq1xm8fVIqg=k-no","https://lh3.googleusercontent.com/grass-cs/ACvplmOKf7bveqgL7JS0I2VuIEPMK2CCpKoS53U2Bzbnp9tDY6XLn8yEywNFxoBalT5jlsUxaLKJxmA-qjVWeZS8LgBSCZ3-7ZgHJbqDz8kWzKIpLQL7q7qNQMMefTirH7bsWf6PvhRO=k-no",,,,,,,,,,,,,,,,,,"Google","https://www.google.com/maps/reviews/data=!4m8!14m7!1m6!2m5!1sChdDSUhNMG9nS0VJQ0FnTUNnb3Itend3RRAB!2m1!1s0x0:0x78f8a97e96368af5!3m1!1s2@1:CIHM0ogKEICAgMCgor-zwwE%7C%7C?hl=id","117890434321755538268","81","https://lh3.googleusercontent.com/a-/ALV-UjVwO9JSgpSp76Jw2C3Z7VKJjJ4mMa3qIUECWhOMYxrP9aNqdNY=s1920-c-rp-mo-ba12-br100","https://www.google.com/maps/contrib/117890434321755538268?hl=id","2039","2026-08-24T04:05:00.874Z","Direct Detail URL: https://www.google.com/maps/place/Umbul+Susuhan/@-7.6442043,110.5980704,17z/data=!4m6!3m5!1s0x2e7a423e8f224f2f:0x78f8a97e96368af5!8m2!3d-7.6442043!4d110.5980704!16s%2Fg%2F11c73mpffs?entry=tts&g_ep=EgoyMDI2MDgxOS4wIPu8ASoASAFQAw%3D%3D&skid=525f3dcf-3097-436b-a0a9-3b0bc8dc4bad","2","Jawa Tengah","Jl. Klaten - Jatinom No.7","false","Mohon untuk ditingkatkan lagi KEBERSIHANNYA Bpk/Ibu Pengelola.
Daun berjatuhan di kolam ikut berenang bersama, lantai lumutan, dimana mana sampah.
Tempat tunggu ala kadarnya, kamar mandi gelap, bau, pembalut tersumpal di balik pintu.
Penjaganya kolam khusus wanita hanya tiduran main HP.
Harga per orang 10.000
Tidak rekomended kesini, krna kotor.
Untuk kolamnya bervariasi, ada untuk anak dengan mainan prosotan. Kolam dengan kedalaman sedang, dan diatas 2m. Terdapat persewaan ban pelampung dengan biaya 5k.",,"Umbul Susuhan","4.4",,"https://www.google.com/maps/search/?api=1&query=Umbul%20Susuhan&query_place_id=ChIJL08ijz5Cei4R9Yo2ln6p-Hg",
"Jl. Klaten - Jatinom No.7, Dusun 1, Manjungan, Kec. Ngawen, Kabupaten Klaten, Jawa Tengah 57466, Indonesia","11211421739855492727","Taman Rekreasi Air","Kolam renang luar ruangan","Kolam Renang","Tujuan Wisata","Taman Rekreasi Air","8716903439926725365","Kabupaten Klaten","ID","0x2e7a423e8f224f2f:0x78f8a97e96368af5",,"https://lh3.googleusercontent.com/gps-cs-s/AHRPTWmLAC292IyEZxwnxzT96dOfJ11UjIo_SES-giCPaXIIGvN1dIM0IPUoai_HjX-A-ghkSdtSS1C2yNwfiquZWHpYeQGmtVZ7cRnXAC9h2oOiDtx8v22fL3JYHji1o3dEOeCyn_k=w408-h306-k-no","false","true","/g/11c73mpffs","id","0","-7.6442043","110.5980704","Meyka Sumpeno","Dusun 1, Manjungan, Kecamatan Ngawen","id","false","ChIJL08ijz5Cei4R9Yo2ln6p-Hg","57466",,"sebulan lalu","2026-07-17T03:12:55.288Z",,,,,,,"Ci9DQUlRQUNvZENodHljRjlvT25oRlRuVlFha3hyYjNkV1EzTTBVekZNWjBSdVlrRRAB","https://lh3.googleusercontent.com/grass-cs/ACvplmNVTvR-Nvu6zvOvZtwqVXmxq4TmMn7NJ27qyp-sbd39vbOVRGPKxmZaKHUx1ooMRz_yqljYfL3TFsCCmMcJc2N-W-oPFPHL6umyCPu2RPSoyiAGQJH0v-eHaHd4QO66ZyZVxfTBbwfeVG-W=k-no",,,,,,,,,,,,,,,,,,,,,,,"Google","https://www.google.com/maps/reviews/data=!4m8!14m7!1m6!2m5!1sCi9DQUlRQUNvZENodHljRjlvT25oRlRuVlFha3hyYjNkV1EzTTBVekZNWjBSdVlrRRAB!2m1!1s0x0:0x78f8a97e96368af5!3m1!1s2@1:CAIQACodChtycF9oOnhFTnVQakxrb3dWQ3M0UzFMZ0RuYkE%7C%7C?hl=id","104981545940821604577","44","https://lh3.googleusercontent.com/a-/ALV-UjUPV3N2340kD8N0j2pBNgwYxkoYEknDttLkb3SWjeCrz7TkHIE5uw=s1920-c-rp-mo-ba12-br100","https://www.google.com/maps/contrib/104981545940821604577?hl=id","2039","2026-08-24T04:05:00.874Z","Direct Detail URL: https://www.google.com/maps/place/Umbul+Susuhan/@-7.6442043,110.5980704,17z/data=!4m6!3m5!1s0x2e7a423e8f224f2f:0x78f8a97e96368af5!8m2!3d-7.6442043!4d110.5980704!16s%2Fg%2F11c73mpffs?entry=tts&g_ep=EgoyMDI2MDgxOS4wIPu8ASoASAFQAw%3D%3D&skid=525f3dcf-3097-436b-a0a9-3b0bc8dc4bad","5","Jawa Tengah","Jl. Klaten - Jatinom No.7","false","Bersih, ada kolam renang khusus muslimah yg jd favorit",,"Umbul Susuhan","4.4",,"https://www.google.com/maps/search/?api=1&query=Umbul%20Susuhan&query_place_id=ChIJL08ijz5Cei4R9Yo2ln6p-Hg",
"Jl. Klaten - Jatinom No.7, Dusun 1, Manjungan, Kec. Ngawen, Kabupaten Klaten, Jawa Tengah 57466, Indonesia","11211421739855492727","Taman Rekreasi Air","Kolam renang luar ruangan","Kolam Renang","Tujuan Wisata","Taman Rekreasi Air","8716903439926725365","Kabupaten Klaten","ID","0x2e7a423e8f224f2f:0x78f8a97e96368af5",,"https://lh3.googleusercontent.com/gps-cs-s/AHRPTWmLAC292IyEZxwnxzT96dOfJ11UjIo_SES-giCPaXIIGvN1dIM0IPUoai_HjX-A-ghkSdtSS1C2yNwfiquZWHpYeQGmtVZ7cRnXAC9h2oOiDtx8v22fL3JYHji1o3dEOeCyn_k=w408-h306-k-no","false","false","/g/11c73mpffs","id","1","-7.6442043","110.5980704","Annetta Gabrielle","Dusun 1, Manjungan, Kecamatan Ngawen","id","false","ChIJL08ijz5Cei4R9Yo2ln6p-Hg","57466",,"7 bulan lalu","2026-01-11T12:03:07.814Z",,,,"Tidak","Tanpa mengantre","Akhir pekan","Ci9DQUlRQUNvZENodHljRjlvT2xVM1YwbHhTRTF0T0VWelNsTmtjRlZUVVdwalJGRRAB","https://lh3.googleusercontent.com/grass-cs/ACvplmO02DYW6pjKZppTAUtSaAUrJrgRdzPh0IQRd_UJtol7z1APfVEvqYz7aYWKDwlw-UOwZkABiQmxqe5dN_dYcSNxZ_Z9YIam5KeXRYePo4UR0M6jJGuz4F0oIMxoG_TpGhjj4PTt3g5bV-Y=k-no",,,,,,,,,,,,,,,,,,,,,,,"Google","https://www.google.com/maps/reviews/data=!4m8!14m7!1m6!2m5!1sCi9DQUlRQUNvZENodHljRjlvT2xVM1YwbHhTRTF0T0VWelNsTmtjRlZUVVdwalJGRRAB!2m1!1s0x0:0x78f8a97e96368af5!3m1!1s2@1:CAIQACodChtycF9oOlU3V0lxSE1tOEVzSlNkcFVTUWpjRFE%7C%7C?hl=id","102605859909480072509","15","https://lh3.googleusercontent.com/a/ACg8ocK7mZrmiCi10es3xqbuKULBtSJqSYE1XsXhwa04kobaWU3Q=s1920-c-rp-mo-br100","https://www.google.com/maps/contrib/102605859909480072509?hl=id","2039","2026-08-24T04:05:00.874Z","Direct Detail URL: https://www.google.com/maps/place/Umbul+Susuhan/@-7.6442043,110.5980704,17z/data=!4m6!3m5!1s0x2e7a423e8f224f2f:0x78f8a97e96368af5!8m2!3d-7.6442043!4d110.5980704!16s%2Fg%2F11c73mpffs?entry=tts&g_ep=EgoyMDI2MDgxOS4wIPu8ASoASAFQAw%3D%3D&skid=525f3dcf-3097-436b-a0a9-3b0bc8dc4bad","5","Jawa Tengah","Jl. Klaten - Jatinom No.7","false","i like this pool! terdapat kolam khusus perempuan. tiket 5k only. worth it bgt. thankyou ya sudah membuat perempuan merasa aman dan nyaman☺️🥰",,"Umbul Susuhan","4.4",,"https://www.google.com/maps/search/?api=1&query=Umbul%20Susuhan&query_place_id=ChIJL08ijz5Cei4R9Yo2ln6p-Hg",
"Jl. Klaten - Jatinom No.7, Dusun 1, Manjungan, Kec. Ngawen, Kabupaten Klaten, Jawa Tengah 57466, Indonesia","11211421739855492727","Taman Rekreasi Air","Kolam renang luar ruangan","Kolam Renang","Tujuan Wisata","Taman Rekreasi Air","8716903439926725365","Kabupaten Klaten","ID","0x2e7a423e8f224f2f:0x78f8a97e96368af5",,"https://lh3.googleusercontent.com/gps-cs-s/AHRPTWmLAC292IyEZxwnxzT96dOfJ11UjIo_SES-giCPaXIIGvN1dIM0IPUoai_HjX-A-ghkSdtSS1C2yNwfiquZWHpYeQGmtVZ7cRnXAC9h2oOiDtx8v22fL3JYHji1o3dEOeCyn_k=w408-h306-k-no","false","true","/g/11c73mpffs","id","0","-7.6442043","110.5980704","Anastasia Wulandari","Dusun 1, Manjungan, Kecamatan Ngawen","id","false","ChIJL08ijz5Cei4R9Yo2ln6p-Hg","57466",,"2 bulan lalu","2026-06-07T12:58:12.938Z",,,,"Tidak","Tanpa mengantre","Akhir pekan","Ci9DQUlRQUNvZENodHljRjlvT21ZMVdGRndka2hwVTNwSGJUQnZXbnBJWm1wRmJuYxAB","https://lh3.googleusercontent.com/grass-cs/ACvplmN2r0_KeV91JkCQPq7-ZYOlHByAgjWZ44ttNeLkSePsvDwHanlqeqfJAlVtfUTk40P_U4h5ANbey90kg7gStTO3dUkDm7LLWnz7zhr3A1jyA9Boavw5ioH_WbrpbBX2f52KVGPM7AHMbyU7=k-no","https://lh3.googleusercontent.com/grass-cs/ACvplmPZjgJ4SKsa47uDH4IhfGhJ5TjmJJUtMOAeJUDC91dsFhs9xRoTk1TkJSXzC5HFIvGPDYX54Bsht7Y4el5yRQKNBQECgiKnmT-1CvViUGUupYqh8CmXrgk08Q7hrL174UZhwbT1AqMXzpI_=k-no","https://lh3.googleusercontent.com/grass-cs/ACvplmOi4wCiRPu1HTbylw_kFuWqxaJvO1ogr4jk59iQ1NR8t6hUb6I7n1geV9bguM3QoP-CMSgPYuiNqcnRQstn6CzeA4hb2TsiBINCAYWvku2ce7JmXIuXZTO7W77lhuWbwyiweRVKuNbF1UM=k-no","https://lh3.googleusercontent.com/grass-cs/ACvplmM4mo4AIQYxS8r4H2gIqsvTp1FJwshlosWXGa82LWBkouCfRwq49ZFlvw2nLSjNN2EVm3YrszgvkPtUz95qyxL3zB9viVSmFJ8uwbRgyTtkKlj06loCMV-h0taLe2aMOq-hgjspskeNWJg=k-no","https://lh3.googleusercontent.com/grass-cs/ACvplmMoHgJaqq6TpuDOjh6x93vKvTzBgLWP8OP2zTZTDC8xYHKIil1J6T8YDtEyOPOxtfxa7jlm2OwByvFINf348z_chAIE-cSbQqZmz0--K1ctjdMbF7CmFTt9aQloscIp-a0pLewMevVmyeQN=k-no","https://lh3.googleusercontent.com/grass-cs/ACvplmPEnRh29lkp5NBmuiZS0TM6rO8QxcMqAGldEV5ey7nXiE95qKAmUtI4SQKRvuKl1eUy1Z0cbiGZA_aDq_Wg4O7NXpO0skBIVTrnvGT8d_htuQ2z5NgVR6dWgdIqBuhtW4up-PnznosY7l42=k-no","https://lh3.googleusercontent.com/grass-cs/ACvplmO_XTnL9pzg04gQ2Ff2o79ATSxy1t-Zj9f60sfBNNkxLpW1d6uZ6gbEnFjudqLgWtRrfDZ3pEPoj2HSeYNqLjQziGGs1kGw1aGr5N0cE9VOs0LGSaIXGVYjHwPcnVOVawebyNnVeRNjl_Pg=k-no","https://lh3.googleusercontent.com/grass-cs/ACvplmONVBHimynGC9JREr0tcXiewMUBy1TDDIIUwvh7zZeLH88-_-u7IPQnPxi2VV0pgJ6FYUyyoyYbTdTwiK9sxGqitpi8YsD8u6FCoLe7b-2GFmyq6HkYtqKaPKxSHrQajcjA1GxfwrS5Ygcu=k-no",,,,,,,,,,,,,,,,"Google","https://www.google.com/maps/reviews/data=!4m8!14m7!1m6!2m5!1sCi9DQUlRQUNvZENodHljRjlvT21ZMVdGRndka2hwVTNwSGJUQnZXbnBJWm1wRmJuYxAB!2m1!1s0x0:0x78f8a97e96368af5!3m1!1s2@1:CAIQACodChtycF9oOmY1WFFwdkhpU3pHbTBvWnpIZmpFbnc%7C%7C?hl=id","100231052508644023202","24","https://lh3.googleusercontent.com/a-/ALV-UjXZUBFvERDFPQxzIvv4pwcWAXugNAUxYSkkq04szB2Vo8D3mt4B=s1920-c-rp-mo-ba12-br100","https://www.google.com/maps/contrib/100231052508644023202?hl=id","2039","2026-08-24T04:05:00.874Z","Direct Detail URL: https://www.google.com/maps/place/Umbul+Susuhan/@-7.6442043,110.5980704,17z/data=!4m6!3m5!1s0x2e7a423e8f224f2f:0x78f8a97e96368af5!8m2!3d-7.6442043!4d110.5980704!16s%2Fg%2F11c73mpffs?entry=tts&g_ep=EgoyMDI2MDgxOS4wIPu8ASoASAFQAw%3D%3D&skid=525f3dcf-3097-436b-a0a9-3b0bc8dc4bad","5","Jawa Tengah","Jl. Klaten - Jatinom No.7","false","Umbul ternyaman dan berkesan baik sejauh ini. HTM 8k.",,"Umbul Susuhan","4.4",,"https://www.google.com/maps/search/?api=1&query=Umbul%20Susuhan&query_place_id=ChIJL08ijz5Cei4R9Yo2ln6p-Hg",
"Jl. Klaten - Jatinom No.7, Dusun 1, Manjungan, Kec. Ngawen, Kabupaten Klaten, Jawa Tengah 57466, Indonesia","11211421739855492727","Taman Rekreasi Air","Kolam renang luar ruangan","Kolam Renang","Tujuan Wisata","Taman Rekreasi Air","8716903439926725365","Kabupaten Klaten","ID","0x2e7a423e8f224f2f:0x78f8a97e96368af5",,"https://lh3.googleusercontent.com/gps-cs-s/AHRPTWmLAC292IyEZxwnxzT96dOfJ11UjIo_SES-giCPaXIIGvN1dIM0IPUoai_HjX-A-ghkSdtSS1C2yNwfiquZWHpYeQGmtVZ7cRnXAC9h2oOiDtx8v22fL3JYHji1o3dEOeCyn_k=w408-h306-k-no","false","true","/g/11c73mpffs","id","0","-7.6442043","110.5980704","Anytime","Dusun 1, Manjungan, Kecamatan Ngawen","id","false","ChIJL08ijz5Cei4R9Yo2ln6p-Hg","57466",,"setahun lalu","2025-04-23T01:59:42.038Z",,,,"Ya","Tanpa mengantre","Hari biasa","ChdDSUhNMG9nS0VJQ0FnTURvZ3B6VGhnRRAB","https://lh3.googleusercontent.com/grass-cs/ACvplmOBbgX8D_wdb0WzM8iu3Lt1cshTSwYv5biFsEOR6YTklEPxX_7i3pdkpYEMmx4coHNi6yEwCPsoOldAlUDaCtVmAbzCFw8K_wDp0T_wWyvad3-pqlk8aOXephxNu6dGqnmitGyk=k-no","https://lh3.googleusercontent.com/grass-cs/ACvplmOYzCI2CujiZQLkOK-e1Pi9vdgQTa-1lWRZe8BZDg7dqyhT0W4k0otZU84XFhK-81VAj1ym_yo1NewM1q5W1YpAiV_kxtFsdi7Y89cEUChEWNsbBui-Rz8SYnMfgIPEqKQT7ix0Vg=k-no","https://lh3.googleusercontent.com/grass-cs/ACvplmOLBHZxdTMd6RxGmanswSod9agANkjC4TcLGFhRYbEby_bjovuRa_A84Es37vw2xt517e4Sfmp5R5dyxs2eQkcn1KsWtNbk6dLmFr5-HGGfKOR4CVkmEEPwwcFli7wU48_VrK8=k-no",,,,,,,,,,,,,,,,,,,,,"Google","https://www.google.com/maps/reviews/data=!4m8!14m7!1m6!2m5!1sChdDSUhNMG9nS0VJQ0FnTURvZ3B6VGhnRRAB!2m1!1s0x0:0x78f8a97e96368af5!3m1!1s2@1:CIHM0ogKEICAgMDogpzThgE%7C%7C?hl=id","100458249615924434759","264","https://lh3.googleusercontent.com/a-/ALV-UjWrQlUD-OVvU0t4RVkIz6QOjaDDUzRcF2YpAleB5YY4OgzKUv4=s1920-c-rp-mo-ba12-br100","https://www.google.com/maps/contrib/100458249615924434759?hl=id","2039","2026-08-24T04:05:00.874Z","Direct Detail URL: https://www.google.com/maps/place/Umbul+Susuhan/@-7.6442043,110.5980704,17z/data=!4m6!3m5!1s0x2e7a423e8f224f2f:0x78f8a97e96368af5!8m2!3d-7.6442043!4d110.5980704!16s%2Fg%2F11c73mpffs?entry=tts&g_ep=EgoyMDI2MDgxOS4wIPu8ASoASAFQAw%3D%3D&skid=525f3dcf-3097-436b-a0a9-3b0bc8dc4bad","4","Jawa Tengah","Jl. Klaten - Jatinom No.7","false","Ada beberapa kolam disini, ada kolam khusus wanita juga. Untuk kolam yg 2 meter airnya kotor. Umbul yang belum dikeramik masih ada ikannya, airnya dingin sejuk",,"Umbul Susuhan","4.4",,"https://www.google.com/maps/search/?api=1&query=Umbul%20Susuhan&query_place_id=ChIJL08ijz5Cei4R9Yo2ln6p-Hg",
"Jl. Klaten - Jatinom No.7, Dusun 1, Manjungan, Kec. Ngawen, Kabupaten Klaten, Jawa Tengah 57466, Indonesia","11211421739855492727","Taman Rekreasi Air","Kolam renang luar ruangan","Kolam Renang","Tujuan Wisata","Taman Rekreasi Air","8716903439926725365","Kabupaten Klaten","ID","0x2e7a423e8f224f2f:0x78f8a97e96368af5",,"https://lh3.googleusercontent.com/gps-cs-s/AHRPTWmLAC292IyEZxwnxzT96dOfJ11UjIo_SES-giCPaXIIGvN1dIM0IPUoai_HjX-A-ghkSdtSS1C2yNwfiquZWHpYeQGmtVZ7cRnXAC9h2oOiDtx8v22fL3JYHji1o3dEOeCyn_k=w408-h306-k-no","false","true","/g/11c73mpffs","id","2","-7.6442043","110.5980704","Arif S","Dusun 1, Manjungan, Kecamatan Ngawen","id","false","ChIJL08ijz5Cei4R9Yo2ln6p-Hg","57466",,"2 tahun lalu","2024-06-07T14:15:12.794Z",,,,"Tidak","Tanpa mengantre","Hari biasa","ChZDSUhNMG9nS0VJQ0FnSUR6aEkyRlRnEAE","https://lh3.googleusercontent.com/grass-cs/ACvplmMTNDsszrtAJvkzpr7BKibkIRvBsNxkcBM8zsmwvXlZLPKYjTL_SRcOVFyLSf1BGUSDMeAgiUpRbFEoOe5yxck3JhzjN_BAlpdvohzKWGHS-QnDqASZcgJCzSdImbVcnOcPGc_S-w=k-no","https://lh3.googleusercontent.com/grass-cs/ACvplmP5RFXLj5XpDfO3v8Xy0ri_Az0Vt0WK1tTIrh4sHgmRR2kohHi52sMfhwnRRLibyIc6w6Z-WUWkQV-SowRbzGPtA2jbOAZHL7TJeQ9jOTVKqNdDDgz6t2HnRgHdA9NEJN7cMyJC=k-no","https://lh3.googleusercontent.com/grass-cs/ACvplmNjmBG46VGV_cBHEWvg91CS_8ZBdFK9u4YX9A64yxzehp3UHjNdGURrUC8W7XaPVPkNyBwVbHRE5RZoNebs6nTzDutSCVy2YXxd69_p8zke8X2KDB-bTipmBOaO8VaT4NsSaXwIdw=k-no",,,,,,,,,,,,,,,,,,,,,"Google","https://www.google.com/maps/reviews/data=!4m8!14m7!1m6!2m5!1sChZDSUhNMG9nS0VJQ0FnSUR6aEkyRlRnEAE!2m1!1s0x0:0x78f8a97e96368af5!3m1!1s2@1:CIHM0ogKEICAgIDzhI2FTg%7C%7C?hl=id","118438095489588503460","406","https://lh3.googleusercontent.com/a-/ALV-UjV9aLfb-DUqq7BTy6wnnRuN24dkQYjWF40tgdJkoUtIqo-QTYK5Yw=s1920-c-rp-mo-ba12-br100","https://www.google.com/maps/contrib/118438095489588503460?hl=id","2039","2026-08-24T04:05:00.874Z","Direct Detail URL: https://www.google.com/maps/place/Umbul+Susuhan/@-7.6442043,110.5980704,17z/data=!4m6!3m5!1s0x2e7a423e8f224f2f:0x78f8a97e96368af5!8m2!3d-7.6442043!4d110.5980704!16s%2Fg%2F11c73mpffs?entry=tts&g_ep=EgoyMDI2MDgxOS4wIPu8ASoASAFQAw%3D%3D&skid=525f3dcf-3097-436b-a0a9-3b0bc8dc4bad","2","Jawa Tengah","Jl. Klaten - Jatinom No.7","false","Untuk umbul yg langsung dari sumbernya masih bersih dan alami, tapi untuk kolam renangnya sangaat tidak terawat, kolam dan air kotor, bagian dasar kolam seperti tidak dikuras. Ruang ganti & bilas ala kadarnya, sempit dan berbau pesing. Harga tiket masuk 10k + 2k parkir, masih murah tapi cenderung lebih mahal daripada umbul lain di area klaten. Next semoga lebih dapat dirawat lagi. Secara lokasi sangat strategis pinggir jalan raya dan parkir luas.",,"Umbul Susuhan","4.4",,"https://www.google.com/maps/search/?api=1&query=Umbul%20Susuhan&query_place_id=ChIJL08ijz5Cei4R9Yo2ln6p-Hg",
"Jl. Klaten - Jatinom No.7, Dusun 1, Manjungan, Kec. Ngawen, Kabupaten Klaten, Jawa Tengah 57466, Indonesia","11211421739855492727","Taman Rekreasi Air","Kolam renang luar ruangan","Kolam Renang","Tujuan Wisata","Taman Rekreasi Air","8716903439926725365","Kabupaten Klaten","ID","0x2e7a423e8f224f2f:0x78f8a97e96368af5",,"https://lh3.googleusercontent.com/gps-cs-s/AHRPTWmLAC292IyEZxwnxzT96dOfJ11UjIo_SES-giCPaXIIGvN1dIM0IPUoai_HjX-A-ghkSdtSS1C2yNwfiquZWHpYeQGmtVZ7cRnXAC9h2oOiDtx8v22fL3JYHji1o3dEOeCyn_k=w408-h306-k-no","false","true","/g/11c73mpffs","id","0","-7.6442043","110.5980704","Grosir Daster","Dusun 1, Manjungan, Kecamatan Ngawen","id","false","ChIJL08ijz5Cei4R9Yo2ln6p-Hg","57466",,"2 bulan lalu","2026-05-29T07:38:48.901Z",,,,"Tidak","Tanpa mengantre","Hari biasa","Ci9DQUlRQUNvZENodHljRjlvT2pCcll6Z3RZMms1TURRNFQxVktWWGt3TkU5R2NIYxAB","https://lh3.googleusercontent.com/grass-cs/ACvplmPQrOEhmSw0arKjrS3_EGL055nUK02TYy3MPVTEMOkdbVzoL-v18IN-1URht_d8A1-f2PWyEKE4FNGrr_60EjAvpb7K2CDhydFxHdBasgux-2IB2NAiAacsc5-O2pxVBJWvSTUYPvBrEFN6=k-no","https://lh3.googleusercontent.com/grass-cs/ACvplmOBp2-rqDYEQxKtTdaZxYFTi3DGqZM3dLTJ7KZswSgOXcv2pV7Xk3RanEcjwQu0pjl4UsMMsdxTvrwPZ4LYITsL050VZCIet_IMQvVIaDbI6QBdbUpFD-oXEwtHZWHsxD9WaueGhUFHzMgd=k-no",,,,,,,,,,,,,,,,,,,,,,"Google","https://www.google.com/maps/reviews/data=!4m8!14m7!1m6!2m5!1sCi9DQUlRQUNvZENodHljRjlvT2pCcll6Z3RZMms1TURRNFQxVktWWGt3TkU5R2NIYxAB!2m1!1s0x0:0x78f8a97e96368af5!3m1!1s2@1:CAIQACodChtycF9oOjBrYzgtY2k5MDQ4T1VKVXkwNE9GcHc%7C%7C?hl=id","100787657881120007853","14","https://lh3.googleusercontent.com/a-/ALV-UjVdOHPOYvS4gCJDUz_Y4eQB4Fg821V8cZS-Tm9ksiRik8ByY5We=s1920-c-rp-mo-ba12-br100","https://www.google.com/maps/contrib/100787657881120007853?hl=id","2039","2026-08-24T04:05:00.874Z","Direct Detail URL: https://www.google.com/maps/place/Umbul+Susuhan/@-7.6442043,110.5980704,17z/data=!4m6!3m5!1s0x2e7a423e8f224f2f:0x78f8a97e96368af5!8m2!3d-7.6442043!4d110.5980704!16s%2Fg%2F11c73mpffs?entry=tts&g_ep=EgoyMDI2MDgxOS4wIPu8ASoASAFQAw%3D%3D&skid=525f3dcf-3097-436b-a0a9-3b0bc8dc4bad","5","Jawa Tengah","Jl. Klaten - Jatinom No.7","false","Alhamdulillah
Akses di jalur nasional antar provinsi
Air alami dari mata air
Sangat fresh dan cool",,"Umbul Susuhan","4.4",,"https://www.google.com/maps/search/?api=1&query=Umbul%20Susuhan&query_place_id=ChIJL08ijz5Cei4R9Yo2ln6p-Hg",
"Jl. Klaten - Jatinom No.7, Dusun 1, Manjungan, Kec. Ngawen, Kabupaten Klaten, Jawa Tengah 57466, Indonesia","11211421739855492727","Taman Rekreasi Air","Kolam renang luar ruangan","Kolam Renang","Tujuan Wisata","Taman Rekreasi Air","8716903439926725365","Kabupaten Klaten","ID","0x2e7a423e8f224f2f:0x78f8a97e96368af5",,"https://lh3.googleusercontent.com/gps-cs-s/AHRPTWmLAC292IyEZxwnxzT96dOfJ11UjIo_SES-giCPaXIIGvN1dIM0IPUoai_HjX-A-ghkSdtSS1C2yNwfiquZWHpYeQGmtVZ7cRnXAC9h2oOiDtx8v22fL3JYHji1o3dEOeCyn_k=w408-h306-k-no","false","true","/g/11c73mpffs","id","6","-7.6442043","110.5980704","umu latifah","Dusun 1, Manjungan, Kecamatan Ngawen","id","false","ChIJL08ijz5Cei4R9Yo2ln6p-Hg","57466",,"3 tahun lalu","2023-08-10T01:57:08.446Z",,,,"Tidak","Tanpa mengantre","Akhir pekan","ChZDSUhNMG9nS0VJQ0FnSUNwczlMNFBnEAE","https://lh3.googleusercontent.com/grass-cs/ACvplmP3nbZcEyaJFhmu4WPix9htGnDDj_DP62rEOM65yavPlYiNGJrmbyRItK-9Yc288s0X0PUHRfyCgDYAA8reEuPls1T2h3QDV2SntJ78qh4v5XDt-fK8OUEqQt4EU0fGorg-rwGV=k-no","https://lh3.googleusercontent.com/grass-cs/ACvplmOGulKM-3WRrxzirIZ-nu4L92cuR6GD1h5ELXLhxLZhWuv0x_VGoWwDyfslI_ZNO3EN6v3d7gJDECaOac4GI-MXO_vqM-7eIZqMDmvxVhGsJNd9r512uT5JSdzQvYVEMShi63fb=k-no","https://lh3.googleusercontent.com/grass-cs/ACvplmMylDnjb7GoYUt_2UqgDb2aTkRKTRko9ZsoAcyjnk7MhG-tlBVMQEokorK1dAVByDJp1b2PRCE1Uj8UtGHo5URhdBSxE5gPxcShvnchs9wPi6D4ak5dg77I9YSzDN3Drjz99M0=k-no","https://lh3.googleusercontent.com/grass-cs/ACvplmME9jRNKILXCc4Ik6k8gND9n2l4E11aJMgiulS2IwrfE55QQmhMMM-TYdIUZyEsIOoHqmcCUGH3ScTIhprKPmkhrl7DE4OinyR7jgVM_pW23xluTzRLDOaC22Up6mxtzz2vb_4JDw=k-no","https://lh3.googleusercontent.com/grass-cs/ACvplmP2W8Fu-HRKrVeVJzc19_qxvzg33d-UjhECT8V8Iy31tmZBoBRHHnJVV9ngf3e5wucIID106Mm_FePoT6GidWjM2CY3SOzWxuAaT9JNyTXqSvqZe1izpiadDT0xcvU1vhU_5hPR=k-no","https://lh3.googleusercontent.com/grass-cs/ACvplmOuycbngW7HgR9NdHBVykOdBZzT0ubYsEp-s-EobLZe24ldKiqvNyRDSKX0HgKjyQtSgegn-DI8D3so6c4LJKNSMFGh18c9htZZGyTpjQCtDcedNbNEMOwgqaQoL8imZKH4OQy6=k-no","https://lh3.googleusercontent.com/grass-cs/ACvplmNBatDRBI0x4-0D2f18sSYHJVO4VLublzLQ40jr9qgobzmj4a26rcwpl9DHxIyrZ65GJsfdG56fswZrv9RYjclyzO3MAu_d70EzIyGGHVXodSQO7SfX7t_fznfKvfFjdbNIHkI=k-no","https://lh3.googleusercontent.com/grass-cs/ACvplmP48qScIT_ja-R1W9UQjpfRWwLQc_40fZ6UfQPqT15cmsjlvW021EuDbL_3jeZZZgRE-hMR3LVRyU0EJcMAbZrcQvYyYTB9yAX31ey3Pdb-WpPGjCD8ygywprVwXBNnOSWfqMZy6Q=k-no","https://lh3.googleusercontent.com/grass-cs/ACvplmMCWylq15UzDLGtfkTVNt0e8fiBECydzHqR7cz_vRZaFWjdmYvdA7__EcpowDvkql9IlMjk2VFc5QKYG5driPEhW8VY5tRbyM53va8hKaVji0IzuVvfBHFa70oLv4vKNUtcVlU7=k-no","https://lh3.googleusercontent.com/grass-cs/ACvplmP0aI9G09iBUUwZPgJtoJFVsEAOabJC28psko8bmihTHEaTWt4-3lHrpObh2dTdmXiy97vFjoA63vFlMTCRr7N05KKr1_oMD_mZOadQkf2fpyJmP1s9BFcTRBHrm5BxMMitzuWtrg=k-no","https://lh3.googleusercontent.com/grass-cs/ACvplmMCCE4bBsMnOmEDBc_dDQFV94UrKAXk7RjoVYak0yr4HbKFHgWK7pe_44rMnihucy6tJDlchQH_-MAJnRmbdJVqKbVtCFNbaYuijOSzCaKLtOTpP2QJRohyxjOB5kimMpmNgtNSTg=k-no",,,,,,,,,,,,,"Google","https://www.google.com/maps/reviews/data=!4m8!14m7!1m6!2m5!1sChZDSUhNMG9nS0VJQ0FnSUNwczlMNFBnEAE!2m1!1s0x0:0x78f8a97e96368af5!3m1!1s2@1:CIHM0ogKEICAgICps9L4Pg%7C%7C?hl=id","106195963467475709717","90","https://lh3.googleusercontent.com/a-/ALV-UjUDKM3dnZrxw9gj8Wl5l0iCl5Vv9-ZivdWruu390_qJ0UrDg--z=s1920-c-rp-mo-ba12-br100","https://www.google.com/maps/contrib/106195963467475709717?hl=id","2039","2026-08-24T04:05:00.874Z","Direct Detail URL: https://www.google.com/maps/place/Umbul+Susuhan/@-7.6442043,110.5980704,17z/data=!4m6!3m5!1s0x2e7a423e8f224f2f:0x78f8a97e96368af5!8m2!3d-7.6442043!4d110.5980704!16s%2Fg%2F11c73mpffs?entry=tts&g_ep=EgoyMDI2MDgxOS4wIPu8ASoASAFQAw%3D%3D&skid=525f3dcf-3097-436b-a0a9-3b0bc8dc4bad","5","Jawa Tengah","Jl. Klaten - Jatinom No.7","false","Air di umbul ini sangat jernih, karena memang berasall dari mata air asli.
Pas kesana, tempatnya juga tidak suk-sukan, walaupun lumayan rame.
Ada banyak sekali pilihan tempat untuk renang.
Ada yang khusus untuk perempuan juga. Jadi beneran worth it untuk dikunjungi.",,"Umbul Susuhan","4.4",,"https://www.google.com/maps/search/?api=1&query=Umbul%20Susuhan&query_place_id=ChIJL08ijz5Cei4R9Yo2ln6p-Hg",
"Jl. Klaten - Jatinom No.7, Dusun 1, Manjungan, Kec. Ngawen, Kabupaten Klaten, Jawa Tengah 57466, Indonesia","11211421739855492727","Taman Rekreasi Air","Kolam renang luar ruangan","Kolam Renang","Tujuan Wisata","Taman Rekreasi Air","8716903439926725365","Kabupaten Klaten","ID","0x2e7a423e8f224f2f:0x78f8a97e96368af5",,"https://lh3.googleusercontent.com/gps-cs-s/AHRPTWmLAC292IyEZxwnxzT96dOfJ11UjIo_SES-giCPaXIIGvN1dIM0IPUoai_HjX-A-ghkSdtSS1C2yNwfiquZWHpYeQGmtVZ7cRnXAC9h2oOiDtx8v22fL3JYHji1o3dEOeCyn_k=w408-h306-k-no","false","true","/g/11c73mpffs","id","4","-7.6442043","110.5980704","Faqih Addien (Faqih)","Dusun 1, Manjungan, Kecamatan Ngawen","id","false","ChIJL08ijz5Cei4R9Yo2ln6p-Hg","57466",,"3 tahun lalu","2023-05-01T08:32:19.229Z",,,,,,,"ChZDSUhNMG9nS0VJQ0FnSURSelotLVR3EAE","https://lh3.googleusercontent.com/grass-cs/ACvplmMHElma8sAXlzuZkARxodk_xUVkjfQN2-pAVlbmzUVkQXpn35tIt7O11L2kquYCr2PCLQ_9n7QuUJrkzO4pchW4JotcPqgy7qCykuMlV03cOYPL-7PK4laXLx4C9rqRqZJe8L3RtA=k-no","https://lh3.googleusercontent.com/grass-cs/ACvplmMFo6Uvrey0i85Pys5B7FZ8WQGfWpKWkN2rjcpDqTQ88O0ctxMf5Ggepo06f4u5EfJkWXW7NosfmbtN6CQijGHY57KeFKdcRjB068XENj9HBAjSGmRs4qH7ii5CgpDxEjNKA8c=k-no","https://lh3.googleusercontent.com/grass-cs/ACvplmM22aHlG1bavN3HttfNL_LkYLZA6KY69miF-3-K0e8OuZRWjMNMBjFOyNWx4oEPSpWuve5oNTfdLzK7IGIbNRBwJXxeUKdwldcY96yOkpmpMWseMu7r7Do11MaZ3AXQzl3oxpbOUA=k-no","https://lh3.googleusercontent.com/grass-cs/ACvplmNRvOvZm-cGP844FsGlme3-mmAwkrfMEIMbdfwwLdA_QvANjQOCJ-nmv2_lL2kzKXgLyAyK-C6kyr9pJfSe5I7TIORgT4RdQLy-Wqf_sdyqwDLtSPtgGNaz1738pNYxlvhd_Ow=k-no","https://lh3.googleusercontent.com/grass-cs/ACvplmNmR3mvV3KtJdR5mVMAcW255KjI8BkruFE3S0_Qo5DrxeJrwFAYsOgtAr3FEGK9KixbzGwQK2uq9HKzPz_LC6z4TDS9gLvlEBWk10gg6RtuMsHhi8mZYsBrI6v3mP9o_UUlC6Qw7A=k-no","https://lh3.googleusercontent.com/grass-cs/ACvplmMJhvTeKFY_0suAl0EFhZLMnQ4iHBOY_1cPT1KmZ6s_tQeDl7yFli5gbs9pnHDvr6Lr_Iu_g6LAU7X7goIkeuh33dR59x0MxeS3RBU-5nNUdIwbj2FPp952MJGwmtwaUxGCHuiR=k-no",,,,,,,,,,,,,,,,,,"Google","https://www.google.com/maps/reviews/data=!4m8!14m7!1m6!2m5!1sChZDSUhNMG9nS0VJQ0FnSURSelotLVR3EAE!2m1!1s0x0:0x78f8a97e96368af5!3m1!1s2@1:CIHM0ogKEICAgIDRzZ--Tw%7C%7C?hl=id","111694172718055980210","167","https://lh3.googleusercontent.com/a-/ALV-UjWJf9KQl6SsYRezEJ7w7804GZ2A8zIRE7t7ncLjDDl2T-qf31BV=s1920-c-rp-mo-ba12-br100","https://www.google.com/maps/contrib/111694172718055980210?hl=id","2039","2026-08-24T04:05:00.874Z","Direct Detail URL: https://www.google.com/maps/place/Umbul+Susuhan/@-7.6442043,110.5980704,17z/data=!4m6!3m5!1s0x2e7a423e8f224f2f:0x78f8a97e96368af5!8m2!3d-7.6442043!4d110.5980704!16s%2Fg%2F11c73mpffs?entry=tts&g_ep=EgoyMDI2MDgxOS4wIPu8ASoASAFQAw%3D%3D&skid=525f3dcf-3097-436b-a0a9-3b0bc8dc4bad","5","Jawa Tengah","Jl. Klaten - Jatinom No.7","false","Umbul paling sering saya kunjungi sejak zaman kecil sampai sudah berkeluarga saat ini.

Top. Rapi. Bersih. Terawat. Terutama bagian mata air/sendangnya yang asli. Airnya segar dan bersih.

Ada kolam renang 2.5 meter yang bisa digunakan oleh yang sudah mahir berenang, bisa untuk latihan menyelam.

Warung-warung di dalam juga lengkap.",,"Umbul Susuhan","4.4",,"https://www.google.com/maps/search/?api=1&query=Umbul%20Susuhan&query_place_id=ChIJL08ijz5Cei4R9Yo2ln6p-Hg",
"Jl. Klaten - Jatinom No.7, Dusun 1, Manjungan, Kec. Ngawen, Kabupaten Klaten, Jawa Tengah 57466, Indonesia","11211421739855492727","Taman Rekreasi Air","Kolam renang luar ruangan","Kolam Renang","Tujuan Wisata","Taman Rekreasi Air","8716903439926725365","Kabupaten Klaten","ID","0x2e7a423e8f224f2f:0x78f8a97e96368af5",,"https://lh3.googleusercontent.com/gps-cs-s/AHRPTWmLAC292IyEZxwnxzT96dOfJ11UjIo_SES-giCPaXIIGvN1dIM0IPUoai_HjX-A-ghkSdtSS1C2yNwfiquZWHpYeQGmtVZ7cRnXAC9h2oOiDtx8v22fL3JYHji1o3dEOeCyn_k=w408-h306-k-no","false","true","/g/11c73mpffs","id","1","-7.6442043","110.5980704","Yunan Mumtaz","Dusun 1, Manjungan, Kecamatan Ngawen","id","false","ChIJL08ijz5Cei4R9Yo2ln6p-Hg","57466",,"Diedit 2 tahun lalu","2024-02-12T09:43:36.520Z",,,,"Tidak","Tanpa mengantre","Akhir pekan","ChdDSUhNMG9nS0VJQ0FnSURHM1BhUHFBRRAB","https://lh3.googleusercontent.com/grass-cs/ACvplmNCEaJ-euj1IVYY5P8ywEMqHzh-YW95W6iT-AaOJ7IAuhhfDiawZRsVvo4yLttpVGkEZna-dY4pAT_empcfg0v8jsFYX0JVf1VGccDv-Nq4GgryNQ78bXaYnPgswfdEbifv5sO-=k-no","https://lh3.googleusercontent.com/grass-cs/ACvplmMd2K8oeYdZ7Ny238ikaL2b0UF1fyzj-rsPfCYVyeH_XHx_TmNQ0KOpStLE40e_LaziKzxaA5VOqiz5zATOKY7FUblgLnwBXWwQLNcXATM4CN8xGOxHQ4Ur4UdQs5rAHx-PIfXfzw=k-no","https://lh3.googleusercontent.com/grass-cs/ACvplmPh9ilp_wlw4J7d2rlZQiRNydsHbk6jzkQulSl3cS450dOOZLz2x15LTE3FqwC1idLCnK4n0rCvsnkupI6tTmdQkbnvBeTPvpnu1xnU8yuPt7qrwcFKZDVIIj3w8yUxa1pV_y2mww=k-no","https://lh3.googleusercontent.com/grass-cs/ACvplmORZtliG8jQ8zFijlUcK7BnW6KWc6NVNF9jLSIYh7s5HMQY4GFK-njKVJedl_-7b4BZV-3jtq2ZCflD0DukfJMaRyTSjl1qPTUoiB0-1vJC24nzxSsljPtZ-_duIJeVtEJNEOBo=k-no","https://lh3.googleusercontent.com/grass-cs/ACvplmM-89lz6MPDZQakPeyjJ4ZHrV6Hnj7SHakjEArNQIO5RpPomddVyu4Djt-nuItT_XT6QGL4XGMnsSu498Y3O7dUrfcgMj9mMaaFNWmlfyJQkNMrw-bpUwo7DzMdlJiz_n-JqwoOtw=k-no","https://lh3.googleusercontent.com/grass-cs/ACvplmMJlnivz0DmqDKsP6H9lCv0MH9NV9ndY8yW2mw0etBvxASU9KLVib7AeEJhi2hYqT5HNt1cHbPpPwtCuGUrBLZjxsbtgLI1cCReulLevBzgOKfDQ7uUKLMGbVGzIHn_b23cbr8o=k-no","https://lh3.googleusercontent.com/grass-cs/ACvplmP35RZJEy0Ze8gYbz7VTFNGUx2TvDRu94auE2UYjZf7LiG3h42FLgL1QeSakgLWUI7AmaNuvXsB22TUdvkk5BfzvmZR9YYa5c3IH8U8b593F_ID4DmbhuwoxQGWz_DUXx270vtoBw=k-no","https://lh3.googleusercontent.com/grass-cs/ACvplmO778V2x7EfSVCCq6iN56k0Oz17yDgd0_dSWLEzwXog9XXaxNfn281lf7YGeyasCe4ltQMf0OTVLUY6wvLOktAfJTtScMNANRXy4AB66thp3Pd9GRTIPDtb3z_l8p3mX_kXvCCb=k-no","https://lh3.googleusercontent.com/grass-cs/ACvplmPhaPaVCPpCOuIO1ujK3J6P3HrHRHY-OyI_bBfIoURNPDwwSAPfwQsxH4Z2LRpc0f3l13FzdZVBG77T5hWEkJKxoz6wUyGC__3weVL6ffkouiwRhZ7ZhpmsKJ1M6CHOguhB7QdcSg=k-no","https://lh3.googleusercontent.com/grass-cs/ACvplmNjqpIEgyLKdOt34LqDt5EyToJuFMbevEC26hQpKRNnxwIpMn8KGJsS9-gkaZwaOBlUP_kAzYumIPdW8An76pf8fQNa7_cu2TjooF9R4dV8irzWVeZeIlLhiMndviT3IAG4tAtJ=k-no","https://lh3.googleusercontent.com/grass-cs/ACvplmPYxwkfl3xqzB2vMsV5_nSJeT5rQUVgXQUCHv_nBf0lQMoVZdNTOB8tquUsYpaz4VawUrJ0VZLllYfvUV6CjMFFisDNDXvzTMtoz_NRjHWX5ocjhHX-lH7USw1sI-qVl5lkDAy9-w=k-no","https://lh3.googleusercontent.com/grass-cs/ACvplmPT9nherfKhkgNOzP_KQVKIBoCIG8mIFl5lG8KnjdVUJF-29o4J1ru4BrbcyIgoIcSXsCHrVZALsoY_Elo3hAMsnx5lor6ekwKD-42beHASDZ-KfBr2yeeGikFIyDoMqhJGk1Pc=k-no","https://lh3.googleusercontent.com/grass-cs/ACvplmM4lHfOHYEh1TiJuGRZWUi4DSdz8nylPaBUkqZtuPQCF21nCHkYQBeCWyJWe9GIeGq8Ew-_-fEBtxFC-s7MCiAFQc1Iz6PMy8TqY_6dSwy8y9Fh_wGmWy3tHlbgF0eYqZmogf9vmg=k-no","https://lh3.googleusercontent.com/grass-cs/ACvplmPbL_ksBxZ-nJ3MkLh_gLXyuclhMi_hzrvTDR3CikywZjfwcPOxcviKt98ZSG1iKPNX9MoTyIhBcrLWgc-hsjY7E5xO8d7RhPd9ET5OSWMs3Qcs1FIr2e5eJTGlXj994zh2Nl9o=k-no","https://lh3.googleusercontent.com/grass-cs/ACvplmOhK3Txc8H7MHQw-ODgVpgPzOkutbhwrNZq9aYWTy1HVTuqZ56op_xq0PrYOxFoNm4vrVxzOoFIG57tx6GjTef49qRAVrhHeAG4BJU0oGwlgRGK7u7HT1vaugeZf69iOe_1AVUjaQ=k-no","https://lh3.googleusercontent.com/grass-cs/ACvplmOZMhDbQR96qxBrotMe1q5XvN6dTQSaNEdvXeWOVeafBYaZwV2jz5dWWhAvJTzZhdtQ0X4TRjGF0JO4b_4aOPpG-mHYjf1akRWF_K3BUIurWGfZ3zP0zqPfBPcFJm7gLXWWedY=k-no","https://lh3.googleusercontent.com/grass-cs/ACvplmPmUoH75Hz3BXparSKm-i7o0ER17Tm9Cd1CueKJO6y33Hr9WkDAAJBvcXGgYz1HZTxTFHB17pF6v_CBDGoJl1dqOlURzvkJGJyww0csihgVMTP99BkFmB_ygodnqdW8Q0WBpsH5Ew=k-no","https://lh3.googleusercontent.com/grass-cs/ACvplmPc72pW3TckoP3BK5b3AAvPSQ4TcBQxv1qjMb6ywTCZnP9mkhg6aU1VC6xMwuiAQOplgoEW1B8MenRakJAMLCueXBz8RFFthbiknRnb7NIoYG3SeD4trn3nvlYB6vhIu2owcSM=k-no","https://lh3.googleusercontent.com/grass-cs/ACvplmOJrmFRRYzNnpGvsPck_Nlap6CIfqtk19sF_LNA3pn-aQxck8QCLJ0QvSB2_VRRSf2CxMZRoVa7IO1LLKrdVXaRVlJr1liKJbmzmrcUgENCkQCetMeRBCv3336BABM_i6U_jp99=k-no","https://lh3.googleusercontent.com/grass-cs/ACvplmO_LlSEleRteuTws2UP9E1TpsdzLl9G22gBwVFk-qeGl0FUSOsigbS8gccRpWNSigp8-GrA1auhrAXhSC9H2fXH7jOaZgYb33jaCEgiezUV5OIq_5iycS41aePzp_liREm4VKLF=k-no","https://lh3.googleusercontent.com/grass-cs/ACvplmMVYn9VGvvH8VKO3Ls90zNrMKuI48S0lw4MkQzadIRS93UqZb_WAySdII_Lp0rMeQQz01EvDmkc-pU-RmShg6MZeyQ5OpTuISCeS7MRQE1CZnLVnvz79gn7WEdlg1ve2Yp7jLJnFw=k-no","https://lh3.googleusercontent.com/grass-cs/ACvplmPI9UqwU_IbXXeNgVem8dlxeJm8cAec4-pDPp0je7b95fMpCCdxkYej0k80VXnpOogP7pYcs55K_9L60C_TE6JWkTXmFwnNfWe6CZSIyimmqAXAvapYoGx2j3nczrZO3GRhHbAiSg=k-no","https://lh3.googleusercontent.com/grass-cs/ACvplmN9N1m1hfAEtKN5d4Eipxk1ZQQ89127RFMCHALq_xbZ18K-PMVi4tyvr4I4Nol2FrNrCNkw0lq9oGjJXnXuStIRerMgHT9SkBR-Kup_iUGhnMRS0Kht4X1mz9IbEj8MqjDeLRVQ3Q=k-no","Google","https://www.google.com/maps/reviews/data=!4m8!14m7!1m6!2m5!1sChdDSUhNMG9nS0VJQ0FnSURHM1BhUHFBRRAB!2m1!1s0x0:0x78f8a97e96368af5!3m1!1s2@1:CIHM0ogKEICAgIDG3PaPqAE%7C%7C?hl=id","102874795025636591144","211","https://lh3.googleusercontent.com/a-/ALV-UjUKDjb2mo_TYbSN1E_psHeinVCW__NML9W7_sWfs-SxqQ6u6s2Y=s1920-c-rp-mo-ba12-br100","https://www.google.com/maps/contrib/102874795025636591144?hl=id","2039","2026-08-24T04:05:00.874Z","Direct Detail URL: https://www.google.com/maps/place/Umbul+Susuhan/@-7.6442043,110.5980704,17z/data=!4m6!3m5!1s0x2e7a423e8f224f2f:0x78f8a97e96368af5!8m2!3d-7.6442043!4d110.5980704!16s%2Fg%2F11c73mpffs?entry=tts&g_ep=EgoyMDI2MDgxOS4wIPu8ASoASAFQAw%3D%3D&skid=525f3dcf-3097-436b-a0a9-3b0bc8dc4bad","5","Jawa Tengah","Jl. Klaten - Jatinom No.7","false","Airnya segerrr, tempatnya bersih, petugasnya ramah, kamar mandi mohon untuk gantungan baju nya tidak ada. Lampu kamar mandi sudah banyak yang menyala, hanya pegangan pinggir kolam banyak yang lepas mohon untuk segera diperbaiki untuk kenyamanan pengunjung",,"Umbul Susuhan","4.4",,"https://www.google.com/maps/search/?api=1&query=Umbul%20Susuhan&query_place_id=ChIJL08ijz5Cei4R9Yo2ln6p-Hg",
"Jl. Klaten - Jatinom No.7, Dusun 1, Manjungan, Kec. Ngawen, Kabupaten Klaten, Jawa Tengah 57466, Indonesia","11211421739855492727","Taman Rekreasi Air","Kolam renang luar ruangan","Kolam Renang","Tujuan Wisata","Taman Rekreasi Air","8716903439926725365","Kabupaten Klaten","ID","0x2e7a423e8f224f2f:0x78f8a97e96368af5",,"https://lh3.googleusercontent.com/gps-cs-s/AHRPTWmLAC292IyEZxwnxzT96dOfJ11UjIo_SES-giCPaXIIGvN1dIM0IPUoai_HjX-A-ghkSdtSS1C2yNwfiquZWHpYeQGmtVZ7cRnXAC9h2oOiDtx8v22fL3JYHji1o3dEOeCyn_k=w408-h306-k-no","false","true","/g/11c73mpffs","id","3","-7.6442043","110.5980704","Hanum NurTriEf","Dusun 1, Manjungan, Kecamatan Ngawen","id","false","ChIJL08ijz5Cei4R9Yo2ln6p-Hg","57466",,"3 tahun lalu","2022-10-24T11:06:45.152Z",,,,,,,"ChdDSUhNMG9nS0VJQ0FnSUMtd092SnlnRRAB","https://lh3.googleusercontent.com/grass-cs/ACvplmMorNMX76YqMWhWXNCkr8tUvOryw2MCR_tzI84TVao_HQcaZuzsR8ekBs0R5yeTe04Eo5ccDSBeeuUHNqXjxarHbd-CqkNphsCCUo3lQ-6n19Gb1wJUX0ok7kmwgHZDRGocqRk=k-no","https://lh3.googleusercontent.com/grass-cs/ACvplmMDyvVv1t7lZdcNQPgmbvU8EHYTtJcj2C20qZ6wg31cdTGEySoKKDdBokEC2b62zkxdWgAnZfLGlVGDP7M7LQO8qPwdnbLQN52Y3L84sEhkvVWenR3UEBDMoIU4YXNhoshFig-LHA=k-no","https://lh3.googleusercontent.com/grass-cs/ACvplmMT6BOPrxVELUapcL6k33HHW0o7PdoNnpFi4kbn-yOryYH8OcKtqSRj1sWBZRM7ywCxr0msflpyCN-KbYWn4SfxeQh75EaP9VXI_Z6lUfNVnE4YR-vir956l29HIzJSJ27WPC0c=k-no","https://lh3.googleusercontent.com/grass-cs/ACvplmMyfKbi2tgD3GgBoM5DY_b7M6Rd0mYilV_uG5dBGdgcAB7WbqyalfdAcsRvNA9Ul8SHs7JRydq_5aOLNLrOJtFOjYgQXov5VX3Zjm2vFeibp0RgNQXT4q-6Gjn50SkfeNPGf2F16Q=k-no","https://lh3.googleusercontent.com/grass-cs/ACvplmN-Q1kKOs5_nbGwCvrOXeMuFyrNDD3cZIsw_BOoJr6xNQxX-ED9iYPTB7nIVQwWg9rrtP9IjQQrIOVz9YOr2uTZwfriHWARiBuag-bI530wMUOO51FXtmMmnwzeVNvah3YK4IGW=k-no","https://lh3.googleusercontent.com/grass-cs/ACvplmOzUnMMnTECnUWEfHlbtf8vIa_UHUp1GDVDS-8kWVp0uSBulvvgOrOyRv-enp__iG6VCCha1ho7Ni9jSRtmHsVHTz5DLBXYNECrjRfKYiwZV4AQl219lT3eEUYQpMAB_70Dahpj=k-no","https://lh3.googleusercontent.com/grass-cs/ACvplmNpLmbkoMMjAI2RsUWEjOEbYJU_OhTXGye2N04yCHB_QWpRe4GW0Io4ssF-L2lMD_5PpqgWPqPU7rK9nCs5dWsPSBXfku4HLP9vHCAizq7p7bgdELlIdTT-oIVljV7XbuEaZx23=k-no","https://lh3.googleusercontent.com/grass-cs/ACvplmMyRSFbxWkRe7itYK0DWTQJprWawC39dD1YVvwEYuURhUwHLX7EEgYbF6mugXB9wbrzeJP4P6-amSoAfKGASjE9q7XHHYjziZgSJf-Pzi1vpXWXtJbtEDXVQRbqpKv0g_lZKxb2pQ=k-no","https://lh3.googleusercontent.com/grass-cs/ACvplmPLS2ZzeFKd9GWZt3YJz3_6sCwCrpjQ1S7JWQsf_e1PGWQH4n8GTSm05Jd3T6dHMZs5cezrlDLvOhGd6nBldabWkzKk3PfTR4SVQvubewXkF4LEEK3JXaGK3XtqVPJAn4ZsxKvP=k-no","https://lh3.googleusercontent.com/grass-cs/ACvplmPb1W7VFZ9LWmkBWZ-ZjLVndrwbwEDmTCAHu3iPLmk0P87SwqibF9kzEmUkS8TCwtVkpL3ynSMS1ppsV0UN7pVM70NARsRzmEgajPAD2W3AIN9y9qwdl5yUoBYeeaKyYQwjpcWsUQ=k-no","https://lh3.googleusercontent.com/grass-cs/ACvplmOWY8A31H51ejMyxLf0Xyo8kgskhpTVFq4TAAtAUV9F3MBE5gkl2PwKPkHzLgrXvZR_4HZWq4Ugjxc617JIo5iqOXt94-dHViw0jsZvn_wZqCrY0ENNeUoe8zaeDphxCGU0YccL=k-no","https://lh3.googleusercontent.com/grass-cs/ACvplmOHLhckLxJ9q9WNuby4dc4ONHvga-Zbo5jJIXxfVXbs120uI3YiRcA4IMA0wNmgIyGYdAnsgJf4CQ6yrBxVE0mVUva3n6z2imvWqKMP4oZveugfGeLaryMNVEh67Pg5d98OjmvG=k-no","https://lh3.googleusercontent.com/grass-cs/ACvplmPNNNIpNpf3XAjxUKv9hec3fzSNgMQTu0sOB1lWV4qC3O03yQNNVQPMCfH-BuSokVHjLidag361XBlFWzjhzaR2fiZNpxIfZXAK0M15OCGvFmvybA6NkSzxP2HCCxXIT8QaNyX5=k-no",,,,,,,,,,,"Google","https://www.google.com/maps/reviews/data=!4m8!14m7!1m6!2m5!1sChdDSUhNMG9nS0VJQ0FnSUMtd092SnlnRRAB!2m1!1s0x0:0x78f8a97e96368af5!3m1!1s2@1:CIHM0ogKEICAgIC-wOvJygE%7C%7C?hl=id","108126509805993267626","325","https://lh3.googleusercontent.com/a-/ALV-UjXHsRcDg7vqWG0Tu6vOdHwNOYgKrLTaFbO95lpuYsFQdqQYNYT6Yg=s1920-c-rp-mo-ba12-br100","https://www.google.com/maps/contrib/108126509805993267626?hl=id","2039","2026-08-24T04:05:00.874Z","Direct Detail URL: https://www.google.com/maps/place/Umbul+Susuhan/@-7.6442043,110.5980704,17z/data=!4m6!3m5!1s0x2e7a423e8f224f2f:0x78f8a97e96368af5!8m2!3d-7.6442043!4d110.5980704!16s%2Fg%2F11c73mpffs?entry=tts&g_ep=EgoyMDI2MDgxOS4wIPu8ASoASAFQAw%3D%3D&skid=525f3dcf-3097-436b-a0a9-3b0bc8dc4bad","5","Jawa Tengah","Jl. Klaten - Jatinom No.7","false","Kesini hari senin sore berasa kolam pribadi 😅😅
Tp sayang gak ada penjual di dalamnya mungkin pd libur..
Airnya dingin pol..
Kolam sangat luaaas.
Yang perlu ditingkatkan hanya kebersihan aja krn masih ada sampah bbrp puntung rokok gitu sy sangat alergi 😭
Kamar mandi udah cukup bersih dan nyaman.
Harga tiket masuk 10 rb.",,"Umbul Susuhan","4.4",,"https://www.google.com/maps/search/?api=1&query=Umbul%20Susuhan&query_place_id=ChIJL08ijz5Cei4R9Yo2ln6p-Hg",
"Jl. Klaten - Jatinom No.7, Dusun 1, Manjungan, Kec. Ngawen, Kabupaten Klaten, Jawa Tengah 57466, Indonesia","11211421739855492727","Taman Rekreasi Air","Kolam renang luar ruangan","Kolam Renang","Tujuan Wisata","Taman Rekreasi Air","8716903439926725365","Kabupaten Klaten","ID","0x2e7a423e8f224f2f:0x78f8a97e96368af5",,"https://lh3.googleusercontent.com/gps-cs-s/AHRPTWmLAC292IyEZxwnxzT96dOfJ11UjIo_SES-giCPaXIIGvN1dIM0IPUoai_HjX-A-ghkSdtSS1C2yNwfiquZWHpYeQGmtVZ7cRnXAC9h2oOiDtx8v22fL3JYHji1o3dEOeCyn_k=w408-h306-k-no","false","true","/g/11c73mpffs","id","0","-7.6442043","110.5980704","decki putra","Dusun 1, Manjungan, Kecamatan Ngawen","id","false","ChIJL08ijz5Cei4R9Yo2ln6p-Hg","57466",,"11 bulan lalu","2025-08-25T05:01:31.722Z",,,,,,"Hari biasa","Ci9DQUlRQUNvZENodHljRjlvT2xCdFJtNU1VVlJ3U21aUk0wY3lNMkpJU0ZKUU9HYxAB","https://lh3.googleusercontent.com/grass-cs/ACvplmMBM7pyx_8hPNxChUg_QtFeac5YQcd6YYc3maTOkh2MgVe7W8Pf7fPgrAbDJNuAwlFXVnj3DITZg0WW7kWG7iZ127WbaLHcott5T459nUt8w1vOzerlft8oStKMBUVmPuTtCWFA2hn9NP4=k-no",,,,,,,,,,,,,,,,,,,,,,,"Google","https://www.google.com/maps/reviews/data=!4m8!14m7!1m6!2m5!1sCi9DQUlRQUNvZENodHljRjlvT2xCdFJtNU1VVlJ3U21aUk0wY3lNMkpJU0ZKUU9HYxAB!2m1!1s0x0:0x78f8a97e96368af5!3m1!1s2@1:CAIQACodChtycF9oOlBtRm5MUVRwSmZRM0cyM2JISFJQOGc%7C%7C?hl=id","116308529401562826571","92","https://lh3.googleusercontent.com/a-/ALV-UjW30gUIT0phH0L5kCiASsg3CHDwymRZn04tSiIx1XveIMH0mtW2=s1920-c-rp-mo-ba12-br100","https://www.google.com/maps/contrib/116308529401562826571?hl=id","2039","2026-08-24T04:05:00.874Z","Direct Detail URL: https://www.google.com/maps/place/Umbul+Susuhan/@-7.6442043,110.5980704,17z/data=!4m6!3m5!1s0x2e7a423e8f224f2f:0x78f8a97e96368af5!8m2!3d-7.6442043!4d110.5980704!16s%2Fg%2F11c73mpffs?entry=tts&g_ep=EgoyMDI2MDgxOS4wIPu8ASoASAFQAw%3D%3D&skid=525f3dcf-3097-436b-a0a9-3b0bc8dc4bad","5","Jawa Tengah","Jl. Klaten - Jatinom No.7","false","Anda sakit syaraf kejepit?radang sendi, atau keluhan otot. Mari ikhtiar kan kesehatan anda renang di Kolam renang susuhan.pilihan kedalaman kolam beragam. Buka tiap hari. Pelayanan loket dan parkir yg ramah murah senyum. Coba dan rasakan  pengalaman anda. Tersedia kolam khusus akhwat",,"Umbul Susuhan","4.4",,"https://www.google.com/maps/search/?api=1&query=Umbul%20Susuhan&query_place_id=ChIJL08ijz5Cei4R9Yo2ln6p-Hg",
"Jl. Klaten - Jatinom No.7, Dusun 1, Manjungan, Kec. Ngawen, Kabupaten Klaten, Jawa Tengah 57466, Indonesia","11211421739855492727","Taman Rekreasi Air","Kolam renang luar ruangan","Kolam Renang","Tujuan Wisata","Taman Rekreasi Air","8716903439926725365","Kabupaten Klaten","ID","0x2e7a423e8f224f2f:0x78f8a97e96368af5",,"https://lh3.googleusercontent.com/gps-cs-s/AHRPTWmLAC292IyEZxwnxzT96dOfJ11UjIo_SES-giCPaXIIGvN1dIM0IPUoai_HjX-A-ghkSdtSS1C2yNwfiquZWHpYeQGmtVZ7cRnXAC9h2oOiDtx8v22fL3JYHji1o3dEOeCyn_k=w408-h306-k-no","false","true","/g/11c73mpffs","id","3","-7.6442043","110.5980704","Wanaboe","Dusun 1, Manjungan, Kecamatan Ngawen","id","false","ChIJL08ijz5Cei4R9Yo2ln6p-Hg","57466",,"8 tahun lalu","2018-06-28T02:22:30.953Z",,,,,,,"ChdDSUhNMG9nS0VJQ0FnSURBa2FyTnhRRRAB","https://lh3.googleusercontent.com/grass-cs/ACvplmPGAeWBLYaLXMOYWNS_4kbjscbN1RmGyItguASWogXiCpEl5QIaTBNe-1MLNsPmifqi6j0barqhcQvjGFCV2xg_h1kCE93wLDOTJMVrPwEpkVJS8CcWQDGtaOrLZeK1DAOAV2XXFg=k-no","https://lh3.googleusercontent.com/grass-cs/ACvplmNXntdGI1ubXOavHhXRg2PTQnHkRMpMPFUhfAqFTjiPpwLeIJYf1Zx4DznGQjfTQpgjJa96w_WZNT1BEkrmLKU5h9bkPnvpxyFNgClPxcOlLgeDU07C40XJsl6951zzHtYBt0fp=k-no","https://lh3.googleusercontent.com/grass-cs/ACvplmPAUO-UqRWjgXAGw9Cip92Gbh4lMkLAY_a3OS57hjbZ8Koy_IkBT97zW1lNrs4AkWlZ6JwC3rRkCiqRUiFqX2L8WP6pN9QKv-WuZ6-_jfsF-56f_cVFCryrchpdHemtYKlX_-TcPw=k-no","https://lh3.googleusercontent.com/grass-cs/ACvplmMshmz2r_JeTKG5SgKtlpQT-BTSs-Ocr5RosuUy6BuhMWTlt9uk3qXQhlf7jaiKczaoVrakPz_TNvGLGxH4zLcrK8Teq8Qk2tWlu6YJT6r61B3Y2A6jPClE0MSQRL2M5_KI5RQ=k-no","https://lh3.googleusercontent.com/grass-cs/ACvplmPDyyfB98SPkNsRE0ziTPEpVh11WMhf2bDVvhuhHf6-cErNGkzOMOfi5i4aTkI6hPpsdFerhGkEy95Lfo8ySQ1pjsbNfHmAosddXiUW0cTeMEPb4nEiFiYTmtIwdYXRCS0H2I9f=k-no","https://lh3.googleusercontent.com/grass-cs/ACvplmPQEIymyf9kHXOjYlvdRl3wZX0RmzSCfN81AuByjrkTimDAOC6jaryZD1bm5w2axfbl8Af0-TI6uG1FA5d3vPM2XPX4cafi42RljANq8zEls_S3TNHGcCHJUz8imMIzrx91yXc1=k-no","https://lh3.googleusercontent.com/grass-cs/ACvplmNRNFb_hRhVoagP6GtHu_65z0wMyWRjCxLITP8uctMPqDzAmAlTRP7K-5cNO9dFiH4prAA0Z4JcpFDC5m1BUM6dnmfFnSzLbRlIZDm11PTKoVyNZ0LMG722x_DWI6VyHIgn62fu0A=k-no","https://lh3.googleusercontent.com/grass-cs/ACvplmMocsfcmUStDEnYVsKCfgrWNfNQtYml-fc7rLNzQ9W-hl9la-uzJldCoXCDAe3B4EOGWLCHL6FVY-zGuCc5fKeYw43v7vPZs-egfn6OjhTQQho7dBgUwzqc5s6KqX6RgpIuXRy2=k-no",,,,,,,,,,,,,,,,"Google","https://www.google.com/maps/reviews/data=!4m8!14m7!1m6!2m5!1sChdDSUhNMG9nS0VJQ0FnSURBa2FyTnhRRRAB!2m1!1s0x0:0x78f8a97e96368af5!3m1!1s2@1:CIHM0ogKEICAgIDAkarNxQE%7C%7C?hl=id","114596543628600396018","196","https://lh3.googleusercontent.com/a/ACg8ocKCkFR4qE2WRIj6vYkRzE7pMGfUR3DJD35O5c_Zka_GwEniDA=s1920-c-rp-mo-ba12-br100","https://www.google.com/maps/contrib/114596543628600396018?hl=id","2039","2026-08-24T04:05:00.874Z","Direct Detail URL: https://www.google.com/maps/place/Umbul+Susuhan/@-7.6442043,110.5980704,17z/data=!4m6!3m5!1s0x2e7a423e8f224f2f:0x78f8a97e96368af5!8m2!3d-7.6442043!4d110.5980704!16s%2Fg%2F11c73mpffs?entry=tts&g_ep=EgoyMDI2MDgxOS4wIPu8ASoASAFQAw%3D%3D&skid=525f3dcf-3097-436b-a0a9-3b0bc8dc4bad","4","Jawa Tengah","Jl. Klaten - Jatinom No.7","false","Salah satu tempat wisata air yang airnya berasal dari mata air di kota Klaten ini, tempatnya sudah agak sedikit modern sebab selain kolam renang dengan kolam khas batuan alam, disini juga ada kolam renang dengan ubin keramik. Yang paling saya suka di tempat ini adalah ada KOLAM RENANG KHUSUS WANITA. Jadi disana kita bisa mengajak anak dan istri untuk renang di tempat ini.

Kolamnya ada beberapa kedalaman, untuk kolam dengan batuan alami tempat mata air dalamnya 1.5m, kolam anak-anak 80m, kolam dewasa dengan batuan alam dan pasir 1.5m dan disebelah pintu masuk kedalaman 3m. Untuk kolam balita ada dibagian depan sedalam 30cm.

Tiket masuk di tempat wisata ini sangat murah sekali yaitu Rp. 8.000/orang, anak-anak dibawah umur 3 tahun free. Tempat parkir kendaraan mobil 5.000 dan motor 2.000

Jam buka wisata ini mulai jam 08.00 sd jam 16.00 khusus weekend sampai dengan jam 17.00

Tidak ada penyewaan kacamata renang disini, hanya ada penyewaan ban untuk pelampung dengan harga sewa 5.000. Untuk kuliner ada koperasi desa yang menyediakan soto dan makanan minuman ringan seperti mie dan kopi",,"Umbul Susuhan","4.4",,"https://www.google.com/maps/search/?api=1&query=Umbul%20Susuhan&query_place_id=ChIJL08ijz5Cei4R9Yo2ln6p-Hg",
"Jl. Klaten - Jatinom No.7, Dusun 1, Manjungan, Kec. Ngawen, Kabupaten Klaten, Jawa Tengah 57466, Indonesia","11211421739855492727","Taman Rekreasi Air","Kolam renang luar ruangan","Kolam Renang","Tujuan Wisata","Taman Rekreasi Air","8716903439926725365","Kabupaten Klaten","ID","0x2e7a423e8f224f2f:0x78f8a97e96368af5",,"https://lh3.googleusercontent.com/gps-cs-s/AHRPTWmLAC292IyEZxwnxzT96dOfJ11UjIo_SES-giCPaXIIGvN1dIM0IPUoai_HjX-A-ghkSdtSS1C2yNwfiquZWHpYeQGmtVZ7cRnXAC9h2oOiDtx8v22fL3JYHji1o3dEOeCyn_k=w408-h306-k-no","false","true","/g/11c73mpffs","id","2","-7.6442043","110.5980704","Jannah assalihah","Dusun 1, Manjungan, Kecamatan Ngawen","id","false","ChIJL08ijz5Cei4R9Yo2ln6p-Hg","57466",,"3 tahun lalu","2023-03-16T10:59:20.423Z",,,,,,,"ChZDSUhNMG9nS0VJQ0FnSURodzU3MlZREAE","https://lh3.googleusercontent.com/grass-cs/ACvplmP9etUMthV2hs1opYYQeUSB45CXsMr_5qty_auubKwtc1fYg3GK9_79oBSgYwGQgTLR5sdrLXzjQwme5vBigfY1NqrwstrVgaxm7tQZMDwF3ZMgLYvlS27LauLUQuklwlkh1OdY4w=k-no","https://lh3.googleusercontent.com/grass-cs/ACvplmN1JmjuPcvq7CqeIi6u1OPG4Wv-UPuEKLtk1nVc8BKUCbWf5x_267fPmJgcPsqyPExJ9hyPZZEur9Hdbx_ezlP_KTqmhnC9xtdjyByKfjTyk3X_MxL79TDFe5YmiuFhZCWtmOMw=k-no","https://lh3.googleusercontent.com/grass-cs/ACvplmOcdAgJ0wQhV1K18sL9zkOrWx6Ts-KJSrB8JTewp0nXB_ThSoxLpju7RDUEudoY0PdmWstgb_M9p8p2AlnP0SNPQKYBoDeLeVnKmg4ljKUKzD20T3HVGRvDW36yteawe9lZ7rty=k-no","https://lh3.googleusercontent.com/grass-cs/ACvplmOU-BRQ-CRXCDqpViBM_f0ybS19su5HE96-TYRTQTpwfN9o2BbEW8m67QlVkV2h_V-kB7-kqvpYARTCL_M0z8QEfVyCchKi1DXVYMnJGwluxDrGsrvIpN-uKfxzabwPrlyJiN52=k-no","https://lh3.googleusercontent.com/grass-cs/ACvplmMzxtM7-sXiGmmyTIgOzW6neCqYPPPn9co317oqO8rQneDxcjM95BFz7iTlqWn9cw3hDdAYAZQPqN1nJmO-1KiHenUgvJF4AoY9KKOfJzDHoZ0j8eF2pH_trVlANz760TxdCjRmww=k-no","https://lh3.googleusercontent.com/grass-cs/ACvplmOk0WodPR5xek3oweKlwMbt74edZOKquy12c8Tqnx8NbUQTu0H1NhsyNST9-xWU9jqPtGCFCvX7igDXRuPAnh6ZF8pA7jHHoTDr3QRtqF-GAWFAjREZiRvUwW7fy_hnaek8-tJ0=k-no","https://lh3.googleusercontent.com/grass-cs/ACvplmPenV17t0yL7KtCzzQpmWI2aCbM-Z2e5w19L50xRaT6kjrmHO-GaYKxTHxcIKUa5RoJanueZjrsX4Z6H1LtuJVG_0oLwtK2Q1xvudCZZlKrhiXJzuMbm6HLAhmqLHUwv0pneyUw=k-no",,,,,,,,,,,,,,,,,"Google","https://www.google.com/maps/reviews/data=!4m8!14m7!1m6!2m5!1sChZDSUhNMG9nS0VJQ0FnSURodzU3MlZREAE!2m1!1s0x0:0x78f8a97e96368af5!3m1!1s2@1:CIHM0ogKEICAgIDhw572VQ%7C%7C?hl=id","112554151037433959917","35","https://lh3.googleusercontent.com/a-/ALV-UjXzU6BL8LUKF3u4Fb66pGalrJDt90nfrmdBKbltfmYIetJOrsTt=s1920-c-rp-mo-ba12-br100","https://www.google.com/maps/contrib/112554151037433959917?hl=id","2039","2026-08-24T04:05:00.874Z","Direct Detail URL: https://www.google.com/maps/place/Umbul+Susuhan/@-7.6442043,110.5980704,17z/data=!4m6!3m5!1s0x2e7a423e8f224f2f:0x78f8a97e96368af5!8m2!3d-7.6442043!4d110.5980704!16s%2Fg%2F11c73mpffs?entry=tts&g_ep=EgoyMDI2MDgxOS4wIPu8ASoASAFQAw%3D%3D&skid=525f3dcf-3097-436b-a0a9-3b0bc8dc4bad","5","Jawa Tengah","Jl. Klaten - Jatinom No.7","false","Umbul susuhan cukup luas, ada beberapa tingkat kedalaman kolam, ada juga kolam utk anak², tersedia kolam renang khusus utk akhwat.
Parkiran lumayan luas,kedalaman kolam cukup bervariasi, ada beberapa penjual makanan dan ada mushola juga. Kebersihan nya juga sudah bagus",,"Umbul Susuhan","4.4",,"https://www.google.com/maps/search/?api=1&query=Umbul%20Susuhan&query_place_id=ChIJL08ijz5Cei4R9Yo2ln6p-Hg",
"Jl. Klaten - Jatinom No.7, Dusun 1, Manjungan, Kec. Ngawen, Kabupaten Klaten, Jawa Tengah 57466, Indonesia","11211421739855492727","Taman Rekreasi Air","Kolam renang luar ruangan","Kolam Renang","Tujuan Wisata","Taman Rekreasi Air","8716903439926725365","Kabupaten Klaten","ID","0x2e7a423e8f224f2f:0x78f8a97e96368af5",,"https://lh3.googleusercontent.com/gps-cs-s/AHRPTWmLAC292IyEZxwnxzT96dOfJ11UjIo_SES-giCPaXIIGvN1dIM0IPUoai_HjX-A-ghkSdtSS1C2yNwfiquZWHpYeQGmtVZ7cRnXAC9h2oOiDtx8v22fL3JYHji1o3dEOeCyn_k=w408-h306-k-no","false","true","/g/11c73mpffs","id","4","-7.6442043","110.5980704","Wahyu Eko","Dusun 1, Manjungan, Kecamatan Ngawen","id","false","ChIJL08ijz5Cei4R9Yo2ln6p-Hg","57466",,"3 tahun lalu","2022-09-07T07:32:17.526Z",,,,,,,"ChdDSUhNMG9nS0VJQ0FnSUNldExDejlnRRAB","https://lh3.googleusercontent.com/grass-cs/ACvplmO45n4K9cQ-p5-CsmN0qbP4Mq6Amzla7h5InZYJBCjMpZM80zpqbVDPiiODpyOYOQ_awdKrgCCID7ZGQ8OB8_53J6i69GTso_ZSY0CAVWXWVvLPkrxQUwGlv02uTXqzSR33h7C5eg=k-no","https://lh3.googleusercontent.com/grass-cs/ACvplmMaHayapzZaUuU932UF5NPRpM2oCOU3YkN0PUccrO70lpxMQrnqLb_0IVwLCITFUj84NntDrG6UjAaP47EiBCPcwNJS6XkWaunjyUJE6KV72tJDmlcwI-2UMFpmnUt1GmISwOTv=k-no","https://lh3.googleusercontent.com/grass-cs/ACvplmMEpf7auGbAXRMFWmFIxyAQrWqqbAzDFY8lOmuau2Q0RrKeheSbfzJ1SwMSkVAKGyGOvJNb5q_4BEmbmVN9yaCD8bIsLY77tGnGr3gY6LnNOBvrUmMiafbCZu2Zd4RLhpJG3ANt=k-no","https://lh3.googleusercontent.com/grass-cs/ACvplmPecTM1IcNIpqwVQqJJTvYRt3dJnp6YTf5_VSRZMi-8yREjtCd7UTetfUgOviPYs6vnPCHc-zleqgmRTC4VASy0xcIkWYK8oYei3cUfJSDUKClpVxkNGmenqQb_eJL2u5dHEjZu=k-no","https://lh3.googleusercontent.com/grass-cs/ACvplmNiE913ao9F46VPRhZbK6wOo8cXtz65bUtZuntrlwP1ojA62wbnTpI_3ou7jq1iXq4R57AgRXTYC0nkARkkzlXsOw6a0buK3FZC4jdptgSWuDsqHfObmCZJPhNKdtFnRE1unu3-2w=k-no","https://lh3.googleusercontent.com/grass-cs/ACvplmMTD63rNpKrrZR04CCpw_HXwyg5UsF4T7HYQKGQkUEdl8Bn_Gqs5WJaScrLOrKK-jnXiBIMsYYMfxMyGW3yvnKFPfpUhKufoo8v05bH7tTFmfy-Bmza0yEJ5Hc5J26zUv1HmOLf=k-no","https://lh3.googleusercontent.com/grass-cs/ACvplmOjrdlb_7rIJHLTH6MCasrr9M4Wr8WVsMIOO3UQdj6cFRh2W_iSr7LRnD-E5pk-dB4lXZMc4xD01NuXJKRwWLGJ5NvcmKDkvLc1cgbUAK10dT4jbBmtfDOGOSJvuZW1CKnKN1k_ug=k-no","https://lh3.googleusercontent.com/grass-cs/ACvplmNZkuBxJt2fQXtu71ga6qDH8S73qTcVnvkqtmk53JNwNDViVksTNS4MXfv3GoVomjx0QQ65m0VZl2HfwIy1zhabhgPH7PZ7jZ5wZe0fjAS5f7MQGoazQmzGYexJxCAL3LTA1q0=k-no","https://lh3.googleusercontent.com/grass-cs/ACvplmMDFj1OgyJm1xlslYxTilWfCkCNDgR9ap_KJd_h6raE-lXY_Xn2mPxbI3iwGl6OJsVT2Kun6SaT0SYlAhC3kDtC0Vx35YggoqFgLYoDfLySsuehDA-U_HBxJiAg7CDQKXphjA57fQ=k-no","https://lh3.googleusercontent.com/grass-cs/ACvplmPg2O1SF83UkdzQ7bku2rkD6rpGSZiPKymerFEGRLkp7fYPBJ1nJjH_fD1YGI2smI-8pIZtxxZnfQODOP8HzXh8V42DvjOtcj7kUeFk4ia7tnZpXJ_FK0hx4BaP6wKe16-Fqrbj=k-no","https://lh3.googleusercontent.com/grass-cs/ACvplmOxOEdgmQNhRSXPCY4LTyRDppPXKmPFeIgPGviGn-jNGQoiM_BRIZTxWHcI6cRdD8QP7Q5fCrPf2uks1lDyU9RnCjIR5Erx12rEpFRVfM5Kt7rTYiCSG7g-YrTrP4jxjog-2eQ61Q=k-no","https://lh3.googleusercontent.com/grass-cs/ACvplmNQrGWikke1kFSn90ERJXdulR8ORs5wQWYwDf_Beauy4B5GS9lkocMo6AeWNNlxTiN2Qd4mMKWVExdH3o2E0_ZV6e-FEq1JshFfbBGRee1YI4zpKTfGIqc30hM-e1zWvdWtEzM=k-no","https://lh3.googleusercontent.com/grass-cs/ACvplmPVlMZBAngUxZRfzjQ-xJgtyTCOUZNekw5cD_gHA8NwJcew57i11LP_r4L9c74ES1Mp4WMKjo3o0zd8kUlr7ujxxtosX3SUnWSSb_E70c2PR9p7cQR1pLbJtkTtzQbQ42AX-TM4Dg=k-no","https://lh3.googleusercontent.com/grass-cs/ACvplmPS6Kr66feeucHXMRpPC_Fo8Dm-w-CrQF23N7LaBcCVVI7I_VeVcHeGSzBct9VnAj0uwqN79Ev-lJ1fqpfJwPR_CWThODIxVSK88fdq17GLEo6-JxWFiCD0WaPPVN9NWgl3uaG9=k-no","https://lh3.googleusercontent.com/grass-cs/ACvplmO6xD287Bxm0koAojR8D-RPbm_lgRJkYObSAIlLSjkaw50l8bGWTgKoVk-sdvwVpDl5u3Z_ybKD4A_-KkoHiI8qb-PDTQfdZkJuV3YQFqimvLm1KdmiSzs3B_IeNM2kTKEjI87fhA=k-no","https://lh3.googleusercontent.com/grass-cs/ACvplmPlUKcMeKx78hyFynuAiPctmMlPLmOEq-9DppgQ9qSZiZv3j9XEVWIA5HEJbYthZ0JtSUd27bLVeVDm2i7Lju90kbKPMnja2nkWGroaHhRcZ1o6d2Q7huKI3aITAvyUC8R-rx7V=k-no","https://lh3.googleusercontent.com/grass-cs/ACvplmMlwu_BdDuJe1tIXDAwHZx-1_V9-erG1ZEw88rg2Yi-8EpGOiiWtQv2lGnOfL51bpkEwjtKptd9L4yccBcLt0wLwL3-69ZaVbGAwP1T_Xy_DZ32yu70i3iK-clXMtKQdW0dxoVwDQ=k-no","https://lh3.googleusercontent.com/grass-cs/ACvplmNE5eglk2KUFjcMDIfqvGbVkJlR4EglI8kgbLivVEPrDHj7Bgq7zkol6cAlWQ4CIQaGfB7tD4gyomj2L_UjlvLcU9WKJ1HmJhTS_f3vdO3N7CObeze245_PZ5E80yoz5QKp-_hS=k-no",,,,,,"Google","https://www.google.com/maps/reviews/data=!4m8!14m7!1m6!2m5!1sChdDSUhNMG9nS0VJQ0FnSUNldExDejlnRRAB!2m1!1s0x0:0x78f8a97e96368af5!3m1!1s2@1:CIHM0ogKEICAgICetLCz9gE%7C%7C?hl=id","107670202716683157893","163","https://lh3.googleusercontent.com/a-/ALV-UjXbkNit-6bBL1Gi5xhacSY20BHC7IMcJk0GhMIDa3hnxVc9-2RC2Q=s1920-c-rp-mo-ba12-br100","https://www.google.com/maps/contrib/107670202716683157893?hl=id","2039","2026-08-24T04:05:00.874Z","Direct Detail URL: https://www.google.com/maps/place/Umbul+Susuhan/@-7.6442043,110.5980704,17z/data=!4m6!3m5!1s0x2e7a423e8f224f2f:0x78f8a97e96368af5!8m2!3d-7.6442043!4d110.5980704!16s%2Fg%2F11c73mpffs?entry=tts&g_ep=EgoyMDI2MDgxOS4wIPu8ASoASAFQAw%3D%3D&skid=525f3dcf-3097-436b-a0a9-3b0bc8dc4bad","5","Jawa Tengah","Jl. Klaten - Jatinom No.7","false","Airnya bersih, kolam ada banyak, sayang sekarang tiketnya 10.000 per orang. Dulu terakhir ke sini masih 6000. Kalau pas sepi serasa kolam pribadi,haha",,"Umbul Susuhan","4.4",,"https://www.google.com/maps/search/?api=1&query=Umbul%20Susuhan&query_place_id=ChIJL08ijz5Cei4R9Yo2ln6p-Hg",
"Jl. Klaten - Jatinom No.7, Dusun 1, Manjungan, Kec. Ngawen, Kabupaten Klaten, Jawa Tengah 57466, Indonesia","11211421739855492727","Taman Rekreasi Air","Kolam renang luar ruangan","Kolam Renang","Tujuan Wisata","Taman Rekreasi Air","8716903439926725365","Kabupaten Klaten","ID","0x2e7a423e8f224f2f:0x78f8a97e96368af5",,"https://lh3.googleusercontent.com/gps-cs-s/AHRPTWmLAC292IyEZxwnxzT96dOfJ11UjIo_SES-giCPaXIIGvN1dIM0IPUoai_HjX-A-ghkSdtSS1C2yNwfiquZWHpYeQGmtVZ7cRnXAC9h2oOiDtx8v22fL3JYHji1o3dEOeCyn_k=w408-h306-k-no","false","true","/g/11c73mpffs","id","9","-7.6442043","110.5980704","Andi M. Affan","Dusun 1, Manjungan, Kecamatan Ngawen","id","false","ChIJL08ijz5Cei4R9Yo2ln6p-Hg","57466",,"3 tahun lalu","2023-06-24T18:09:47.965Z",,,,"Tidak","Tanpa mengantre","Akhir pekan","ChZDSUhNMG9nS0VJQ0FnSUNKaXZPTmVBEAE","https://lh3.googleusercontent.com/grass-cs/ACvplmNhOCcm-h3osPrPY0AX08Oj2NnLt4V7hVxNcuQRwIU-TpIFi9aI1rdjgjDTnzJKLOfOfdfSNK471eRWUazo_KgKL-pLEuBKWRoeKmRODstQBl5Rflv78Vn9qfky2g7vtCOKCXESHg=k-no","https://lh3.googleusercontent.com/grass-cs/ACvplmPoqbCWcJCiTzSNu1EuUgSSmWt79XOob0s0nY8KLuz39TgQwtuRVu8Sma28NLmzdi-byOdo7-qcR1IdUCqu6xKRJ406qpUH2JlMj9x1gMlvw00lDszHY5iT9OHRMi0iNKbGSx2c=k-no","https://lh3.googleusercontent.com/grass-cs/ACvplmPdpl5NwIqXf2_pp387KsN1PESikdenFEqmjo96zXdKPIO7PmxZDcPfcPq3Iasz3mZJ8NGXzKFhrj-5711S_nSGdwijpisQz1etm-cw6ATJ96uVBGjjRwsgZ5kpphVO9a4morFT0Q=k-no","https://lh3.googleusercontent.com/grass-cs/ACvplmMFUvO6-HgYjWJlCEO82Nma7szCC-iYXel-7qk48nxMa_RRXxGtgUdNSEH7iaoinCbuTZm0kDfdKA-5Nxh7OevRLzqdQZzjnFFPtNKfolGPKzH-Awhpn-RUnKwCr7PFmSnqsUo=k-no",,,,,,,,,,,,,,,,,,,,"Google","https://www.google.com/maps/reviews/data=!4m8!14m7!1m6!2m5!1sChZDSUhNMG9nS0VJQ0FnSUNKaXZPTmVBEAE!2m1!1s0x0:0x78f8a97e96368af5!3m1!1s2@1:CIHM0ogKEICAgICJivONeA%7C%7C?hl=id","112921794001160918703","53","https://lh3.googleusercontent.com/a/ACg8ocIEdOYiGnprhMxpv-Ymh3FkfCDi1tptg3E3PzKrxa0dNU28SW4Z=s1920-c-rp-mo-ba12-br100","https://www.google.com/maps/contrib/112921794001160918703?hl=id","2039","2026-08-24T04:05:00.874Z","Direct Detail URL: https://www.google.com/maps/place/Umbul+Susuhan/@-7.6442043,110.5980704,17z/data=!4m6!3m5!1s0x2e7a423e8f224f2f:0x78f8a97e96368af5!8m2!3d-7.6442043!4d110.5980704!16s%2Fg%2F11c73mpffs?entry=tts&g_ep=EgoyMDI2MDgxOS4wIPu8ASoASAFQAw%3D%3D&skid=525f3dcf-3097-436b-a0a9-3b0bc8dc4bad","4","Jawa Tengah","Jl. Klaten - Jatinom No.7","false","Tiket 10k, parkir 2k, km mandi & ruang gantinya banyak, parkirannya memadai, ada kolam khusus cwnya. Kolamnya banyak & ada ikannya semua kecuali yg cw. Ada kantin dengan harga terjangkau, mushola, coffeeshop, gazebo, kolam ank kecil yg ada air ember jatuhnya, dan lainnya. Kekurangannya di kolamnya ada beberapa sampah plastik yg terbang gitu, dan sayang ga langsung diambilin...",,"Umbul Susuhan","4.4",,"https://www.google.com/maps/search/?api=1&query=Umbul%20Susuhan&query_place_id=ChIJL08ijz5Cei4R9Yo2ln6p-Hg",
"Jl. Klaten - Jatinom No.7, Dusun 1, Manjungan, Kec. Ngawen, Kabupaten Klaten, Jawa Tengah 57466, Indonesia","11211421739855492727","Taman Rekreasi Air","Kolam renang luar ruangan","Kolam Renang","Tujuan Wisata","Taman Rekreasi Air","8716903439926725365","Kabupaten Klaten","ID","0x2e7a423e8f224f2f:0x78f8a97e96368af5",,"https://lh3.googleusercontent.com/gps-cs-s/AHRPTWmLAC292IyEZxwnxzT96dOfJ11UjIo_SES-giCPaXIIGvN1dIM0IPUoai_HjX-A-ghkSdtSS1C2yNwfiquZWHpYeQGmtVZ7cRnXAC9h2oOiDtx8v22fL3JYHji1o3dEOeCyn_k=w408-h306-k-no","false","true","/g/11c73mpffs","id","1","-7.6442043","110.5980704","Nurkholis Marwanto","Dusun 1, Manjungan, Kecamatan Ngawen","id","false","ChIJL08ijz5Cei4R9Yo2ln6p-Hg","57466",,"5 tahun lalu","2020-11-15T06:06:14.462Z",,,,,,,"ChdDSUhNMG9nS0VJQ0FnSUNpODVETzZBRRAB","https://lh3.googleusercontent.com/grass-cs/ACvplmOTx-e-_WtooSPP2kSU6-ASZpLgEAKARllPReQcdoQGUPPkreiWNifWwExXs7ELLBSrCDllSGhjFanuDM6TPuGuZbxPJw4lOvTnH7HDMqLyBOW80Oo2B9g5trCLoDEubtu_P2PcWQ=k-no","https://lh3.googleusercontent.com/grass-cs/ACvplmMYJ_VVQj6nb5yuA1beeZKTHLpVDIouvh55lk4HxM__B9yYb_bUuMFqi0N27Om_hyPr-SIe35YnybrxpURDilkxLo1P8Gdl5WLO_-aJjmCDTxvkFEjos2QUDNsRtjJj-2N4eAko=k-no","https://lh3.googleusercontent.com/grass-cs/ACvplmP-9ydydUEIi8LfVpxtMSmBuTWapHiCU2UJiWZNdXguPe1kym7W3ztIzTptAHSPEyku6m_Z2PvGqF-YIvfrOJ33xKffzpNQfSp-vCGAmD2ekhPikDJ6vaoxdHqKgeatnc6hI2nr=k-no","https://lh3.googleusercontent.com/grass-cs/ACvplmMsoROnemcZ1Ut7UY57RVvQ_v2wqFrf6D47HOxNngi9kPgLZman_yzURsSBtcj-ve8w8c_CsqXO8Gv_wO6NbDmLlcIkFjRrONH-DY_guPC7ZttIAfVBpUbhykc5Mf-Jn4EUY-U=k-no","https://lh3.googleusercontent.com/grass-cs/ACvplmOZGkRunXmjdBIg1_WKOl4o_ezs1N8wWHQ4h5fYfgzLRG4HzgUXH-Ms4k1JckO4omU9fyDi7Uy5IdKEV2yo9atB3qErovdtEj41fO2PjmNvRUFVenK55_yV5QSuKZ49nWTbdEwSuA=k-no","https://lh3.googleusercontent.com/grass-cs/ACvplmPxZHaIuu4TA7qSj8TGpPnkug_-zLvPmdUnjEqrgjPocMy1qdv9N5jumaNDEoC7qc6qHXCBNRCS4Lp8KFMbv4FRQ2MATzzisPQV4_RJpCp8xZjJ1CmsDm8uFkNJJ4tonMVxITwS=k-no","https://lh3.googleusercontent.com/grass-cs/ACvplmO91w-AnMzx6xbyXr3wgf9I5HRk-_zVqhn10isvtyZ1BRWURjsRm6_ohYyTOQihiRP9fmPZIImocQWiSGvJKtTdMqKvOetnGiBDhikBs9cZWV3A0TE45Ye628-lIyi4-ssIkhcH-A=k-no","https://lh3.googleusercontent.com/grass-cs/ACvplmPf0dLPFS-OUhPO6jmkOyI09BGN4qId67vTTEQBQhClG-I1EXsyxwGBjAhX-f-B3B26yUZqE8jorQRdJ0sbhb8LoRQPEDwyiwjfNGVFo00fZy3RR4pmSNmXlozRlerQ1HyksjRy=k-no","https://lh3.googleusercontent.com/grass-cs/ACvplmOgAHr026WE_aSgvQ8yyFSvdCFGXQq3fOjXnbOz-WDZLu6Z1SKiw8HsvZ2z-ERFlF4VAAQB4gwOSvaX38WQdzfRRsFRkjIdbIkULNYmrQ81ZCrzFz-0Zp-HCJpNXuRhnl98cD4-_g=k-no","https://lh3.googleusercontent.com/grass-cs/ACvplmMROJChkQverLMv0wD0npVPbIDoj8hIcbByNoYX2hpm4kT-Cwe8WVgv0kafgsspJRFpXe3Lvmia3uzjfqMn3CrvD8MzYPVMKFlObbBbFdZO1y-VRFmtyLF-Te0z4ukc-xI5cEI=k-no","https://lh3.googleusercontent.com/grass-cs/ACvplmMOqW81BX3uexgDsQA710vXTDiJaJZJdSsrDzxGJIHZWmWGc-w-xsffE3vABfs1b1sm7bzjEAtBHJfnORK0vuD5WqULJYyQZlyv3Oudbt8aHWHW-H-Lo5aVmXcfwwZ3IaAtyxWR=k-no","https://lh3.googleusercontent.com/grass-cs/ACvplmMYyHcqmVjysxNL7zMU6uarZcKpJ5YMJA3e79Nb6J5piWpRyGs9BJ_EUWRQrBMtE-ra3c32kxITRkhY-UO1IbFjr8gKJYx6LcOimUdExVWbTI4Z_DwUbKqv-L8EHFawLJR_MLQ=k-no","https://lh3.googleusercontent.com/grass-cs/ACvplmMUk1Oo9CJy049H3R2RugU_YwLUXWKBHwyRA4ch-rtFAxvJA9Hal17wjM_cvY0rvTXy0JWqI4ACWImUEmPzXW-TDqZYwFU3o5Xky3s6xN3nOWameJ4q2w5g1XSwLfcfh8paL0quYg=k-no","https://lh3.googleusercontent.com/grass-cs/ACvplmOQavfmE7p_11OTT0nDzDJarMjUEpmRCJwcMe2wEeeZgpxyzc0Rnlh7LVcLBZZMrMWiu3NLO8AQCTU-_A2bD9SKjbF7CHoVeA7HXwi1ZhVxDnNO5qV-8mOundR70LE665mjFUk2=k-no","https://lh3.googleusercontent.com/grass-cs/ACvplmNgJIfTGsdWafGcxt4MLJ9BhBPPfEc9W3RyOotauI_vjsC-hfXVJZYcWmmcEgEtqfJYRAR6k4hjOUQwxo25yobO3ZqhAizRXgx69BwaKFtuFwp_E-32sg0WN-CGNmgvNiqJFmb3=k-no",,,,,,,,,"Google","https://www.google.com/maps/reviews/data=!4m8!14m7!1m6!2m5!1sChdDSUhNMG9nS0VJQ0FnSUNpODVETzZBRRAB!2m1!1s0x0:0x78f8a97e96368af5!3m1!1s2@1:CIHM0ogKEICAgICi85DO6AE%7C%7C?hl=id","109978589806842679576","517","https://lh3.googleusercontent.com/a-/ALV-UjUwMla4Thaj26V8ACjfS8cBqnPHMAsqIut-tHHT2LT_PUeSnclQ=s1920-c-rp-mo-ba12-br100","https://www.google.com/maps/contrib/109978589806842679576?hl=id","2039","2026-08-24T04:05:00.874Z","Direct Detail URL: https://www.google.com/maps/place/Umbul+Susuhan/@-7.6442043,110.5980704,17z/data=!4m6!3m5!1s0x2e7a423e8f224f2f:0x78f8a97e96368af5!8m2!3d-7.6442043!4d110.5980704!16s%2Fg%2F11c73mpffs?entry=tts&g_ep=EgoyMDI2MDgxOS4wIPu8ASoASAFQAw%3D%3D&skid=525f3dcf-3097-436b-a0a9-3b0bc8dc4bad","4","Jawa Tengah","Jl. Klaten - Jatinom No.7","false","Tempat kolam renang dari mata air alami. Terdiri dari berbagai tingkatan kolam. Dari anak-anak, remaja dan dewasa. Yang khusus wanita juga ada. Menyediakan tempat jajanan dan berbagai baju khas oleh-oleh. Tersedia fasilitas mushola.",,"Umbul Susuhan","4.4",,"https://www.google.com/maps/search/?api=1&query=Umbul%20Susuhan&query_place_id=ChIJL08ijz5Cei4R9Yo2ln6p-Hg",
"Jl. Klaten - Jatinom No.7, Dusun 1, Manjungan, Kec. Ngawen, Kabupaten Klaten, Jawa Tengah 57466, Indonesia","11211421739855492727","Taman Rekreasi Air","Kolam renang luar ruangan","Kolam Renang","Tujuan Wisata","Taman Rekreasi Air","8716903439926725365","Kabupaten Klaten","ID","0x2e7a423e8f224f2f:0x78f8a97e96368af5",,"https://lh3.googleusercontent.com/gps-cs-s/AHRPTWmLAC292IyEZxwnxzT96dOfJ11UjIo_SES-giCPaXIIGvN1dIM0IPUoai_HjX-A-ghkSdtSS1C2yNwfiquZWHpYeQGmtVZ7cRnXAC9h2oOiDtx8v22fL3JYHji1o3dEOeCyn_k=w408-h306-k-no","false","true","/g/11c73mpffs","id","0","-7.6442043","110.5980704","bagus ska channel","Dusun 1, Manjungan, Kecamatan Ngawen","id","false","ChIJL08ijz5Cei4R9Yo2ln6p-Hg","57466",,"5 bulan lalu","2026-03-08T07:53:42.484Z",,,,"Tidak","Tanpa mengantre","Akhir pekan","Ci9DQUlRQUNvZENodHljRjlvT25KSVZYTjVjR05rZUZGMlRWWnRkRWh3Y0dkR1VYYxAB",,,,,,,,,,,,,,,,,,,,,,,,"Google","https://www.google.com/maps/reviews/data=!4m8!14m7!1m6!2m5!1sCi9DQUlRQUNvZENodHljRjlvT25KSVZYTjVjR05rZUZGMlRWWnRkRWh3Y0dkR1VYYxAB!2m1!1s0x0:0x78f8a97e96368af5!3m1!1s2@1:CAIQACodChtycF9oOnJIVXN5cGNkeFF2TVZtdEhwcGdGUXc%7C%7C?hl=id","102554834447825954503","10","https://lh3.googleusercontent.com/a-/ALV-UjWzvxQ7eLSUy2tU4KhDsCJnpsnI4BLzJ2JSx1m9vJMStFohXOq4=s1920-c-rp-mo-ba12-br100","https://www.google.com/maps/contrib/102554834447825954503?hl=id","2039","2026-08-24T04:05:00.874Z","Direct Detail URL: https://www.google.com/maps/place/Umbul+Susuhan/@-7.6442043,110.5980704,17z/data=!4m6!3m5!1s0x2e7a423e8f224f2f:0x78f8a97e96368af5!8m2!3d-7.6442043!4d110.5980704!16s%2Fg%2F11c73mpffs?entry=tts&g_ep=EgoyMDI2MDgxOS4wIPu8ASoASAFQAw%3D%3D&skid=525f3dcf-3097-436b-a0a9-3b0bc8dc4bad","5","Jawa Tengah","Jl. Klaten - Jatinom No.7","false","tempat dan air kolam renangnya bersih, ada juga kolam renang buat muslimah, ada penjual makanan juga tidak takut kalau haus atau kelaparan, untuk tiket terjangkau cocok juga buat anak"" atau kegiatan anak sekolah..
selalu tingkatkan lagi sarana dan prasarana untuk lebih baik lagi..",,"Umbul Susuhan","4.4",,"https://www.google.com/maps/search/?api=1&query=Umbul%20Susuhan&query_place_id=ChIJL08ijz5Cei4R9Yo2ln6p-Hg",
"Jl. Klaten - Jatinom No.7, Dusun 1, Manjungan, Kec. Ngawen, Kabupaten Klaten, Jawa Tengah 57466, Indonesia","11211421739855492727","Taman Rekreasi Air","Kolam renang luar ruangan","Kolam Renang","Tujuan Wisata","Taman Rekreasi Air","8716903439926725365","Kabupaten Klaten","ID","0x2e7a423e8f224f2f:0x78f8a97e96368af5",,"https://lh3.googleusercontent.com/gps-cs-s/AHRPTWmLAC292IyEZxwnxzT96dOfJ11UjIo_SES-giCPaXIIGvN1dIM0IPUoai_HjX-A-ghkSdtSS1C2yNwfiquZWHpYeQGmtVZ7cRnXAC9h2oOiDtx8v22fL3JYHji1o3dEOeCyn_k=w408-h306-k-no","false","true","/g/11c73mpffs","id","2","-7.6442043","110.5980704","luthfia hajar","Dusun 1, Manjungan, Kecamatan Ngawen","id","false","ChIJL08ijz5Cei4R9Yo2ln6p-Hg","57466",,"2 tahun lalu","2024-05-13T08:59:15.692Z",,,,"Tidak","Tanpa mengantre","Akhir pekan","ChdDSUhNMG9nS0VJQ0FnSUNUeXZtQTVRRRAB","https://lh3.googleusercontent.com/grass-cs/ACvplmOnSITEYoEvM_DWojxEbHT3lHp6ClhjJ0t2nHUozAK8o0cy3LK_Nu8XacL7cQLTDXQJ8jnJ1GcKryLN_oejpmMAwBTHL-1yqGjbhJrheLlcj9xJ3QxBkcQhi_JyQQ717CeFCXF4=k-no","https://lh3.googleusercontent.com/grass-cs/ACvplmMX5rbA1I1PKv0c3MX8HB3fSHFr03Dg4PhbE5MNxZgI5JgmycxBy4uqvNuuSgNaisZshDLkCHc6VWrh1Zyg6j8R8azgWw_acOGcm_ecnFw9eH6oLRuJ1RwL0DPt2YjqbpMGhY0RvQ=k-no","https://lh3.googleusercontent.com/grass-cs/ACvplmOhUTDFRCJfwWbCXV-9thcLa-R9uaAEd6Kt3RIylmPX5lvorX66R5Kiz128w9o8uKKrkvsgqheXkHvTyXGgRr4wMG9ZWwERbbr4xNYENG7AxcKMTFgkA_AkZgRx7oUBZmnrKgO-=k-no",,,,,,,,,,,,,,,,,,,,,"Google","https://www.google.com/maps/reviews/data=!4m8!14m7!1m6!2m5!1sChdDSUhNMG9nS0VJQ0FnSUNUeXZtQTVRRRAB!2m1!1s0x0:0x78f8a97e96368af5!3m1!1s2@1:CIHM0ogKEICAgICTyvmA5QE%7C%7C?hl=id","116784584919769365955","47","https://lh3.googleusercontent.com/a/ACg8ocLGQl0HX6TeKzPr-sB6rCFWxKSnnvCVhFL8XUi8zZDvIH2l3A=s1920-c-rp-mo-ba12-br100","https://www.google.com/maps/contrib/116784584919769365955?hl=id","2039","2026-08-24T04:05:00.874Z","Direct Detail URL: https://www.google.com/maps/place/Umbul+Susuhan/@-7.6442043,110.5980704,17z/data=!4m6!3m5!1s0x2e7a423e8f224f2f:0x78f8a97e96368af5!8m2!3d-7.6442043!4d110.5980704!16s%2Fg%2F11c73mpffs?entry=tts&g_ep=EgoyMDI2MDgxOS4wIPu8ASoASAFQAw%3D%3D&skid=525f3dcf-3097-436b-a0a9-3b0bc8dc4bad","4","Jawa Tengah","Jl. Klaten - Jatinom No.7","false","Berkunjung siang hari minggu. Tidak terlalu ramai. Tiket 10rb. Parkir mobil 5rb, bayar sekalian di loket masuk.
Ada kolam khusus wanita. Tertutup, tapi gak masuk kesitu jd gak ngerti dalemnya.
Kolam anak2 TK, balita ada 2. Kolam anak tanggung ada 2 juga kalo g salah. Kolam yg dalem, termasuk kolam umbulnya juga ada 3.
Air jernih. Ada kolam ikannya.
Saran aja. Sebiaknya kolam umbulnya dibikin yg cethek biar anak2 balita pun bisa maen di kolam yg terlihat alami, bukan hanya di kolam berkeramik. Biar nuansa alaminya dapet. Apalagi ada ikan2 kecilnya juga yg menarik buat maen anak2. Trus ada prosotan yg di keramik gitu tapi sempit banget, padahal anak2 banyak yg merasa asik maen disitu. Jadi sebaiknya bisa digedein buat memfasilitasi anak2 maen. Karena kalo anak2 tanggung tandem ama anak2 TK dan balita ya agak riskan juga.
Kolam yg dalem menurut saya terlalu banyak, sepi juga peminatnya krn yg banyak maen ya anak2.. Sayang aja gak termanfaatkan dg efisien.

Overall lumayan sih buat anak2 maen air. Btw, tas makanan anak2 ketinggalan, isinya ada botol minum 3 biji. Yg satu tupperware. Mau balik males udah jauh. Padahal buat sekolah. Ya sudahlah ikhlaskan rejekinya yg nemu. Semoga bermanfaat. Hehe..",,"Umbul Susuhan","4.4",,"https://www.google.com/maps/search/?api=1&query=Umbul%20Susuhan&query_place_id=ChIJL08ijz5Cei4R9Yo2ln6p-Hg",
"Jl. Klaten - Jatinom No.7, Dusun 1, Manjungan, Kec. Ngawen, Kabupaten Klaten, Jawa Tengah 57466, Indonesia","11211421739855492727","Taman Rekreasi Air","Kolam renang luar ruangan","Kolam Renang","Tujuan Wisata","Taman Rekreasi Air","8716903439926725365","Kabupaten Klaten","ID","0x2e7a423e8f224f2f:0x78f8a97e96368af5",,"https://lh3.googleusercontent.com/gps-cs-s/AHRPTWmLAC292IyEZxwnxzT96dOfJ11UjIo_SES-giCPaXIIGvN1dIM0IPUoai_HjX-A-ghkSdtSS1C2yNwfiquZWHpYeQGmtVZ7cRnXAC9h2oOiDtx8v22fL3JYHji1o3dEOeCyn_k=w408-h306-k-no","false","false","/g/11c73mpffs","id","0","-7.6442043","110.5980704","Widiyatmoko","Dusun 1, Manjungan, Kecamatan Ngawen","id","false","ChIJL08ijz5Cei4R9Yo2ln6p-Hg","57466",,"4 bulan lalu","2026-04-23T05:26:07.359Z",,,,"Tidak",,,"Ci9DQUlRQUNvZENodHljRjlvT25Oc1RGWmlWSEk0VldwdGRtTm1SVTh5UWt0Q1luYxAB",,,,,,,,,,,,,,,,,,,,,,,,"Google","https://www.google.com/maps/reviews/data=!4m8!14m7!1m6!2m5!1sCi9DQUlRQUNvZENodHljRjlvT25Oc1RGWmlWSEk0VldwdGRtTm1SVTh5UWt0Q1luYxAB!2m1!1s0x0:0x78f8a97e96368af5!3m1!1s2@1:CAIQACodChtycF9oOnNsTFZiVHI4VWptdmNmRU8yQktCYnc%7C%7C?hl=id","106545683658820493848","6","https://lh3.googleusercontent.com/a-/ALV-UjXVRG3ASW5rKsachbqwqqB79F206p-mAckAxAGDzHCpxM2jbJlN=s1920-c-rp-mo-br100","https://www.google.com/maps/contrib/106545683658820493848?hl=id","2039","2026-08-24T04:05:00.874Z","Direct Detail URL: https://www.google.com/maps/place/Umbul+Susuhan/@-7.6442043,110.5980704,17z/data=!4m6!3m5!1s0x2e7a423e8f224f2f:0x78f8a97e96368af5!8m2!3d-7.6442043!4d110.5980704!16s%2Fg%2F11c73mpffs?entry=tts&g_ep=EgoyMDI2MDgxOS4wIPu8ASoASAFQAw%3D%3D&skid=525f3dcf-3097-436b-a0a9-3b0bc8dc4bad","5","Jawa Tengah","Jl. Klaten - Jatinom No.7","false","Tempatnya nyaman..
Untuk belajar berenang Dan ingin berenang betulan... Tempat ini cocok Dan sekali.
Ada kolam khusus perempuan, anak Dan dewasa...
Air sueeegerrre.dingin. bersih...",,"Umbul Susuhan","4.4",,"https://www.google.com/maps/search/?api=1&query=Umbul%20Susuhan&query_place_id=ChIJL08ijz5Cei4R9Yo2ln6p-Hg",
"Jl. Klaten - Jatinom No.7, Dusun 1, Manjungan, Kec. Ngawen, Kabupaten Klaten, Jawa Tengah 57466, Indonesia","11211421739855492727","Taman Rekreasi Air","Kolam renang luar ruangan","Kolam Renang","Tujuan Wisata","Taman Rekreasi Air","8716903439926725365","Kabupaten Klaten","ID","0x2e7a423e8f224f2f:0x78f8a97e96368af5",,"https://lh3.googleusercontent.com/gps-cs-s/AHRPTWmLAC292IyEZxwnxzT96dOfJ11UjIo_SES-giCPaXIIGvN1dIM0IPUoai_HjX-A-ghkSdtSS1C2yNwfiquZWHpYeQGmtVZ7cRnXAC9h2oOiDtx8v22fL3JYHji1o3dEOeCyn_k=w408-h306-k-no","false","true","/g/11c73mpffs","id","6","-7.6442043","110.5980704","sabrina wulandari","Dusun 1, Manjungan, Kecamatan Ngawen","id","false","ChIJL08ijz5Cei4R9Yo2ln6p-Hg","57466",,"Diedit 3 tahun lalu","2022-09-12T17:55:07.704Z",,"2022-09-25T03:35:42.000Z","Terima kasih atas kunjungan anda di umbul susuhan, kami akan berusaha memberikan pelayanan yang terbaik.",,,,"ChZDSUhNMG9nS0VJQ0FnSURPdU5DOE9nEAE","https://lh3.googleusercontent.com/grass-cs/ACvplmNIiQ0IenrXaYWZRVdqc-7x6pF_DOjQth_49bui9FAl6FmOA5j82AmPQcIkcBiA1RilG3rf7g6UB9oUBxIMqEAJ8XzK7rz9CJ220-9hrOQY2TgmOSAPIfSK-YJ4N34utN7LnyU=k-no","https://lh3.googleusercontent.com/grass-cs/ACvplmMIh9EgYZmSN0vNpYDtoxSff3-hjTOlzJzZXM-ZtgRwhRtFA9iRIx_N9qY3zDiFe7wD1rw2AXYl8Go5BTyFRyk0OqfiVOg-TXyRMXV5Aes1I-of1afhg8U_4u6qHoDHnDqAY6qLXA=k-no","https://lh3.googleusercontent.com/grass-cs/ACvplmPpqFAJ5-JhvNZB9c7HuT5WnFjNIgJC5lABSUrFlE2pilGLlpdSUBOH7jhWuZ_X-zsCHnPCLfS64KYvOFZ6MLjrW_aSmG6XUAvxl-9d8z9-uMngXes0bmjr9jtkw6K7WBR8O7k=k-no","https://lh3.googleusercontent.com/grass-cs/ACvplmMdBGwpHJVEtEJ3q24060YeCA5HCzMMxBgzJ0M8mfXub4N0EO5zwLDEepah1JQ8wPCb8YUTC0FLu9rQOySKJ9BLaNfN9mNj5hcqTpk9iKpnw774XnL4GAYQVKuaMCSNPgZqu7Hl=k-no",,,,,,,,,,,,,,,,,,,,"Google","https://www.google.com/maps/reviews/data=!4m8!14m7!1m6!2m5!1sChZDSUhNMG9nS0VJQ0FnSURPdU5DOE9nEAE!2m1!1s0x0:0x78f8a97e96368af5!3m1!1s2@1:CIHM0ogKEICAgIDOuNC8Og%7C%7C?hl=id","110377097066038072485","30","https://lh3.googleusercontent.com/a-/ALV-UjWdrexrb1vx46O8TPiq02gEP24Vf0mD7MAd_ZzYRNBBuvTXXIUQ=s1920-c-rp-mo-ba12-br100","https://www.google.com/maps/contrib/110377097066038072485?hl=id","2039","2026-08-24T04:05:00.874Z","Direct Detail URL: https://www.google.com/maps/place/Umbul+Susuhan/@-7.6442043,110.5980704,17z/data=!4m6!3m5!1s0x2e7a423e8f224f2f:0x78f8a97e96368af5!8m2!3d-7.6442043!4d110.5980704!16s%2Fg%2F11c73mpffs?entry=tts&g_ep=EgoyMDI2MDgxOS4wIPu8ASoASAFQAw%3D%3D&skid=525f3dcf-3097-436b-a0a9-3b0bc8dc4bad","4","Jawa Tengah","Jl. Klaten - Jatinom No.7","false","Pertama kali datang, pertama kali berkunjung dan bagus kok tempatnya. bersih, rapih juga. banyak kolam yg ditawarkan, ada yg buat anak² khusus, ada yg buat dewasa sampai 2meter kedalaman kalo ga salah, terus ada yg khusus kolam buat wanita (jadi yg biasa berhijab, atau biar ndak bareng ikhwan, bisa nih disini yg khusus wanita). dibagian agak atas ada kolam yg bawahnya pakai batu² (kayaknya lebih adem dan nyamn sii, cuman kedalaman 160/170cm - sedangkan ku ga bisa berenang hehe jadi ga berani coba). tempat buat duduk²nya juga banyak, buat naruh barang² kita disitu. ada tamannya, ada gazebo juga, ada binatang hamster juga dikandang. Eh lupa, buat yg ga bisa berenang kayak aku bisa tu nyewa ban cuman 5k, atau yg lupa ga bawa baju renang/ baju ganti, disitu juga jual celana kolor deh kalo ga salah kemarin ku lihat (kalo salah, mohon dikoreksi yaaa). Kantinnya banyak banget.. jajan yg ditawarkan juga variatif banget, mulai dari makanan/minuman ringan, sampe yg berat² (yg berat apa yak?🤔) keseluruhan bagus kok. Oh iya lupa, pelayanannya juga bagus kok, terus ada akses jalannya juga buat yg pake kursi roda..",,"Umbul Susuhan","4.4",,"https://www.google.com/maps/search/?api=1&query=Umbul%20Susuhan&query_place_id=ChIJL08ijz5Cei4R9Yo2ln6p-Hg",
"Jl. Klaten - Jatinom No.7, Dusun 1, Manjungan, Kec. Ngawen, Kabupaten Klaten, Jawa Tengah 57466, Indonesia","11211421739855492727","Taman Rekreasi Air","Kolam renang luar ruangan","Kolam Renang","Tujuan Wisata","Taman Rekreasi Air","8716903439926725365","Kabupaten Klaten","ID","0x2e7a423e8f224f2f:0x78f8a97e96368af5",,"https://lh3.googleusercontent.com/gps-cs-s/AHRPTWmLAC292IyEZxwnxzT96dOfJ11UjIo_SES-giCPaXIIGvN1dIM0IPUoai_HjX-A-ghkSdtSS1C2yNwfiquZWHpYeQGmtVZ7cRnXAC9h2oOiDtx8v22fL3JYHji1o3dEOeCyn_k=w408-h306-k-no","false","true","/g/11c73mpffs","id","0","-7.6442043","110.5980704","Sandra Putri","Dusun 1, Manjungan, Kecamatan Ngawen","id","false","ChIJL08ijz5Cei4R9Yo2ln6p-Hg","57466",,"setahun lalu","2025-08-15T15:26:13.187Z",,,,,,,"Ci9DQUlRQUNvZENodHljRjlvT210dk5IRnhiMmgyVlMxUGQzUmphV1JyUmpGVWQxRRAB","https://lh3.googleusercontent.com/grass-cs/ACvplmOAm4XsIouXpkCXgSMB4FbaGj-yeGGs8LilPBPiSszQZ7WmUjg1OcBHSTJETFc035bWcE4UGNe5uNY0RFOJefXhMbh8Uw7eQzZsoNSOtTpk6G0VNzUu47QTgARLhvvEiJuTD33ZhCbCprYE=k-no",,,,,,,,,,,,,,,,,,,,,,,"Google","https://www.google.com/maps/reviews/data=!4m8!14m7!1m6!2m5!1sCi9DQUlRQUNvZENodHljRjlvT210dk5IRnhiMmgyVlMxUGQzUmphV1JyUmpGVWQxRRAB!2m1!1s0x0:0x78f8a97e96368af5!3m1!1s2@1:CAIQACodChtycF9oOmtvNHFxb2h2VS1Pd3RjaWRrRjFUd1E%7C%7C?hl=id","103531129779615879675","21","https://lh3.googleusercontent.com/a-/ALV-UjUC6pz-7XIbAsPXxTn2ULj4kMao6cMB9I5WH4g_irigcx-cLqip=s1920-c-rp-mo-ba12-br100","https://www.google.com/maps/contrib/103531129779615879675?hl=id","2039","2026-08-24T04:05:00.874Z","Direct Detail URL: https://www.google.com/maps/place/Umbul+Susuhan/@-7.6442043,110.5980704,17z/data=!4m6!3m5!1s0x2e7a423e8f224f2f:0x78f8a97e96368af5!8m2!3d-7.6442043!4d110.5980704!16s%2Fg%2F11c73mpffs?entry=tts&g_ep=EgoyMDI2MDgxOS4wIPu8ASoASAFQAw%3D%3D&skid=525f3dcf-3097-436b-a0a9-3b0bc8dc4bad","4","Jawa Tengah","Jl. Klaten - Jatinom No.7","false","bagus sih lumayan banyak kolamnya, tp tolong diperhatikan buat kolam kolam yg kecil dong kebersihannya",,"Umbul Susuhan","4.4",,"https://www.google.com/maps/search/?api=1&query=Umbul%20Susuhan&query_place_id=ChIJL08ijz5Cei4R9Yo2ln6p-Hg",
"Jl. Klaten - Jatinom No.7, Dusun 1, Manjungan, Kec. Ngawen, Kabupaten Klaten, Jawa Tengah 57466, Indonesia","11211421739855492727","Taman Rekreasi Air","Kolam renang luar ruangan","Kolam Renang","Tujuan Wisata","Taman Rekreasi Air","8716903439926725365","Kabupaten Klaten","ID","0x2e7a423e8f224f2f:0x78f8a97e96368af5",,"https://lh3.googleusercontent.com/gps-cs-s/AHRPTWmLAC292IyEZxwnxzT96dOfJ11UjIo_SES-giCPaXIIGvN1dIM0IPUoai_HjX-A-ghkSdtSS1C2yNwfiquZWHpYeQGmtVZ7cRnXAC9h2oOiDtx8v22fL3JYHji1o3dEOeCyn_k=w408-h306-k-no","false","true","/g/11c73mpffs","id","0","-7.6442043","110.5980704","Gus Minging Setiawan","Dusun 1, Manjungan, Kecamatan Ngawen","id","false","ChIJL08ijz5Cei4R9Yo2ln6p-Hg","57466",,"7 tahun lalu","2018-09-14T10:45:44.791Z",,,,,,,"ChdDSUhNMG9nS0VJQ0FnSUN3c2ZuR2t3RRAB","https://lh3.googleusercontent.com/grass-cs/ACvplmOTHy3JPSHPADfuGfBW4m1BfBoWEazgACcOybKOWuz5qB2MGXYNX0RmtX0IBgpLREU12FuYJoJ8RIHxkHOYpDGl79j2uM2KWOhVzqa00I6xZY98TW8NIazFWwPyns23oo-uAaGs=k-no","https://lh3.googleusercontent.com/grass-cs/ACvplmOnwqkAIpE-cP3dk4tOy-BuL5F4iAgNr1I1JifIG175t6oI4OyJ7zSpXnJRu7wolFiBKwtw1x0VS36OXZIZf1yHgZ658wyC3aJKKOZD5B7IbIi0m-plrK2qC_D1vTU9p-BVZxJibQ=k-no","https://lh3.googleusercontent.com/grass-cs/ACvplmMPqyyqZsSRoL_B6VueKsbCsMonBzQGzSpGMi3z8a6G7M15u9RyT8UImlD1uf6tF3pE3A_14K-o13VsKDww8qGTzk0Hvgomo3t0BA9ExEJsI0WJ-LeCtVucBbYKri-AseVIYeqx9A=k-no","https://lh3.googleusercontent.com/grass-cs/ACvplmM3W1uQfKb5rmHqSmdfbT_V2RLIHW0M1gDACnzg1GaGfxi_q0bV4rfadif6alE5qb6rwAY8J74zGq1-cV6Y03qJx6z6ZzU6Q-xUyxAMg92iZn233ku8lzwr5JtUcRdICC_UtONhRQ=k-no","https://lh3.googleusercontent.com/grass-cs/ACvplmMwO2_XOjGKwl-TzQdyvf2HzldBKEGR0l2CRzEclb_0KP87VUzHQW-AAZtVyweGHTcCWD7Mx7RS-1Ijly3XrPnZ_bwHcyVxJEcyBiotfAvQPZN6knX5teJ06wPZWbyRiFnJRSW5=k-no","https://lh3.googleusercontent.com/grass-cs/ACvplmP5SDmIxRwCCUBWuY10BA6mWa4YtW480YpTejGz_v1FgNQlSOoxhpK0EtTkdEX-8Xtt_oSOOLQwFiD5F-vpdlUYu81HAbgFkdUvM8AxjdyWtDU3qNfQ8IW5yTNWcxrP8FTxp5vy-w=k-no","https://lh3.googleusercontent.com/grass-cs/ACvplmM3Sv5Dlu92eDHs87un48reX2JOKFhgw7l4UpIMVXc3m9-F8fPo2Zav1llgK7l2ZRzikZ4UGXETam3phsNATC1EM8wi7bdOxNNU_srQrzT5ZGk2lpnjEAGI-OZxucIk9UOjbXEh=k-no","https://lh3.googleusercontent.com/grass-cs/ACvplmOLgk8jA57qZzMVR53P23zhZ41f_cMR-jtX8lZQ12p3bUjTVGEbi-epWCJQF87nxv7hzIbz9ASjvr72IKpQOrQR_rY7dWSIVYjwY7Pj7Ujp92MRJbR5AUwly38YSaUTpI0kwmw=k-no","https://lh3.googleusercontent.com/grass-cs/ACvplmPoYX7fenc-yqWlg3CYFrPITbL8LrEf6IE-S0HmGJtEyos2Ak_i7YMFyak-lJ1yDwjqNN0cfeL8nLFL0U76mvS6IkmEFgi7oj4Tzy7oejJt6PJ3r3ces_6jLpLsvIqIMzcrLSbp=k-no","https://lh3.googleusercontent.com/grass-cs/ACvplmOXN91hG8hiH3sKbgzr44w4YUOGb92TpOU4XWwYmdXAyrCEjihhqWmlZY8iOhfUKnp-TUv12oIW9KXv_hnvAkdO6FwL-pVcfrqMIsHpqE8yeRDxqXc1AgJtbfnzdd971QldrCqu-w=k-no","https://lh3.googleusercontent.com/grass-cs/ACvplmMkjtUFBm4JLrfPdMRLOlBqZFEuq50YormtroCV0ntsjXJKF1eQQQG_FYIrZAGZKrGQntiFCFEfE9kEpZrDaTTrO9R1Em_75fcbY-aL99OUKBYgAyf7-i14HHEkCbkhv7Vtcl8=k-no","https://lh3.googleusercontent.com/grass-cs/ACvplmNtwXMyeScHK1YNRr8Pw4_WPaoGnk9lpZCka7dST2n_nAsM8sGcOz-YFRvUfB_tc89IQJZk36kNRF_oM778Pw4xrg5r1IxUK7BHXu2QRpluRnZPl5kToKZp4g3IUNZHLN5XNK3qRg=k-no","https://lh3.googleusercontent.com/grass-cs/ACvplmOdpDFvp6oJjZeStseeUCEDfdjscmaBfzef_gLhgnM5fVhpWaSQ8-f85MSHyWtl-GILKOY0uYIaMP_FvkDPyM7EwiQuVJSW_C2bzvH0eg4jhapotzvw6_07jbSqoABF1bLC5QzH=k-no","https://lh3.googleusercontent.com/grass-cs/ACvplmOTxueyB1v0HzvqBpaZ8siKRMV8g5mjZPCm715cR2ZfThJrkICdpBjhnZEcu4VubA5lFGTmlhm2ej8iBzXfhnJt_LWULGPIT9N9ioqWNlFILOpKoYrPL1Rbyc853BbFIF399fNkdA=k-no","https://lh3.googleusercontent.com/grass-cs/ACvplmM2ns_gNIqXUaV6NqEG6lPrOfs8T7WPnMhjHtGWsrJd0fcDC8iU_49vdaPUH6kGJjxjRICZSyUD8VxqX88Sqd_aQvxnpw6esMw5W5qzSqOlnVy-EAjGBh1m7z6WgTpi4hoHd4znTg=k-no",,,,,,,,,"Google","https://www.google.com/maps/reviews/data=!4m8!14m7!1m6!2m5!1sChdDSUhNMG9nS0VJQ0FnSUN3c2ZuR2t3RRAB!2m1!1s0x0:0x78f8a97e96368af5!3m1!1s2@1:CIHM0ogKEICAgICwsfnGkwE%7C%7C?hl=id","106737639758403162892","167","https://lh3.googleusercontent.com/a-/ALV-UjUpmVeVF5Rsr1tnf3dfq3K-wpBPXSYyifcwIF8w4VZbYCwhNneA=s1920-c-rp-mo-ba12-br100","https://www.google.com/maps/contrib/106737639758403162892?hl=id","2039","2026-08-24T04:05:00.874Z","Direct Detail URL: https://www.google.com/maps/place/Umbul+Susuhan/@-7.6442043,110.5980704,17z/data=!4m6!3m5!1s0x2e7a423e8f224f2f:0x78f8a97e96368af5!8m2!3d-7.6442043!4d110.5980704!16s%2Fg%2F11c73mpffs?entry=tts&g_ep=EgoyMDI2MDgxOS4wIPu8ASoASAFQAw%3D%3D&skid=525f3dcf-3097-436b-a0a9-3b0bc8dc4bad","5","Jawa Tengah","Jl. Klaten - Jatinom No.7","false","Airnya sangat spesial karena keluar terus menerus dari umbul atau mata air. Seger dan sejuk sekali airnya, terutama air yang dibawah pohon beringin, terkesan alami dan bisa berenang bersama ikan koi dan foto dalam air. Rekomended banget untuk liburan keluarga. Harga tiket masuk rp.8.000 sangat pas di kantong",,"Umbul Susuhan","4.4",,"https://www.google.com/maps/search/?api=1&query=Umbul%20Susuhan&query_place_id=ChIJL08ijz5Cei4R9Yo2ln6p-Hg",
"Jl. Klaten - Jatinom No.7, Dusun 1, Manjungan, Kec. Ngawen, Kabupaten Klaten, Jawa Tengah 57466, Indonesia","11211421739855492727","Taman Rekreasi Air","Kolam renang luar ruangan","Kolam Renang","Tujuan Wisata","Taman Rekreasi Air","8716903439926725365","Kabupaten Klaten","ID","0x2e7a423e8f224f2f:0x78f8a97e96368af5",,"https://lh3.googleusercontent.com/gps-cs-s/AHRPTWmLAC292IyEZxwnxzT96dOfJ11UjIo_SES-giCPaXIIGvN1dIM0IPUoai_HjX-A-ghkSdtSS1C2yNwfiquZWHpYeQGmtVZ7cRnXAC9h2oOiDtx8v22fL3JYHji1o3dEOeCyn_k=w408-h306-k-no","false","true","/g/11c73mpffs","id","0","-7.6442043","110.5980704","Warsito Jati","Dusun 1, Manjungan, Kecamatan Ngawen","id","false","ChIJL08ijz5Cei4R9Yo2ln6p-Hg","57466",,"Diedit 7 bulan lalu","2026-01-18T11:19:49.082Z",,,,,,,"ChZDSUhNMG9nS0VJQ0FnSURnbHN1UmN3EAE","https://lh3.googleusercontent.com/grass-cs/ACvplmM1DECOUYP2VBLcIivWaIrs5YumBLuWf8CszR51iXjI4bbnwjG-NgHfGxR93cDm_t33GJrmV_nLqor_tTC2-FFUrnEBw8lLaTYwyS7brgQD375dunUq-XWnWwg73ia-tkAgn6cDgSC4kP88=k-no","https://lh3.googleusercontent.com/grass-cs/ACvplmNN6x44ScMqQ8toz1UB8fshTcmpD4NZmpyFFXIwYw6Z9Pxk5ws6cP47MVmIC4qIjcdO4eeXaF59PjYlg_ySvRtLdulnN80C_hN9-oOj_w63DoNdFGKwEGZT4ajISz-rkwuI8ln6mEF-hFg=k-no","https://lh3.googleusercontent.com/grass-cs/ACvplmNljzg5w1mxNozG25Hu2XYMKXZx32PC3Gp4Eg-joy2TEeXogxoOLFxhC8_4q1I_SapbyQJRr4-rodNf8ZtYGuqP49XMf4ypMsy7xLlcYJAoOt2711zskPO20S9_dHmfd6pnXF7Dn7vWQxc=k-no","https://lh3.googleusercontent.com/grass-cs/ACvplmNHngzkGM2VieMyVCRAkHhYYWAJ-MqITEZG2meyqeTA7sdzZJZUUTp6n5v9bMrl90hGzeTyjoKVvEz4TF6NfZnuUKWRayPgmUpq8Hbbg2C3iEKMK1-piTgf8vuGgv2mM4nLO6YtURfELcKv=k-no",,,,,,,,,,,,,,,,,,,,"Google","https://www.google.com/maps/reviews/data=!4m8!14m7!1m6!2m5!1sChZDSUhNMG9nS0VJQ0FnSURnbHN1UmN3EAE!2m1!1s0x0:0x78f8a97e96368af5!3m1!1s2@1:CIHM0ogKEICAgIDglsuRcw%7C%7C?hl=id","118315196871639771381","151","https://lh3.googleusercontent.com/a-/ALV-UjUDVZaBzwRQfJJStj1LDvFMyXKR3Tr6Qlxuzy-Rhl9ugbqrz3aXbw=s1920-c-rp-mo-ba12-br100","https://www.google.com/maps/contrib/118315196871639771381?hl=id","2039","2026-08-24T04:05:00.874Z","Direct Detail URL: https://www.google.com/maps/place/Umbul+Susuhan/@-7.6442043,110.5980704,17z/data=!4m6!3m5!1s0x2e7a423e8f224f2f:0x78f8a97e96368af5!8m2!3d-7.6442043!4d110.5980704!16s%2Fg%2F11c73mpffs?entry=tts&g_ep=EgoyMDI2MDgxOS4wIPu8ASoASAFQAw%3D%3D&skid=525f3dcf-3097-436b-a0a9-3b0bc8dc4bad","4","Jawa Tengah","Jl. Klaten - Jatinom No.7","false","Salah satu dari puluhan sumber mata air alami di klaten. Sangat menyegarkan, sayang pohon besar di mata air utama tumbang. Beberapa pohon lainnya masih ada, cukup untuk menambah suasana rindang dan menyenangkan untuk berlama-lama di situ. Kamar ganti cukup banyak, kebersihan sudah lumayan ditingkatkan namun masih nampak sedikit kumuh. Ada Kolam renang khusus putri, ini yang jarang ada di pemandian/umbul yang lain",,"Umbul Susuhan","4.4",,"https://www.google.com/maps/search/?api=1&query=Umbul%20Susuhan&query_place_id=ChIJL08ijz5Cei4R9Yo2ln6p-Hg",
"Jl. Klaten - Jatinom No.7, Dusun 1, Manjungan, Kec. Ngawen, Kabupaten Klaten, Jawa Tengah 57466, Indonesia","11211421739855492727","Taman Rekreasi Air","Kolam renang luar ruangan","Kolam Renang","Tujuan Wisata","Taman Rekreasi Air","8716903439926725365","Kabupaten Klaten","ID","0x2e7a423e8f224f2f:0x78f8a97e96368af5",,"https://lh3.googleusercontent.com/gps-cs-s/AHRPTWmLAC292IyEZxwnxzT96dOfJ11UjIo_SES-giCPaXIIGvN1dIM0IPUoai_HjX-A-ghkSdtSS1C2yNwfiquZWHpYeQGmtVZ7cRnXAC9h2oOiDtx8v22fL3JYHji1o3dEOeCyn_k=w408-h306-k-no","false","true","/g/11c73mpffs","id","1","-7.6442043","110.5980704","Zukhruf","Dusun 1, Manjungan, Kecamatan Ngawen","id","false","ChIJL08ijz5Cei4R9Yo2ln6p-Hg","57466",,"4 tahun lalu","2022-01-04T09:49:53.418Z",,,,,,,"ChdDSUhNMG9nS0VJQ0FnSUNtNWRxZXpRRRAB","https://lh3.googleusercontent.com/grass-cs/ACvplmN7zXr5876k-fjklqYzIYm6GPetEnWQOBI026iyoweogYz-1nXtURH43QStdifw34Wz5NX-YQE8o_LKwQdiK32RWBkIeu3sKzU1Ua9u59JmsIEZB5sOuhc2LRTTeuV5MUKZMioS5Q=k-no","https://lh3.googleusercontent.com/grass-cs/ACvplmMY1MR-J_56yxHhJVFAQfNjn60tfGqT9VXvZV3ZvEwgTEJipQU7-bIhKpguz_rxe24s6jUZ07IOq_5iWg83yfsBrc10QK1wJHeIkZZoKtgGDPRTvoMOJzHHu8-1VCWqfsdRa2jD=k-no","https://lh3.googleusercontent.com/grass-cs/ACvplmMv-4ETVFBHUO2CVzyRDFRhkjTbi_csIQmk4peFMWHT9IXXpOK2pgP6Ep_BP6gJKcncv9JlQJh1iF5zDUXv4BijqdSSEcpBFZkCv9XO3ZruJrLsu51_6VZogEOZa3USNmiG9k5cmw=k-no","https://lh3.googleusercontent.com/grass-cs/ACvplmMdb2gTnHrlxRbx0ntLOZdrqwnf_S0W1UYERiZeYrr3I3bRT11m9zny5jMrtmYO6B740-nACHPMuRuMwT5pikapxSMdMh245T7RqsEOxZVb8H7wdO87rEuQFbf7klpVBWokzQA=k-no","https://lh3.googleusercontent.com/grass-cs/ACvplmO7EcRM9cZtfH_wZXQAzE-QVLW0AfzTdYd4uO0eyfEle6O5G6PK4R4AkrfFynBWL4f3ZWcQU5kFkLF07BLshQUXGT98Eo4D-qalINwSGBvyxX5hnuA5Qat1E5rcz8NcNJZ97AaTSA=k-no","https://lh3.googleusercontent.com/grass-cs/ACvplmMgyNYeURi6Of8LepCruIfh8iUieMYlqE_ID1bdUimk8Cq0GHq3UXTtbIomtrRJ87rr0KmaPOM3W4L2tDq7a4njj9yO2tAFt4I7SZlcc0fmcgt47480lfAlPu1ZLu8Ucvjn8RA=k-no","https://lh3.googleusercontent.com/grass-cs/ACvplmOLLy01bnjkpBjY4wrLolhBy3ekIWyWvNEtjNcAfVsEqu6PlmocEEUisdzyojA4Gqxg6h8vcZnAWWVbXH4qCZA_kDEzDdu_CmeIzHNMDPDdgKDkGVN1RtxcgkDKKES7lnA43ezl9w=k-no",,,,,,,,,,,,,,,,,"Google","https://www.google.com/maps/reviews/data=!4m8!14m7!1m6!2m5!1sChdDSUhNMG9nS0VJQ0FnSUNtNWRxZXpRRRAB!2m1!1s0x0:0x78f8a97e96368af5!3m1!1s2@1:CIHM0ogKEICAgICm5dqezQE%7C%7C?hl=id","117240225433443967888","159","https://lh3.googleusercontent.com/a-/ALV-UjUiiF0vUpZW8n2iwrpSStmpYjpoRfTGINgIZGoYpUw3XiHEzAY6NA=s1920-c-rp-mo-ba12-br100","https://www.google.com/maps/contrib/117240225433443967888?hl=id","2039","2026-08-24T04:05:00.874Z","Direct Detail URL: https://www.google.com/maps/place/Umbul+Susuhan/@-7.6442043,110.5980704,17z/data=!4m6!3m5!1s0x2e7a423e8f224f2f:0x78f8a97e96368af5!8m2!3d-7.6442043!4d110.5980704!16s%2Fg%2F11c73mpffs?entry=tts&g_ep=EgoyMDI2MDgxOS4wIPu8ASoASAFQAw%3D%3D&skid=525f3dcf-3097-436b-a0a9-3b0bc8dc4bad","4","Jawa Tengah","Jl. Klaten - Jatinom No.7","false","Ada kolam khusus perempuan.
Kolam sedikit kotor, kamar mandi banyak laba2.

Airnya dingin meski masuk waktu Dhuhur, mentari terik. Tetap aja dingiiiin.",,"Umbul Susuhan","4.4",,"https://www.google.com/maps/search/?api=1&query=Umbul%20Susuhan&query_place_id=ChIJL08ijz5Cei4R9Yo2ln6p-Hg",
"Jl. Klaten - Jatinom No.7, Dusun 1, Manjungan, Kec. Ngawen, Kabupaten Klaten, Jawa Tengah 57466, Indonesia","11211421739855492727","Taman Rekreasi Air","Kolam renang luar ruangan","Kolam Renang","Tujuan Wisata","Taman Rekreasi Air","8716903439926725365","Kabupaten Klaten","ID","0x2e7a423e8f224f2f:0x78f8a97e96368af5",,"https://lh3.googleusercontent.com/gps-cs-s/AHRPTWmLAC292IyEZxwnxzT96dOfJ11UjIo_SES-giCPaXIIGvN1dIM0IPUoai_HjX-A-ghkSdtSS1C2yNwfiquZWHpYeQGmtVZ7cRnXAC9h2oOiDtx8v22fL3JYHji1o3dEOeCyn_k=w408-h306-k-no","false","true","/g/11c73mpffs","id","2","-7.6442043","110.5980704","Tony R","Dusun 1, Manjungan, Kecamatan Ngawen","id","false","ChIJL08ijz5Cei4R9Yo2ln6p-Hg","57466",,"5 tahun lalu","2021-07-08T03:55:38.422Z",,,,,,,"ChdDSUhNMG9nS0VJQ0FnSURxdHJxTDJBRRAB","https://lh3.googleusercontent.com/grass-cs/ACvplmPwzqGXt2NwKDZ_Giqg76PTrBSYessVwaLTlb8BJ10DXPzyYOEl_1IhKnoZd0rhxduizhbfWACSwi7TibEIVgdR3nNVEUQB-QMKHhxV5fkerf2Pno3V-p217PTboCuPEXDuVN-I=k-no","https://lh3.googleusercontent.com/grass-cs/ACvplmOXxeHwGjZaUVxOqK9r1XBWXbCOISkFvHj0vLQ5r8AjvVRbQ7gHyHuubJIf6VuIcFgbWQQgzPHOLiYPGMKDyqN1_4pZX45QOB8W-KGBthLv6V6yTEyPE8pBWbubFzxIkWsSAmXC=k-no","https://lh3.googleusercontent.com/grass-cs/ACvplmNQq0ylXKz4IcXAU9ibfy56WHxzd7GnYkovVsZHv3iTmoZRuKjgLHdbsYN82ehL8JMfb_JUI6UjNy1Wk0xiAia8RlFBY8d2qf4LctU550iwL856iI_wwKqsiVOU2O_qs5utgHAx=k-no","https://lh3.googleusercontent.com/grass-cs/ACvplmPsKKReAp5fZT_NVubAiti_HG7wKhYL3c8jtDyFcQD-wGdU60yTuquBkxSUBZZ2SRlZ-srTcNTkstYDrMPrs9Ng9lx94WA3OtgMOiRBpGt11AzjKhUdUx3PPNQX29xaajnkCoSmFg=k-no",,,,,,,,,,,,,,,,,,,,"Google","https://www.google.com/maps/reviews/data=!4m8!14m7!1m6!2m5!1sChdDSUhNMG9nS0VJQ0FnSURxdHJxTDJBRRAB!2m1!1s0x0:0x78f8a97e96368af5!3m1!1s2@1:CIHM0ogKEICAgIDqtrqL2AE%7C%7C?hl=id","108204058775750219979","435","https://lh3.googleusercontent.com/a-/ALV-UjUvebcALmuHDRiGNC6GPA1vA05ktwinyhTHyzX4x63kKEARcbyY=s1920-c-rp-mo-ba12-br100","https://www.google.com/maps/contrib/108204058775750219979?hl=id","2039","2026-08-24T04:05:00.874Z","Direct Detail URL: https://www.google.com/maps/place/Umbul+Susuhan/@-7.6442043,110.5980704,17z/data=!4m6!3m5!1s0x2e7a423e8f224f2f:0x78f8a97e96368af5!8m2!3d-7.6442043!4d110.5980704!16s%2Fg%2F11c73mpffs?entry=tts&g_ep=EgoyMDI2MDgxOS4wIPu8ASoASAFQAw%3D%3D&skid=525f3dcf-3097-436b-a0a9-3b0bc8dc4bad","5","Jawa Tengah","Jl. Klaten - Jatinom No.7","false","Dengan biaya masuk sebesar 10ribu plus parkir 2ribu dapat menikmati berbagi kolam yg tersedia.. air masih Alami, kedalaman kolam ada yg khuss anak2, selutut, 1,6/1,7m, ada juga yg 2,5 m.. ada kolam wanita juga, ruang bilas free",,"Umbul Susuhan","4.4",,"https://www.google.com/maps/search/?api=1&query=Umbul%20Susuhan&query_place_id=ChIJL08ijz5Cei4R9Yo2ln6p-Hg",
"Jl. Klaten - Jatinom No.7, Dusun 1, Manjungan, Kec. Ngawen, Kabupaten Klaten, Jawa Tengah 57466, Indonesia","11211421739855492727","Taman Rekreasi Air","Kolam renang luar ruangan","Kolam Renang","Tujuan Wisata","Taman Rekreasi Air","8716903439926725365","Kabupaten Klaten","ID","0x2e7a423e8f224f2f:0x78f8a97e96368af5",,"https://lh3.googleusercontent.com/gps-cs-s/AHRPTWmLAC292IyEZxwnxzT96dOfJ11UjIo_SES-giCPaXIIGvN1dIM0IPUoai_HjX-A-ghkSdtSS1C2yNwfiquZWHpYeQGmtVZ7cRnXAC9h2oOiDtx8v22fL3JYHji1o3dEOeCyn_k=w408-h306-k-no","false","true","/g/11c73mpffs","id","1","-7.6442043","110.5980704","Matahari Senja","Dusun 1, Manjungan, Kecamatan Ngawen","id","false","ChIJL08ijz5Cei4R9Yo2ln6p-Hg","57466",,"7 tahun lalu","2019-02-10T13:50:10.916Z",,,,,,,"ChdDSUhNMG9nS0VJQ0FnSUNvcXJERmtnRRAB","https://lh3.googleusercontent.com/grass-cs/ACvplmPASZ1zTHyZt0QBdhR-yILcLvJgKzYH51oFQxGdTgfjOPn7HvGS3872coupD-Jfjbub3IoVutfQrcF9R3P1BFsQgynKCGuJvIouJbtndOYZ5NMEtGbrA2GTEu8wxd9CfCXP4wb7=k-no","https://lh3.googleusercontent.com/grass-cs/ACvplmNDdNLP_Scu_kJ3cHzOg9DLIYU4a3iWtgIfHy0BDE97zoeEtt1GBo1lUACJQQdc20kdBS_Qah61_RixShxp5tIbBaIBJtqc9uQaP38W-uJ8daXyTuCUxMFJhUjbhmuHw6QzNKAY=k-no","https://lh3.googleusercontent.com/grass-cs/ACvplmNroOHwp7k2RIRCTo8JfZP0_JpNvOBxp9c2fVB19L9B0lED4JChW3utKpnIbZaK6AC5hbR-iLeHP1Gh2e0GoN6LBdHj7Htatp728BAQgUtEYaXsB60fPnq8nIuOIZ_HUfGt010=k-no","https://lh3.googleusercontent.com/grass-cs/ACvplmOVGs56T2TPtu8uLdpMBoK52Lt1nfvdnRA8s9z8-xql0T51Et9aUsiHG5ufxvKdTe88OLWo5YPiby8YOGij0OHuZ4c-MtBeBM16RZB-eLpH8BrriYaLd1cCWBW5ERdfcDK7j1E=k-no",,,,,,,,,,,,,,,,,,,,"Google","https://www.google.com/maps/reviews/data=!4m8!14m7!1m6!2m5!1sChdDSUhNMG9nS0VJQ0FnSUNvcXJERmtnRRAB!2m1!1s0x0:0x78f8a97e96368af5!3m1!1s2@1:CIHM0ogKEICAgICoqrDFkgE%7C%7C?hl=id","100292960797951808989","229","https://lh3.googleusercontent.com/a-/ALV-UjXPuLYVhpw2ZLjDoXo-pHQjH-hRTT-LPs2zcEzrQbVy9Wjga_VaBQ=s1920-c-rp-mo-ba12-br100","https://www.google.com/maps/contrib/100292960797951808989?hl=id","2039","2026-08-24T04:05:00.874Z","Direct Detail URL: https://www.google.com/maps/place/Umbul+Susuhan/@-7.6442043,110.5980704,17z/data=!4m6!3m5!1s0x2e7a423e8f224f2f:0x78f8a97e96368af5!8m2!3d-7.6442043!4d110.5980704!16s%2Fg%2F11c73mpffs?entry=tts&g_ep=EgoyMDI2MDgxOS4wIPu8ASoASAFQAw%3D%3D&skid=525f3dcf-3097-436b-a0a9-3b0bc8dc4bad","4","Jawa Tengah","Jl. Klaten - Jatinom No.7","false","Umbulnya cukup bersih, luas juga,  banyak kolamnya,  ada yg khusus muslimah juga sama anak anak. Penjaga kolam muslimahnya tegas,  jadi ketertiban terjaga di dalamnya.  Ada yang jual makanan juga di dalem,, trus biaya masuk cukup terjangkau yakni 8000 parkir roda dua 2000, ada persewaanal ban juga. Kamar ganti dipisah antara pria dan wanita jadi nyaman,  ada mushola juga.",,"Umbul Susuhan","4.4",,"https://www.google.com/maps/search/?api=1&query=Umbul%20Susuhan&query_place_id=ChIJL08ijz5Cei4R9Yo2ln6p-Hg",
"Jl. Klaten - Jatinom No.7, Dusun 1, Manjungan, Kec. Ngawen, Kabupaten Klaten, Jawa Tengah 57466, Indonesia","11211421739855492727","Taman Rekreasi Air","Kolam renang luar ruangan","Kolam Renang","Tujuan Wisata","Taman Rekreasi Air","8716903439926725365","Kabupaten Klaten","ID","0x2e7a423e8f224f2f:0x78f8a97e96368af5",,"https://lh3.googleusercontent.com/gps-cs-s/AHRPTWmLAC292IyEZxwnxzT96dOfJ11UjIo_SES-giCPaXIIGvN1dIM0IPUoai_HjX-A-ghkSdtSS1C2yNwfiquZWHpYeQGmtVZ7cRnXAC9h2oOiDtx8v22fL3JYHji1o3dEOeCyn_k=w408-h306-k-no","false","true","/g/11c73mpffs","id","0","-7.6442043","110.5980704","uut uthe","Dusun 1, Manjungan, Kecamatan Ngawen","id","false","ChIJL08ijz5Cei4R9Yo2ln6p-Hg","57466",,"8 tahun lalu","2018-05-05T05:57:18.449Z",,,,,,,"ChdDSUhNMG9nS0VJQ0FnSURRdnVPXzJ3RRAB","https://lh3.googleusercontent.com/grass-cs/ACvplmNEZgu7R3vDppRkrf6R4XvBVkYDSGQnwZ-Aqoos0XxFz_NnZbpQM4PqlHjKZ4FykE3zyaoFGEBbLsH6Gn1mO5iyBYx3OnaPgK7_fRYbLBGyrjXlboxnFiO4h-I5ts7de5Z9YpVE=k-no","https://lh3.googleusercontent.com/grass-cs/ACvplmN_XcWnCvlySYxFV1A_wELpIn0CXRF9lYgG9ebQOy-EqFP537tOcipU5ebPDrpg6dqjaSY83hHtJGqrORCtvCvVpPjORoLChw7A_xHB906hD1hPx8B1dRJeF-uk2JkXUXsx82S1=k-no","https://lh3.googleusercontent.com/grass-cs/ACvplmPQW186Smm5ZHuDGY6hnQE50Lb5FKqIEOaZxMWSrnSFRCSYdBBxXj4a58OT_oX3fZU-HPEPo3iLX8rbth_8N_1IqfmnuiDYa62mzifxaa7iUEaboA3aGEasBp6IJg0hdpXghkQ=k-no","https://lh3.googleusercontent.com/grass-cs/ACvplmMapaB6Y0ySvgxs5Wge2gwuLqDws4YOL_uGATuP4SJYLnGdFl8Zw7nxwUTUxqEM_BNsUMn6ZOqj0Kc-UG4dMrM0l7LvmeNdUDV1H-D63GqEAQ386WsA-SUrdxqG8E-qGmxNCocx=k-no","https://lh3.googleusercontent.com/grass-cs/ACvplmPE97SIUdv5jbPV5QQOeif60iORXDARVwg72li5ceOARv9kHAU8wkWhUecxqpjC-YYPREpdCN81inN3KEH_ltO7asL_vXFQn5rm1uqqT9A5tcNIzSZlvrsYL16NNO5fLeCfQp3LnQ=k-no",,,,,,,,,,,,,,,,,,,"Google","https://www.google.com/maps/reviews/data=!4m8!14m7!1m6!2m5!1sChdDSUhNMG9nS0VJQ0FnSURRdnVPXzJ3RRAB!2m1!1s0x0:0x78f8a97e96368af5!3m1!1s2@1:CIHM0ogKEICAgIDQvuO_2wE%7C%7C?hl=id","109332843221385747294","140","https://lh3.googleusercontent.com/a/ACg8ocKOb3OgD0MPgNqaQfJSNk11KjcwWY7gvnMA4Xhh45UnMFAwnQ=s1920-c-rp-mo-ba12-br100","https://www.google.com/maps/contrib/109332843221385747294?hl=id","2039","2026-08-24T04:05:00.874Z","Direct Detail URL: https://www.google.com/maps/place/Umbul+Susuhan/@-7.6442043,110.5980704,17z/data=!4m6!3m5!1s0x2e7a423e8f224f2f:0x78f8a97e96368af5!8m2!3d-7.6442043!4d110.5980704!16s%2Fg%2F11c73mpffs?entry=tts&g_ep=EgoyMDI2MDgxOS4wIPu8ASoASAFQAw%3D%3D&skid=525f3dcf-3097-436b-a0a9-3b0bc8dc4bad","4","Jawa Tengah","Jl. Klaten - Jatinom No.7","false","Tmpt pemandian yg ckp dekat ... htm 5000. Kolam banyak .... skrg masih proses renov . Kolam khusus perempuan jg ada ...tertutup gitu cocok buat yg berhijab . Mushola ada luas . Kantin ada 1 yg jual gorengan smp antri2 😄 . Spot foto jg ada ... lumayanlah buat seger2 di siang hari . Buka jm 05.00- 18.00 wib .",,"Umbul Susuhan","4.4",,"https://www.google.com/maps/search/?api=1&query=Umbul%20Susuhan&query_place_id=ChIJL08ijz5Cei4R9Yo2ln6p-Hg",
"Jl. Klaten - Jatinom No.7, Dusun 1, Manjungan, Kec. Ngawen, Kabupaten Klaten, Jawa Tengah 57466, Indonesia","11211421739855492727","Taman Rekreasi Air","Kolam renang luar ruangan","Kolam Renang","Tujuan Wisata","Taman Rekreasi Air","8716903439926725365","Kabupaten Klaten","ID","0x2e7a423e8f224f2f:0x78f8a97e96368af5",,"https://lh3.googleusercontent.com/gps-cs-s/AHRPTWmLAC292IyEZxwnxzT96dOfJ11UjIo_SES-giCPaXIIGvN1dIM0IPUoai_HjX-A-ghkSdtSS1C2yNwfiquZWHpYeQGmtVZ7cRnXAC9h2oOiDtx8v22fL3JYHji1o3dEOeCyn_k=w408-h306-k-no","false","true","/g/11c73mpffs","id","0","-7.6442043","110.5980704","Azizi Batur","Dusun 1, Manjungan, Kecamatan Ngawen","id","false","ChIJL08ijz5Cei4R9Yo2ln6p-Hg","57466",,"7 tahun lalu","2018-12-17T09:16:23.827Z",,,,,,,"ChdDSUhNMG9nS0VJQ0FnSURJa1B1N3BRRRAB","https://lh3.googleusercontent.com/grass-cs/ACvplmPTZfDKgPEgLMfwgtOaJO6WOyoZy42fNEw1SDOPcDDOmkELtPsQqPTT7OZX592tHWmqOiwHLdO7YsD6_m2Qc3CxVbjrGofRDMTGiauvBAvCFyIZnyr-5pI25flTAmAnr2RvFCb-=k-no","https://lh3.googleusercontent.com/grass-cs/ACvplmMe8A7hB5Elc42smiHOIv2UfZmFec_pirZDeivweMKCOmqncP2TQuLowy7U7vRuDQ1lkWgS4XDgptRn9osEMLo1dWi_cBLLqxvfUnA6p3rztPEyPtXWftBO4qmuRMW08P_uBkU=k-no","https://lh3.googleusercontent.com/grass-cs/ACvplmPfHsb9zsyYXp_gjDSaDEDZpxfQZG4aPJQ39i3HZSxeT8vNY7EgHtexq0FFtFJwSPU-ulpEijQt_i0hTPsfy6Hp1aIsFTVzrtzngFxAwCO0IxLxJPW1oJoSo_jDpC0N_FDQQh_E=k-no","https://lh3.googleusercontent.com/grass-cs/ACvplmNJzNPizGFUxwmFGY-hmrtxBe4ylHS0VBTZsxkF_Sm9xeaywX8kMAGdDEcBFyMyr9b4jkSn59eqylAe__Fu1mW-pgkTLpk-N8ddK6lHC8J2sMCbyJV-YQTOKVLF0q4vOumCpcWo=k-no","https://lh3.googleusercontent.com/grass-cs/ACvplmNk13iTwJDKFShu2dvCBaGopzuyG8gHUtYb4xxJUeXEy12F4JfIM6y5YXi2dNtvwNeHaaLLMVntZk3HtQOEGHBd3XcedBGltO5VU-04I-GlNHvWpwV7Jwv6JUrAXBNp6zKU-hRA=k-no",,,,,,,,,,,,,,,,,,,"Google","https://www.google.com/maps/reviews/data=!4m8!14m7!1m6!2m5!1sChdDSUhNMG9nS0VJQ0FnSURJa1B1N3BRRRAB!2m1!1s0x0:0x78f8a97e96368af5!3m1!1s2@1:CIHM0ogKEICAgIDIkPu7pQE%7C%7C?hl=id","118112682605222215311","42","https://lh3.googleusercontent.com/a-/ALV-UjUrvo9NfEWqRC01NRypYMiPNJjevVCAc_d4QUm9Kb1wdErq4Ag=s1920-c-rp-mo-ba12-br100","https://www.google.com/maps/contrib/118112682605222215311?hl=id","2039","2026-08-24T04:05:00.874Z","Direct Detail URL: https://www.google.com/maps/place/Umbul+Susuhan/@-7.6442043,110.5980704,17z/data=!4m6!3m5!1s0x2e7a423e8f224f2f:0x78f8a97e96368af5!8m2!3d-7.6442043!4d110.5980704!16s%2Fg%2F11c73mpffs?entry=tts&g_ep=EgoyMDI2MDgxOS4wIPu8ASoASAFQAw%3D%3D&skid=525f3dcf-3097-436b-a0a9-3b0bc8dc4bad","5","Jawa Tengah","Jl. Klaten - Jatinom No.7","false","Ini tempat renang yg enak dan lengkap buat anak... Dewasa...dan khusus buat yg wanita ada tempat tersendiri dan airnya gak bau kaporit... Dan buat ada area berburu ikan kecil kecil...",,"Umbul Susuhan","4.4",,"https://www.google.com/maps/search/?api=1&query=Umbul%20Susuhan&query_place_id=ChIJL08ijz5Cei4R9Yo2ln6p-Hg",
"Jl. Klaten - Jatinom No.7, Dusun 1, Manjungan, Kec. Ngawen, Kabupaten Klaten, Jawa Tengah 57466, Indonesia","11211421739855492727","Taman Rekreasi Air","Kolam renang luar ruangan","Kolam Renang","Tujuan Wisata","Taman Rekreasi Air","8716903439926725365","Kabupaten Klaten","ID","0x2e7a423e8f224f2f:0x78f8a97e96368af5",,"https://lh3.googleusercontent.com/gps-cs-s/AHRPTWmLAC292IyEZxwnxzT96dOfJ11UjIo_SES-giCPaXIIGvN1dIM0IPUoai_HjX-A-ghkSdtSS1C2yNwfiquZWHpYeQGmtVZ7cRnXAC9h2oOiDtx8v22fL3JYHji1o3dEOeCyn_k=w408-h306-k-no","false","true","/g/11c73mpffs","id","0","-7.6442043","110.5980704","Amaliya Rosyidah","Dusun 1, Manjungan, Kecamatan Ngawen","id","false","ChIJL08ijz5Cei4R9Yo2ln6p-Hg","57466",,"Diedit 7 tahun lalu","2019-03-15T21:05:58.279Z",,,,,,,"ChZDSUhNMG9nS0VJQ0FnSUNvemVuWk13EAE","https://lh3.googleusercontent.com/grass-cs/ACvplmNAv8-6Ws3bTaP_l0eKBA_LJyV7F6frcOEDaP00z0Ozy6INOkVRslx0qD3-kV5yGXBV5rduEsnd8TkgK0a1mWW9zA-_yB1KVfBhoMV6rKd1IvJrZXUn8YcAnZxkBIK8M120okdqxA=k-no","https://lh3.googleusercontent.com/grass-cs/ACvplmOGokF7RX2wK8mxtS3sCtyBGEmyTfq7zXzuEBeXqp1ebTpIeqSjvriIDEyd0LEDLdc9BYAZR-6DB3oX1Rbb8A1LW3AxIk-ZFRitW1YYPdcmEKBBCfDpBbnN5RmHrb02gTwrjRZT=k-no","https://lh3.googleusercontent.com/grass-cs/ACvplmMOBOlOsLmqwOmsivnoGBd3ecvlPDZA1m3HCBVKtsO1iAgtwRlWN2gmbqLI9VMslqUSvrKSpDV8HUirZpY9ikVK64FMH6c1xAfI0ch-ye3uvoz50G5O4c3IdcAPR3pws4FqUUmTpg=k-no","https://lh3.googleusercontent.com/grass-cs/ACvplmMVDCwK9m3mmIvQGtzTKnNlNWMKy03gCywFV7-AqHSj5voES5CUy2tFaXOmirj2mZ6tGw2Uu82p0quuyawlBsqwCYOOiA5nxXFhiUERg_WKbxFBZID1A-ihA6zJEMsOk5CWiVa7=k-no","https://lh3.googleusercontent.com/grass-cs/ACvplmN8Qg_ap_1LYENPHaUY8K6wZ-WB2lOQgb52qswU_PvcanHwPKoOJlZE1fgeFyM6G_MWHG4T1ZpKLVLaJUWIIcqlOmMdRes-H0sGZwrgxhusqIxt0wzrTdZ1GCWSWoyRM5fIyb8otQ=k-no",,,,,,,,,,,,,,,,,,,"Google","https://www.google.com/maps/reviews/data=!4m8!14m7!1m6!2m5!1sChZDSUhNMG9nS0VJQ0FnSUNvemVuWk13EAE!2m1!1s0x0:0x78f8a97e96368af5!3m1!1s2@1:CIHM0ogKEICAgICozenZMw%7C%7C?hl=id","107955113924364360954","18","https://lh3.googleusercontent.com/a-/ALV-UjXJVMuiwwyE-xUCkIxFGZP5eDNjDhkN-v0EeCThd3BfM1L6sdtN=s1920-c-rp-mo-ba12-br100","https://www.google.com/maps/contrib/107955113924364360954?hl=id","2039","2026-08-24T04:05:00.874Z","Direct Detail URL: https://www.google.com/maps/place/Umbul+Susuhan/@-7.6442043,110.5980704,17z/data=!4m6!3m5!1s0x2e7a423e8f224f2f:0x78f8a97e96368af5!8m2!3d-7.6442043!4d110.5980704!16s%2Fg%2F11c73mpffs?entry=tts&g_ep=EgoyMDI2MDgxOS4wIPu8ASoASAFQAw%3D%3D&skid=525f3dcf-3097-436b-a0a9-3b0bc8dc4bad","4","Jawa Tengah","Jl. Klaten - Jatinom No.7","false","Tiket masuk terjangkau, tanpa kaporit, buka lebih awal (04:30 sudah buka), petugas dan penjualnya ramah, ada kolam balita hingga dewasa, serta ada tempat renang terpisah dan tertutup antara laki-laki dgn perempuan. Monggo mampir,",,"Umbul Susuhan","4.4",,"https://www.google.com/maps/search/?api=1&query=Umbul%20Susuhan&query_place_id=ChIJL08ijz5Cei4R9Yo2ln6p-Hg",
"Jl. Klaten - Jatinom No.7, Dusun 1, Manjungan, Kec. Ngawen, Kabupaten Klaten, Jawa Tengah 57466, Indonesia","11211421739855492727","Taman Rekreasi Air","Kolam renang luar ruangan","Kolam Renang","Tujuan Wisata","Taman Rekreasi Air","8716903439926725365","Kabupaten Klaten","ID","0x2e7a423e8f224f2f:0x78f8a97e96368af5",,"https://lh3.googleusercontent.com/gps-cs-s/AHRPTWmLAC292IyEZxwnxzT96dOfJ11UjIo_SES-giCPaXIIGvN1dIM0IPUoai_HjX-A-ghkSdtSS1C2yNwfiquZWHpYeQGmtVZ7cRnXAC9h2oOiDtx8v22fL3JYHji1o3dEOeCyn_k=w408-h306-k-no","false","true","/g/11c73mpffs","id","2","-7.6442043","110.5980704","Julia Pesulima","Dusun 1, Manjungan, Kecamatan Ngawen","id","false","ChIJL08ijz5Cei4R9Yo2ln6p-Hg","57466",,"7 tahun lalu","2019-06-30T12:58:09.322Z",,,,,,,"ChdDSUhNMG9nS0VJQ0FnSURrbVpTdGlnRRAB","https://lh3.googleusercontent.com/grass-cs/ACvplmMf8u1W_nV2RtJ2s3yf4WHuggXFKnl03dmrYR7VQh6LZkJ2a9Updz_3vTomiGHIryRpAzokX3gW16qhjc2fYkvt8aqKLMcjIiMk7_U0QL3rhtzDG_qYDZmj2iujejFava-dAh1xrw=k-no","https://lh3.googleusercontent.com/grass-cs/ACvplmOycP4HtAN4L8XoRu5E0F9qHKwjdbZd2lnjO3HH-m8eLT_9-LhDJ32Fn6c-H4p_9MA3hGVMilwLUK-bP3TVjmc6tBGhW_qqH15b8eCH-7CBjWc5QRgZw5KVBTGWEgoWUhjUn9XL=k-no","https://lh3.googleusercontent.com/grass-cs/ACvplmPb19bzjTb4_vrO93VKWIjqZKkYx5WqDqtA1jU3M_FdiFlCVyyB_mCFlbSWuvqwq1b9WNnZPRh6EVRf8uYvKszOg9Sdx6P6MK13mkw0qrlZCSKajp2brea6dGkb5RubVpkXdzXQ0A=k-no","https://lh3.googleusercontent.com/grass-cs/ACvplmOHUewaTKrsnJ2AYL_z9gHJ9ROc_yvCItskkSOxtD4ZoGsqlAri3NiF1yH4tnLzdqZMBMnygYqtH4_X56jm8ebTjbfqcCspNhHNEoHE0h22nOAv2D-l_dU_I7iZvNeAgxEQfpAd=k-no","https://lh3.googleusercontent.com/grass-cs/ACvplmOuD3MDDqSfpsN6SRRM9UeuOnvgEjjmOgLQeHZPmuyMteG5ySEOxldGu263x2YsatTBkyJ1s1GxFXXGyRM45olHKc1gYV9iQUmAQbTPykVlsH_muosuh898PQsBWAvoMvR2JUrn=k-no","https://lh3.googleusercontent.com/grass-cs/ACvplmMLn4vqX8-LjLQH15dAyCfO2k-CfqMD4DmJEpKvgueLQiRH5Gwj_5iEPn6Exp-VD4jWlfRf1AQ_L2sNO4sdgr-f62K1sSsNoE7tU0J6ebvPzujPJaO6JtuMq-ibbY8kfdYQYIsf=k-no","https://lh3.googleusercontent.com/grass-cs/ACvplmO5B3sEMFyacT5mivF7rnUhRKc2ye8Rc89FtxXqnCKGIP-lWeuERXSFrXHFQZ9O4_8v2y2iDWblE0oXMcWKG1lNDseohQEPEo1bvpZXB763AlHnEJYei--5T1AvHWRd-GuY5k0l=k-no","https://lh3.googleusercontent.com/grass-cs/ACvplmOKC_hsFhLBSjM6LVwWJdoeJ3WA0HLf55xC2zqzDxbsZYjWjezZnOKLfBC2jxvWM5sz7pJ_Gm4KCnUZqhx2jpbWYmI-TbcuxFP0w7nyVrHEoEHdmz5WSmC-1byKUmnFJugEZao=k-no","https://lh3.googleusercontent.com/grass-cs/ACvplmOLOU_KrWQCvmCV_WX49Y4dfIhp58Hw0yB7p51qZJ1FWNnCywOFo-w9_ra2_caYAdmecMRSXIJWNRDAFq3L-26QsrLHrBejIPuwrnDEIGf1P9oIKWPDtMuIFV2KRxLjMfxAjq_6BA=k-no","https://lh3.googleusercontent.com/grass-cs/ACvplmN0VrCpnL2s3-f_X8QHWnZMEDBF6wh7vbd-3h6-xbj7nUEi-d38hZ5DVXuejFbozjFdBdX-QPpf0h6iHgITjJ2x6MaB3Z0p5ajhtahQ5aLziLUU-5ke5D-Q2Cc7B4iT_T8BskPMxw=k-no","https://lh3.googleusercontent.com/grass-cs/ACvplmOCxHp7u0sIsmgA8_OKOBM1Gzu6p0oWYc2KNFf9b8OHuvzf91UA5xOZPA5lsLcPwZu6JC8ekhLGPfQdks2dezx0-8MCeoxINsHKJ_FriKPJo9JUWCEnnFzH36sYeybn41nXJ7gY=k-no",,,,,,,,,,,,,"Google","https://www.google.com/maps/reviews/data=!4m8!14m7!1m6!2m5!1sChdDSUhNMG9nS0VJQ0FnSURrbVpTdGlnRRAB!2m1!1s0x0:0x78f8a97e96368af5!3m1!1s2@1:CIHM0ogKEICAgIDkmZStigE%7C%7C?hl=id","115670951733300041865","117","https://lh3.googleusercontent.com/a/ACg8ocJUz6HO2usXBgsYYDn6Q9tLMAYmFCyjFA5_visz5JMWvmnx4Q=s1920-c-rp-mo-ba12-br100","https://www.google.com/maps/contrib/115670951733300041865?hl=id","2039","2026-08-24T04:05:00.874Z","Direct Detail URL: https://www.google.com/maps/place/Umbul+Susuhan/@-7.6442043,110.5980704,17z/data=!4m6!3m5!1s0x2e7a423e8f224f2f:0x78f8a97e96368af5!8m2!3d-7.6442043!4d110.5980704!16s%2Fg%2F11c73mpffs?entry=tts&g_ep=EgoyMDI2MDgxOS4wIPu8ASoASAFQAw%3D%3D&skid=525f3dcf-3097-436b-a0a9-3b0bc8dc4bad","5","Jawa Tengah","Jl. Klaten - Jatinom No.7","false","Air berenang dari mata air, bnyk pilihan kolam, ada kolam khusus wanita, sarana umum dan tempat makan minum ada, biaya masuk relatif murah, utk acara keluarga atau kumpul2 asik",,"Umbul Susuhan","4.4",,"https://www.google.com/maps/search/?api=1&query=Umbul%20Susuhan&query_place_id=ChIJL08ijz5Cei4R9Yo2ln6p-Hg",
"Jl. Klaten - Jatinom No.7, Dusun 1, Manjungan, Kec. Ngawen, Kabupaten Klaten, Jawa Tengah 57466, Indonesia","11211421739855492727","Taman Rekreasi Air","Kolam renang luar ruangan","Kolam Renang","Tujuan Wisata","Taman Rekreasi Air","8716903439926725365","Kabupaten Klaten","ID","0x2e7a423e8f224f2f:0x78f8a97e96368af5",,"https://lh3.googleusercontent.com/gps-cs-s/AHRPTWmLAC292IyEZxwnxzT96dOfJ11UjIo_SES-giCPaXIIGvN1dIM0IPUoai_HjX-A-ghkSdtSS1C2yNwfiquZWHpYeQGmtVZ7cRnXAC9h2oOiDtx8v22fL3JYHji1o3dEOeCyn_k=w408-h306-k-no","false","true","/g/11c73mpffs","id","2","-7.6442043","110.5980704","Dicky Tinton","Dusun 1, Manjungan, Kecamatan Ngawen","id","false","ChIJL08ijz5Cei4R9Yo2ln6p-Hg","57466",,"3 tahun lalu","2023-06-25T04:25:39.239Z",,,,,,,"ChZDSUhNMG9nS0VJQ0FnSUNKNm9UOEpREAE","https://lh3.googleusercontent.com/grass-cs/ACvplmMTSrt7TInmbjq-jSg8PakUjryB4KOxYv7nPGGtxB4BCfgH2t9BI0wEmq-pK__lzJr1fihovMb-oc-7r4xvye65-_Dvya90pOu6k_d5gWhzxPePLNlh2ltVIs8_WMGNs7nte_KKsA=k-no","https://lh3.googleusercontent.com/grass-cs/ACvplmN3Kv2ZqdbosPhxrYumVu7clwXEqSEy7jSuCFZiP6OT-UKbvoAQr5AgfMRmIBnJhM8HB6rOeNxnOCcVejMSYP9mhRuWn0vYUGiZREODqx1LhFme1UEocDpkEjyCF-2UWUaS8akt=k-no","https://lh3.googleusercontent.com/grass-cs/ACvplmN2Sxk_6EsZle0-hvz6UBwVRKL6DciVni-rB1ks2NgO2lZQ8cmbOENfv06aGYmxM7gukX6GhracBwx_XMrIwVbvHiNyh4_OjumRmY4S60XVxA9BvXKez6UON3RBAQ3Ihn4GPYVOxQ=k-no",,,,,,,,,,,,,,,,,,,,,"Google","https://www.google.com/maps/reviews/data=!4m8!14m7!1m6!2m5!1sChZDSUhNMG9nS0VJQ0FnSUNKNm9UOEpREAE!2m1!1s0x0:0x78f8a97e96368af5!3m1!1s2@1:CIHM0ogKEICAgICJ6oT8JQ%7C%7C?hl=id","112236273446159048927","109","https://lh3.googleusercontent.com/a-/ALV-UjUUBav4dZYWHySOPAK3hnSAwx4AxseLuNOvFwnipuRzMxJpQ3Ye=s1920-c-rp-mo-ba12-br100","https://www.google.com/maps/contrib/112236273446159048927?hl=id","2039","2026-08-24T04:05:00.874Z","Direct Detail URL: https://www.google.com/maps/place/Umbul+Susuhan/@-7.6442043,110.5980704,17z/data=!4m6!3m5!1s0x2e7a423e8f224f2f:0x78f8a97e96368af5!8m2!3d-7.6442043!4d110.5980704!16s%2Fg%2F11c73mpffs?entry=tts&g_ep=EgoyMDI2MDgxOS4wIPu8ASoASAFQAw%3D%3D&skid=525f3dcf-3097-436b-a0a9-3b0bc8dc4bad","5","Jawa Tengah","Jl. Klaten - Jatinom No.7","false","Setelah hampir 30 tahun tidak kesini, sekarang perubahannya lumayan drastis. Di umbul inilah saya belajar renang saat masih kecil. Pulang sekolah hari sabtu naik sepeda sama teman2 untuk renang dan maen air disini. Jd nostalgia inget masa kecil yg indah.

Umbul ini sekarang dikelola oleh Bumdes milik kelurahan Manjungan, kecamatan Ngawen, kabupaten Klaten. Fasilitas cukup komplit mulai dari kolam profesional, kolam dewasa, kolam anak anak bahkan ada kolam khusus untuk wanita yang di privat.

Umbul lama tempat keluarnya mata air msh seperti dulu kala, hanya saja pohon beringinnya sdh hilang krn ditebang. Airnya sangat jernih, hanya ada daun - daun yang jatuh tp tidak mengurangi keindahan dalam melihat jernihnya air. Overall tempat ini cocok untuk berliburan bersama keluarga, apalagi yg masih punya anak kecil",,"Umbul Susuhan","4.4",,"https://www.google.com/maps/search/?api=1&query=Umbul%20Susuhan&query_place_id=ChIJL08ijz5Cei4R9Yo2ln6p-Hg",
"Jl. Klaten - Jatinom No.7, Dusun 1, Manjungan, Kec. Ngawen, Kabupaten Klaten, Jawa Tengah 57466, Indonesia","11211421739855492727","Taman Rekreasi Air","Kolam renang luar ruangan","Kolam Renang","Tujuan Wisata","Taman Rekreasi Air","8716903439926725365","Kabupaten Klaten","ID","0x2e7a423e8f224f2f:0x78f8a97e96368af5",,"https://lh3.googleusercontent.com/gps-cs-s/AHRPTWmLAC292IyEZxwnxzT96dOfJ11UjIo_SES-giCPaXIIGvN1dIM0IPUoai_HjX-A-ghkSdtSS1C2yNwfiquZWHpYeQGmtVZ7cRnXAC9h2oOiDtx8v22fL3JYHji1o3dEOeCyn_k=w408-h306-k-no","false","true","/g/11c73mpffs","id","0","-7.6442043","110.5980704","Bakulindo","Dusun 1, Manjungan, Kecamatan Ngawen","id","false","ChIJL08ijz5Cei4R9Yo2ln6p-Hg","57466",,"Diedit 4 tahun lalu","2022-05-18T10:26:07.812Z",,,,,,,"ChZDSUhNMG9nS0VJQ0FnSUQyNHZXT1h3EAE","https://lh3.googleusercontent.com/grass-cs/ACvplmO5-DLIDk1Moh6mX_aeMDXaILi4ThEVvakgVLaRpkFQxWzsmvbLjqguJf_MtAJ9L7VXV1tm_o4ZVahGqdzxqDBrm9b1iLs-CZmcpD5c3vKWqZqK4pnNt6TnB7pTj__pyQ=k-no","https://lh3.googleusercontent.com/grass-cs/ACvplmPpd5OZV4pER6GtER3Qf_N0lZvRWoy9BEeSLrrHcNP-867oAucloo5FUJBUEoLlrOlJTNb4TuuqKSk5lM9MBoNC7M7ISw200pb1apJL8RQvkRw7au07PSzDykcR0CXgp6kSA6_U=k-no",,,,,,,,,,,,,,,,,,,,,,"Google","https://www.google.com/maps/reviews/data=!4m8!14m7!1m6!2m5!1sChZDSUhNMG9nS0VJQ0FnSUQyNHZXT1h3EAE!2m1!1s0x0:0x78f8a97e96368af5!3m1!1s2@1:CIHM0ogKEICAgID24vWOXw%7C%7C?hl=id","102200205155183579748","52","https://lh3.googleusercontent.com/a-/ALV-UjV35Qh5kjQF9tIMyaLB0r1xO3MAu_xhF4D2WMPiN76rPmbCUY2C=s1920-c-rp-mo-ba12-br100","https://www.google.com/maps/contrib/102200205155183579748?hl=id","2039","2026-08-24T04:05:00.874Z","Direct Detail URL: https://www.google.com/maps/place/Umbul+Susuhan/@-7.6442043,110.5980704,17z/data=!4m6!3m5!1s0x2e7a423e8f224f2f:0x78f8a97e96368af5!8m2!3d-7.6442043!4d110.5980704!16s%2Fg%2F11c73mpffs?entry=tts&g_ep=EgoyMDI2MDgxOS4wIPu8ASoASAFQAw%3D%3D&skid=525f3dcf-3097-436b-a0a9-3b0bc8dc4bad","5","Jawa Tengah","Jl. Klaten - Jatinom No.7","false","Umbul susuhan.. ini tempat main waktu kecil, dulu sering berenang disini, lokasi tidak jauh dari rumah di kampung. Pemandian dari sumber mata air yang terus mengalir, air sejuk dan segar. Dulu masuk gratis tapi area mandi cuman ada 2 untuk pria dan wanita dan kurang cocok buat anak kecil yg belum bisa berenang karena pemandian cukup dalam hehe sekarang tempat dibuat sedemikian rupa dan lebih bagus hingga bisa buat main air anak2 bahkan balita. Ada beberapa area tempat mandi.  Anak2. Remaja. Dewasa. Khusus wanita dewasa juga ada (tempat tertutup). Ada juga area nyari/menangkap ikan buat anak2. Jajanan dan minuman harga jg murah tidak seperti tempat wisata umumnya. Htm 10.000 untuk dewasa atau anak2 yg beranjak remaja, balita ga di hitung. Kadang bawa anak2 6 dihitung cmn 4 hehe. Lokasi juga mudah ditemukan di pinggir jalan raya klaten-jatinom.",,"Umbul Susuhan","4.4",,"https://www.google.com/maps/search/?api=1&query=Umbul%20Susuhan&query_place_id=ChIJL08ijz5Cei4R9Yo2ln6p-Hg",
"Jl. Klaten - Jatinom No.7, Dusun 1, Manjungan, Kec. Ngawen, Kabupaten Klaten, Jawa Tengah 57466, Indonesia","11211421739855492727","Taman Rekreasi Air","Kolam renang luar ruangan","Kolam Renang","Tujuan Wisata","Taman Rekreasi Air","8716903439926725365","Kabupaten Klaten","ID","0x2e7a423e8f224f2f:0x78f8a97e96368af5",,"https://lh3.googleusercontent.com/gps-cs-s/AHRPTWmLAC292IyEZxwnxzT96dOfJ11UjIo_SES-giCPaXIIGvN1dIM0IPUoai_HjX-A-ghkSdtSS1C2yNwfiquZWHpYeQGmtVZ7cRnXAC9h2oOiDtx8v22fL3JYHji1o3dEOeCyn_k=w408-h306-k-no","false","true","/g/11c73mpffs","id","1","-7.6442043","110.5980704","Rika Triyoga Prasetyo Rini","Dusun 1, Manjungan, Kecamatan Ngawen","id","false","ChIJL08ijz5Cei4R9Yo2ln6p-Hg","57466",,"3 tahun lalu","2023-07-11T09:10:53.514Z",,,,"Tidak","Tanpa mengantre","Hari biasa","ChZDSUhNMG9nS0VJQ0FnSURKcE0tM1JnEAE","https://lh3.googleusercontent.com/grass-cs/ACvplmNU8zXJABzF_ar3uqggrG6us5VbYjCi5UGk8cj-Pg7WSM3aGa6L2cdnG13TTsTE9utl_LV4KP-yT3e61Rsv_h93riJpLkZFde3ugPbyIgkybyOVbEhk4wAhWBPzObrqbxRBXMs=k-no","https://lh3.googleusercontent.com/grass-cs/ACvplmNvKbHVn_tZP_7OiuzLYChIZSZbiPYo6hwz0ToASSwrwRXkVFkVXy-BBsoZQlMpSPFI-L6ZdXPtfxBSSJZ-74L6LOI9AIat8aoqkHzH9u3eg5AyZXSxS3nC9ktBFi5T2a5wSPzf=k-no","https://lh3.googleusercontent.com/grass-cs/ACvplmPPwUFC8fl-pvCdBSGXGlM29yOvMz3Oksl25IifQEcij7Gn9sGRQ_-8oK-ae-8gH2Y3hxKFjsqhp9_UTY4veYHSGCwuRFUFfGj6mptY9EenmehB78oNq4Pw4Xd_HlNzwnE5NE5Q=k-no","https://lh3.googleusercontent.com/grass-cs/ACvplmPqQXakLjMlfXjtFhvoHau9piSbaN82spmk6_K-PxfO6LhAhttO1-PX1RaTpMiQiqgmFQ8eSKGJmOw5Mcc-djv2VcLw4DRqIz2Sn3BUNyhfx9dlueJTUY2d-OdmroAOh_1gfIzbbQ=k-no",,,,,,,,,,,,,,,,,,,,"Google","https://www.google.com/maps/reviews/data=!4m8!14m7!1m6!2m5!1sChZDSUhNMG9nS0VJQ0FnSURKcE0tM1JnEAE!2m1!1s0x0:0x78f8a97e96368af5!3m1!1s2@1:CIHM0ogKEICAgIDJpM-3Rg%7C%7C?hl=id","114026008583976941352","30","https://lh3.googleusercontent.com/a/ACg8ocIs1TArTCUb0Pl_AksqWSbyoG2yPS1d97fTBZ7u4f0v_xwoQQ=s1920-c-rp-mo-ba12-br100","https://www.google.com/maps/contrib/114026008583976941352?hl=id","2039","2026-08-24T04:05:00.874Z","Direct Detail URL: https://www.google.com/maps/place/Umbul+Susuhan/@-7.6442043,110.5980704,17z/data=!4m6!3m5!1s0x2e7a423e8f224f2f:0x78f8a97e96368af5!8m2!3d-7.6442043!4d110.5980704!16s%2Fg%2F11c73mpffs?entry=tts&g_ep=EgoyMDI2MDgxOS4wIPu8ASoASAFQAw%3D%3D&skid=525f3dcf-3097-436b-a0a9-3b0bc8dc4bad","1","Jawa Tengah","Jl. Klaten - Jatinom No.7","false","Tempat sangat kotor penuh sampah  kamar mandi juga kotor +bau tempat menunggu GK nyaman jelek
kedalaman kolam 2 m an yg kedalaman pendek cmn dikit GK rekomended pokok e",,"Umbul Susuhan","4.4",,"https://www.google.com/maps/search/?api=1&query=Umbul%20Susuhan&query_place_id=ChIJL08ijz5Cei4R9Yo2ln6p-Hg",
"Jl. Klaten - Jatinom No.7, Dusun 1, Manjungan, Kec. Ngawen, Kabupaten Klaten, Jawa Tengah 57466, Indonesia","11211421739855492727","Taman Rekreasi Air","Kolam renang luar ruangan","Kolam Renang","Tujuan Wisata","Taman Rekreasi Air","8716903439926725365","Kabupaten Klaten","ID","0x2e7a423e8f224f2f:0x78f8a97e96368af5",,"https://lh3.googleusercontent.com/gps-cs-s/AHRPTWmLAC292IyEZxwnxzT96dOfJ11UjIo_SES-giCPaXIIGvN1dIM0IPUoai_HjX-A-ghkSdtSS1C2yNwfiquZWHpYeQGmtVZ7cRnXAC9h2oOiDtx8v22fL3JYHji1o3dEOeCyn_k=w408-h306-k-no","false","true","/g/11c73mpffs","id","1","-7.6442043","110.5980704","Indriani Ramadhan","Dusun 1, Manjungan, Kecamatan Ngawen","id","false","ChIJL08ijz5Cei4R9Yo2ln6p-Hg","57466",,"7 tahun lalu","2019-08-04T04:07:56.081Z",,,,,,,"ChdDSUhNMG9nS0VJQ0FnSUNVcy1qUmdBRRAB","https://lh3.googleusercontent.com/grass-cs/ACvplmMpAHpX9M2caPipu1x7xnWWrAl4oa2ZTyKmtEuWqqOzSY-ZqdqP9X8ZNm3xEwttBLHp-PgdlzpHKtkZT9rIAv-9AbZcPBXtyCnleM9DSid8Mfl_D5YhHnk3v-8VnameGfZz-gir=k-no","https://lh3.googleusercontent.com/grass-cs/ACvplmOM_2U74V5nOXrYHDtI-Xn2TN-ZCzbLTiDTMxKcMo8bhylKYOLKBIrHs8tbNYTQpbzeRj07MEZDsZGrqxLYp44CxrxrQLAmjARBNQSI6GIu7dxiwWWZ_gJjLnjiORXRkDnOuh0dOQ=k-no","https://lh3.googleusercontent.com/grass-cs/ACvplmPPY_P-ksRph-0OQUnxnk1QGLcDQO-niGzxmicvMCPoFQHHYEBm6WtNTBYOIeA-EnNtL9zXsD6kYKVB8ZJCaohjmxBxaOvA5dIanvXxCEk39xID1Dvd32-yzVs2tewzsodn62v9=k-no","https://lh3.googleusercontent.com/grass-cs/ACvplmOntUzCXTwThpOU6Z4ovj7K689Ab-OymPfTf0Ya3ZZOOrmmAxPaxRUGlDiBu1TdSEL30SjTvVsy7qHMaKVAUuNL_8vcrrRxZoLix4hr9iJ5s0mFF72WZDGUbXcFfCdnNLFfW5Yb=k-no","https://lh3.googleusercontent.com/grass-cs/ACvplmMTPJsiuKL_ILGj4_qqQI_XcS4BmMiPbHMz-d4DAGwYgaXCnlIZANqWqWTk3VY_E76OBPqgnN3_y0VAYO-tNRflFQ9g3u-LE20SvF50AH3zgt7n8zAmWY_pziGaAJ75Cg8X09R7=k-no","https://lh3.googleusercontent.com/grass-cs/ACvplmMwy4IR0yhGXSJCo1Ol6RkB6c_aykiqFz06Ti6zt7kCSZp7JFptgo87GEh6Ph-n98KpzWrdsbdAxEkg7OEar_DqyWxE_Ypuepz3PxG0vK8QzYopj3ycHmK13vcOCGVnPrlnpN7img=k-no","https://lh3.googleusercontent.com/grass-cs/ACvplmMKfl7zGCYlmA2OXFc2xRLwSUExtyR8kIIEjbQnwGyjS-V8oY53O1GMALRkTrzZZD0lBJjLzZtcFbsfN0nUEo1_fIWxh769SxgSSf7CKzqwtvk9HqOd2Jba4ZK4-MQXLXWltte7=k-no","https://lh3.googleusercontent.com/grass-cs/ACvplmO9V-RL82xQdl6qCW6nKA4ETvonlyKSYmXnvK36KnZ3YJUgzBok-bdw6AxlWzvrbOTmsLRIQXH0K5e2mbIkDTrdp8EiwLPYRt3wwMMD2C5E-eXuJDZ41BEsEmyYMubIBwPaLcc=k-no","https://lh3.googleusercontent.com/grass-cs/ACvplmPAui6maflub8sDmYdaDcxHBpIsb_tTnfzJo0-c8MvOyF9OhBYvONOMQPkHQhOaD28aK5UM7UEW0mAvpkk-sKshhl0SXB5a51OKy5DcffG6VqP9tFDK_NsD4eB8EszFrHGLLE5U=k-no",,,,,,,,,,,,,,,"Google","https://www.google.com/maps/reviews/data=!4m8!14m7!1m6!2m5!1sChdDSUhNMG9nS0VJQ0FnSUNVcy1qUmdBRRAB!2m1!1s0x0:0x78f8a97e96368af5!3m1!1s2@1:CIHM0ogKEICAgICUs-jRgAE%7C%7C?hl=id","101399461472534633760","80","https://lh3.googleusercontent.com/a-/ALV-UjXv4h0-r9hIdQElccDBOg2OM1OwMKn5r-8HPjgH1TMl2YwT-FI0=s1920-c-rp-mo-ba12-br100","https://www.google.com/maps/contrib/101399461472534633760?hl=id","2039","2026-08-24T04:05:00.874Z","Direct Detail URL: https://www.google.com/maps/place/Umbul+Susuhan/@-7.6442043,110.5980704,17z/data=!4m6!3m5!1s0x2e7a423e8f224f2f:0x78f8a97e96368af5!8m2!3d-7.6442043!4d110.5980704!16s%2Fg%2F11c73mpffs?entry=tts&g_ep=EgoyMDI2MDgxOS4wIPu8ASoASAFQAw%3D%3D&skid=525f3dcf-3097-436b-a0a9-3b0bc8dc4bad","4","Jawa Tengah","Jl. Klaten - Jatinom No.7","false","Kolam renang umum, air jernih,ada kolam anak, kolam dewasa, kolam khusus wanita,kolam ikan(boleh menangkap ikan d kolam yg di sediakan khusus) fasilitas lmyan lengkap,ada mushola, toilet banyak,ruang ganti bersih, ada kantin, banyak penjual jajanan dalam lokasi, tersedia loker,ruang tunggu,disediakan pintu masuk khusus difabel, harga tiket masuk @8000, tempat luas nyaman family friendly, ada lahan parkir lumayan luas.",,"Umbul Susuhan","4.4",,"https://www.google.com/maps/search/?api=1&query=Umbul%20Susuhan&query_place_id=ChIJL08ijz5Cei4R9Yo2ln6p-Hg",
"Jl. Klaten - Jatinom No.7, Dusun 1, Manjungan, Kec. Ngawen, Kabupaten Klaten, Jawa Tengah 57466, Indonesia","11211421739855492727","Taman Rekreasi Air","Kolam renang luar ruangan","Kolam Renang","Tujuan Wisata","Taman Rekreasi Air","8716903439926725365","Kabupaten Klaten","ID","0x2e7a423e8f224f2f:0x78f8a97e96368af5",,"https://lh3.googleusercontent.com/gps-cs-s/AHRPTWmLAC292IyEZxwnxzT96dOfJ11UjIo_SES-giCPaXIIGvN1dIM0IPUoai_HjX-A-ghkSdtSS1C2yNwfiquZWHpYeQGmtVZ7cRnXAC9h2oOiDtx8v22fL3JYHji1o3dEOeCyn_k=w408-h306-k-no","false","false","/g/11c73mpffs","id","1","-7.6442043","110.5980704","vivit chasanah","Dusun 1, Manjungan, Kecamatan Ngawen","id","false","ChIJL08ijz5Cei4R9Yo2ln6p-Hg","57466",,"setahun lalu","2024-10-05T05:43:22.836Z",,,,,,,"ChZDSUhNMG9nS0VJQ0FnSURudXNETGV3EAE","https://lh3.googleusercontent.com/grass-cs/ACvplmPWOwpvE43_9ykKon-SKYZLYS4I7SUmWID_8Sf_iyvtpVG5k1cl4NAQrn2-zECTQnVFzt8yZeEl1OmzFaGGpGlqSX7PNjvyyAmprGfG_TjyH5VIozuzkCy2VcBH0AUbrwePM3_M=k-no","https://lh3.googleusercontent.com/grass-cs/ACvplmO78eatrh06chryuw17EDmC_l3tgqulnvq-VJXG9egmD8Qd9xSWl0kXQLs30zHPZhCq9llw8Tavtufpy85svXgzbMCWXEaL495NOtsQNhYvAYKLgcQ1e1D6KF_5Jp5ImgKzd3Qr=k-no","https://lh3.googleusercontent.com/grass-cs/ACvplmPHfqXAjYAvKh967OgXmOBEaGwlz4_hPIVSRF1xD_kLOmpQ9RJUv26daiT6sIUk24q390IJA9HveLYx0IPAd_NGy8jDK23X99NtwkNQrN8aMwBctMm0cuKJth5QWchLQly3BhkF6A=k-no","https://lh3.googleusercontent.com/grass-cs/ACvplmO7GpdFb8969Ito4KP_SWaNNoIy1PHehPlLnbVRkJpQcrUWRm-Z0-5GN0zqRxMmy4vm6pqrAxqL6mQ7-Yfo1fjoJ2ylV64-h_9KfuAMKVzwclZC4NerC6WgGFnax-Q4msj_RMui=k-no",,,,,,,,,,,,,,,,,,,,"Google","https://www.google.com/maps/reviews/data=!4m8!14m7!1m6!2m5!1sChZDSUhNMG9nS0VJQ0FnSURudXNETGV3EAE!2m1!1s0x0:0x78f8a97e96368af5!3m1!1s2@1:CIHM0ogKEICAgIDnusDLew%7C%7C?hl=id","100258468992584912524","2","https://lh3.googleusercontent.com/a/ACg8ocJhxL8RtDd5mZHLJslBY9USZsBHVBZKq_UmCqKiEtIW2e-Zaw=s1920-c-rp-mo-br100","https://www.google.com/maps/contrib/100258468992584912524?hl=id","2039","2026-08-24T04:05:00.874Z","Direct Detail URL: https://www.google.com/maps/place/Umbul+Susuhan/@-7.6442043,110.5980704,17z/data=!4m6!3m5!1s0x2e7a423e8f224f2f:0x78f8a97e96368af5!8m2!3d-7.6442043!4d110.5980704!16s%2Fg%2F11c73mpffs?entry=tts&g_ep=EgoyMDI2MDgxOS4wIPu8ASoASAFQAw%3D%3D&skid=525f3dcf-3097-436b-a0a9-3b0bc8dc4bad","3","Jawa Tengah","Jl. Klaten - Jatinom No.7","false","Dulu bagus rame dan tiket pun murah cuma 5rb..sekarang sepi tempatnya juga bnyk sampah,kolam renang berlumut,kasian pedagang e pada tidur karena sepinya pengunjung..mungkin karena tiketnya sekarang 10rb+ parkir 2rb jadi pada males kesini ...saran saya mending dibalikin lagi kek dulu tiket 5rb saja biar pengunjungnya banyak lagi",,"Umbul Susuhan","4.4",,"https://www.google.com/maps/search/?api=1&query=Umbul%20Susuhan&query_place_id=ChIJL08ijz5Cei4R9Yo2ln6p-Hg",
"Jl. Klaten - Jatinom No.7, Dusun 1, Manjungan, Kec. Ngawen, Kabupaten Klaten, Jawa Tengah 57466, Indonesia","11211421739855492727","Taman Rekreasi Air","Kolam renang luar ruangan","Kolam Renang","Tujuan Wisata","Taman Rekreasi Air","8716903439926725365","Kabupaten Klaten","ID","0x2e7a423e8f224f2f:0x78f8a97e96368af5",,"https://lh3.googleusercontent.com/gps-cs-s/AHRPTWmLAC292IyEZxwnxzT96dOfJ11UjIo_SES-giCPaXIIGvN1dIM0IPUoai_HjX-A-ghkSdtSS1C2yNwfiquZWHpYeQGmtVZ7cRnXAC9h2oOiDtx8v22fL3JYHji1o3dEOeCyn_k=w408-h306-k-no","false","true","/g/11c73mpffs","id","1","-7.6442043","110.5980704","Heru Handoko","Dusun 1, Manjungan, Kecamatan Ngawen","id","false","ChIJL08ijz5Cei4R9Yo2ln6p-Hg","57466",,"4 tahun lalu","2022-06-21T05:45:36.574Z",,,,,,,"ChZDSUhNMG9nS0VJQ0FnSUNPLTZmMk9REAE","https://lh3.googleusercontent.com/grass-cs/ACvplmOg_8ORHM7GIg7C9Aw_lmhPI9ZdhyPq1ogpl4GHkR8upQGsXatKaDjSeLXzjE6cjcUJvbUSPTYoMjG67mrmx6OiJ4XvtYCbp04jbj238hQt_QLudJWNpK4ECbQ42X_QFfzcwr8ZhA=k-no",,,,,,,,,,,,,,,,,,,,,,,"Google","https://www.google.com/maps/reviews/data=!4m8!14m7!1m6!2m5!1sChZDSUhNMG9nS0VJQ0FnSUNPLTZmMk9REAE!2m1!1s0x0:0x78f8a97e96368af5!3m1!1s2@1:CIHM0ogKEICAgICO-6f2OQ%7C%7C?hl=id","110968757221905362325","43","https://lh3.googleusercontent.com/a-/ALV-UjVjTYEK50BK9nZkDMiV8eLnheUsstAk6b0LgzKxQBgSWRb8pVEU=s1920-c-rp-mo-ba12-br100","https://www.google.com/maps/contrib/110968757221905362325?hl=id","2039","2026-08-24T04:05:00.874Z","Direct Detail URL: https://www.google.com/maps/place/Umbul+Susuhan/@-7.6442043,110.5980704,17z/data=!4m6!3m5!1s0x2e7a423e8f224f2f:0x78f8a97e96368af5!8m2!3d-7.6442043!4d110.5980704!16s%2Fg%2F11c73mpffs?entry=tts&g_ep=EgoyMDI2MDgxOS4wIPu8ASoASAFQAw%3D%3D&skid=525f3dcf-3097-436b-a0a9-3b0bc8dc4bad","5","Jawa Tengah","Jl. Klaten - Jatinom No.7","false","Mantap...... Kolam renang luas. Buat anak kecil maupun dewasa ready. Air juga bersih, sedikit kotor. Wajarlah... Namanya juga tempat renang umum. Harga tiket 10k per orang, per Juni 2022. Dengan tarif segitu jika ikut berenang relatif murah, tapi jika kita hanya sekedar mengantar anak tanpa ikut berenang terasa mahal.",,"Umbul Susuhan","4.4",,"https://www.google.com/maps/search/?api=1&query=Umbul%20Susuhan&query_place_id=ChIJL08ijz5Cei4R9Yo2ln6p-Hg",
"Jl. Klaten - Jatinom No.7, Dusun 1, Manjungan, Kec. Ngawen, Kabupaten Klaten, Jawa Tengah 57466, Indonesia","11211421739855492727","Taman Rekreasi Air","Kolam renang luar ruangan","Kolam Renang","Tujuan Wisata","Taman Rekreasi Air","8716903439926725365","Kabupaten Klaten","ID","0x2e7a423e8f224f2f:0x78f8a97e96368af5",,"https://lh3.googleusercontent.com/gps-cs-s/AHRPTWmLAC292IyEZxwnxzT96dOfJ11UjIo_SES-giCPaXIIGvN1dIM0IPUoai_HjX-A-ghkSdtSS1C2yNwfiquZWHpYeQGmtVZ7cRnXAC9h2oOiDtx8v22fL3JYHji1o3dEOeCyn_k=w408-h306-k-no","false","true","/g/11c73mpffs","id","1","-7.6442043","110.5980704","Dwi Tunjung Rachmawati","Dusun 1, Manjungan, Kecamatan Ngawen","id","false","ChIJL08ijz5Cei4R9Yo2ln6p-Hg","57466",,"7 tahun lalu","2018-12-10T13:03:54.907Z",,,,,,,"ChZDSUhNMG9nS0VJQ0FnSUNJeDdxdGNnEAE","https://lh3.googleusercontent.com/grass-cs/ACvplmOQ3ZBbdg_vPnS2hvyUeRT0J6BPhBl7BWKhcV_Ks0X9H6Q9Rq-Q6MPgT7RNHqAWhHLGDh4YFyh1kbUbiV0GjgWhpOwT3pvf96cmhAZ1ZuaoJ_4EHP2qP_6Z2RxkJNT-cxLvb7z9=k-no","https://lh3.googleusercontent.com/grass-cs/ACvplmMSxGUcsogE09X7nSX4P4_HoGceIoOQxXJuI1frqEwCrGfdhlEtCWoJYq7_yFaAjUPEBJeFDoJAFxgDWhK64ONue7Lo86imxz0DPApDNF4toe9UMC2cVQwF7cprQUbPiReow5c=k-no",,,,,,,,,,,,,,,,,,,,,,"Google","https://www.google.com/maps/reviews/data=!4m8!14m7!1m6!2m5!1sChZDSUhNMG9nS0VJQ0FnSUNJeDdxdGNnEAE!2m1!1s0x0:0x78f8a97e96368af5!3m1!1s2@1:CIHM0ogKEICAgICIx7qtcg%7C%7C?hl=id","118042566220114084166","100","https://lh3.googleusercontent.com/a-/ALV-UjWe_NoCH4x3BM_F5Ivmj9A59T8Xn2RE6WiTMB6zApBxRvha5QOs=s1920-c-rp-mo-ba12-br100","https://www.google.com/maps/contrib/118042566220114084166?hl=id","2039","2026-08-24T04:05:00.874Z","Direct Detail URL: https://www.google.com/maps/place/Umbul+Susuhan/@-7.6442043,110.5980704,17z/data=!4m6!3m5!1s0x2e7a423e8f224f2f:0x78f8a97e96368af5!8m2!3d-7.6442043!4d110.5980704!16s%2Fg%2F11c73mpffs?entry=tts&g_ep=EgoyMDI2MDgxOS4wIPu8ASoASAFQAw%3D%3D&skid=525f3dcf-3097-436b-a0a9-3b0bc8dc4bad","5","Jawa Tengah","Jl. Klaten - Jatinom No.7","false","Ada private pool khusus wanita. Kolam renang yang cukup nyaman, fasilitas lengkap, bersih dan rapi. Harga tiket masuk Rp. 8000, tutup jam 5 sore.",,"Umbul Susuhan","4.4",,"https://www.google.com/maps/search/?api=1&query=Umbul%20Susuhan&query_place_id=ChIJL08ijz5Cei4R9Yo2ln6p-Hg",
"Jl. Klaten - Jatinom No.7, Dusun 1, Manjungan, Kec. Ngawen, Kabupaten Klaten, Jawa Tengah 57466, Indonesia","11211421739855492727","Taman Rekreasi Air","Kolam renang luar ruangan","Kolam Renang","Tujuan Wisata","Taman Rekreasi Air","8716903439926725365","Kabupaten Klaten","ID","0x2e7a423e8f224f2f:0x78f8a97e96368af5",,"https://lh3.googleusercontent.com/gps-cs-s/AHRPTWmLAC292IyEZxwnxzT96dOfJ11UjIo_SES-giCPaXIIGvN1dIM0IPUoai_HjX-A-ghkSdtSS1C2yNwfiquZWHpYeQGmtVZ7cRnXAC9h2oOiDtx8v22fL3JYHji1o3dEOeCyn_k=w408-h306-k-no","false","true","/g/11c73mpffs","id","1","-7.6442043","110.5980704","Alfiana Fitri Istiqomah","Dusun 1, Manjungan, Kecamatan Ngawen","id","false","ChIJL08ijz5Cei4R9Yo2ln6p-Hg","57466",,"3 tahun lalu","2023-03-05T05:11:55.773Z",,,,,,,"ChZDSUhNMG9nS0VJQ0FnSURoNHNPQmN3EAE","https://lh3.googleusercontent.com/grass-cs/ACvplmOfIsU3nXIy8KvAGmGTVxEXBPgb0AxuEE6QE9LXa4c8o-ASLFpoIpFwmWc6Rkq44xV8glVNbKLjF7GjIORxkoGhCqdj9WqSsn-ZOoD_gNHLO86gv9gDmurHG5stLEN5pWSP4hzHtg=k-no",,,,,,,,,,,,,,,,,,,,,,,"Google","https://www.google.com/maps/reviews/data=!4m8!14m7!1m6!2m5!1sChZDSUhNMG9nS0VJQ0FnSURoNHNPQmN3EAE!2m1!1s0x0:0x78f8a97e96368af5!3m1!1s2@1:CIHM0ogKEICAgIDh4sOBcw%7C%7C?hl=id","103776131970825181271","51","https://lh3.googleusercontent.com/a-/ALV-UjUwuVnTghaHxcCHv8IQRmcXAagk1KbcNiLXltfjYBMjMHikFU1W=s1920-c-rp-mo-ba12-br100","https://www.google.com/maps/contrib/103776131970825181271?hl=id","2039","2026-08-24T04:05:00.874Z","Direct Detail URL: https://www.google.com/maps/place/Umbul+Susuhan/@-7.6442043,110.5980704,17z/data=!4m6!3m5!1s0x2e7a423e8f224f2f:0x78f8a97e96368af5!8m2!3d-7.6442043!4d110.5980704!16s%2Fg%2F11c73mpffs?entry=tts&g_ep=EgoyMDI2MDgxOS4wIPu8ASoASAFQAw%3D%3D&skid=525f3dcf-3097-436b-a0a9-3b0bc8dc4bad","5","Jawa Tengah","Jl. Klaten - Jatinom No.7","false","Airnya segerrrr, lokasi mudah dijangkau.. ada warung2 jd jgn khawatir klo blm sarapan. Kolam nya lengkap, ada utk anak, muslimah, permainan, kolam khusus renang juga ada. Kamar mandi bersih nyaman. Tiket masuk 10rb/org",,"Umbul Susuhan","4.4",,"https://www.google.com/maps/search/?api=1&query=Umbul%20Susuhan&query_place_id=ChIJL08ijz5Cei4R9Yo2ln6p-Hg",
"Jl. Klaten - Jatinom No.7, Dusun 1, Manjungan, Kec. Ngawen, Kabupaten Klaten, Jawa Tengah 57466, Indonesia","11211421739855492727","Taman Rekreasi Air","Kolam renang luar ruangan","Kolam Renang","Tujuan Wisata","Taman Rekreasi Air","8716903439926725365","Kabupaten Klaten","ID","0x2e7a423e8f224f2f:0x78f8a97e96368af5",,"https://lh3.googleusercontent.com/gps-cs-s/AHRPTWmLAC292IyEZxwnxzT96dOfJ11UjIo_SES-giCPaXIIGvN1dIM0IPUoai_HjX-A-ghkSdtSS1C2yNwfiquZWHpYeQGmtVZ7cRnXAC9h2oOiDtx8v22fL3JYHji1o3dEOeCyn_k=w408-h306-k-no","false","true","/g/11c73mpffs","id","0","-7.6442043","110.5980704","pras watii","Dusun 1, Manjungan, Kecamatan Ngawen","id","false","ChIJL08ijz5Cei4R9Yo2ln6p-Hg","57466",,"7 tahun lalu","2018-12-13T17:13:02.502Z",,,,,,,"ChZDSUhNMG9nS0VJQ0FnSUNJci1PNFR3EAE","https://lh3.googleusercontent.com/grass-cs/ACvplmNecys6uL85YRXiz0Xb79gtvrJ-GZjzx-lPdm4RrMYSXfn-q4hKyNZSmkAU-dQ8yUiBTmptoEjKW89uNWEfsKivhQNW9xZaaiTDfuBiG0MnFbz41wJUSniXrO8lsKPQ-g6v0RAq=k-no","https://lh3.googleusercontent.com/grass-cs/ACvplmPfAEyo0xr10Vuax1QbgJ_7JzfJjPQ60kq0DfjgkVlqRQ6u5yUDo0aSjIzryfZzHYKOiWhQUMi0dbgUCtQzEwYS87-3mKYmvqDjnSaQYWiq--ErpQaMNm0JbCOjYQdwe2HHgjbC=k-no","https://lh3.googleusercontent.com/grass-cs/ACvplmPfkerERhezQ6HsdzgHG2JJbrN_2-IM8mMAst_kq5cHmQ2m0B5EgkDmo-0d97vGFYudr7E1KF71MkZ1hD_QFW5fl2wnBop7t2UCiSS_LmoZ9QQX8XUU28iK44i3N32LnTOr0voj=k-no","https://lh3.googleusercontent.com/grass-cs/ACvplmNIOBHp0Y5yAbBa9gjeXirapO3Ytv5gPuA45bzEV6rBWwgg-kwx2pI69WtoBN3VxO3VcRJDBTf8zjPXF1gO9YVbLdSnb6Z0Kr-jzwasZp2RyeHPJHVaC4XESbLqyQ2yw4MCYgFz2w=k-no",,,,,,,,,,,,,,,,,,,,"Google","https://www.google.com/maps/reviews/data=!4m8!14m7!1m6!2m5!1sChZDSUhNMG9nS0VJQ0FnSUNJci1PNFR3EAE!2m1!1s0x0:0x78f8a97e96368af5!3m1!1s2@1:CIHM0ogKEICAgICIr-O4Tw%7C%7C?hl=id","102794681525182069501","66","https://lh3.googleusercontent.com/a-/ALV-UjXVqY-1fFKdOHpEAz8Xmno0XqnqzyPy1UST32S2Vd1hVZhtXEx_=s1920-c-rp-mo-ba12-br100","https://www.google.com/maps/contrib/102794681525182069501?hl=id","2039","2026-08-24T04:05:00.874Z","Direct Detail URL: https://www.google.com/maps/place/Umbul+Susuhan/@-7.6442043,110.5980704,17z/data=!4m6!3m5!1s0x2e7a423e8f224f2f:0x78f8a97e96368af5!8m2!3d-7.6442043!4d110.5980704!16s%2Fg%2F11c73mpffs?entry=tts&g_ep=EgoyMDI2MDgxOS4wIPu8ASoASAFQAw%3D%3D&skid=525f3dcf-3097-436b-a0a9-3b0bc8dc4bad","5","Jawa Tengah","Jl. Klaten - Jatinom No.7","false","Gerrrr bangeett... asli air sumber dari tanah... mata air

Banyak pilihan kolam renangnya..ada khusus anak, dewasa, alami, khusus wanita jg. Dijamin bebas cowok.
cocok buat keluarga. Tempatnya lumayan luas.
Skrg jg ada foto underwaternya..
Fto sndri bisa.. kl ga ad alatnya, bisa pke jasa foto di lokasi.
Oiya.. ada jalur difabel juga.. petugasnya ramah semua... betah pokoknya
Harga cm 8rb, sepuasnya",,"Umbul Susuhan","4.4",,"https://www.google.com/maps/search/?api=1&query=Umbul%20Susuhan&query_place_id=ChIJL08ijz5Cei4R9Yo2ln6p-Hg",
"Jl. Klaten - Jatinom No.7, Dusun 1, Manjungan, Kec. Ngawen, Kabupaten Klaten, Jawa Tengah 57466, Indonesia","11211421739855492727","Taman Rekreasi Air","Kolam renang luar ruangan","Kolam Renang","Tujuan Wisata","Taman Rekreasi Air","8716903439926725365","Kabupaten Klaten","ID","0x2e7a423e8f224f2f:0x78f8a97e96368af5",,"https://lh3.googleusercontent.com/gps-cs-s/AHRPTWmLAC292IyEZxwnxzT96dOfJ11UjIo_SES-giCPaXIIGvN1dIM0IPUoai_HjX-A-ghkSdtSS1C2yNwfiquZWHpYeQGmtVZ7cRnXAC9h2oOiDtx8v22fL3JYHji1o3dEOeCyn_k=w408-h306-k-no","false","true","/g/11c73mpffs","id","2","-7.6442043","110.5980704","muchamad asrur zen","Dusun 1, Manjungan, Kecamatan Ngawen","id","false","ChIJL08ijz5Cei4R9Yo2ln6p-Hg","57466",,"3 tahun lalu","2023-05-28T11:52:30.349Z",,,,"Tidak","Maks 10 mnt","Hari libur nasional","ChZDSUhNMG9nS0VJQ0FnSUN4MTRlSVR3EAE","https://lh3.googleusercontent.com/grass-cs/ACvplmMiQbtcBgRACGdF8uRH4_UF5lTpSktFgCkX1ILXgeLGFTsX_tS9tg7aFQLBNpkx70X96y3cFDot525cJIyHKgoNrH1XJ3zRwp6_AzK7Uw__-6sfcAFLi7M752-UJzQU6HFYhdHO=k-no","https://lh3.googleusercontent.com/grass-cs/ACvplmNqcqj9EO0df08JTl5RS9i7LIquv3pm327nAR2EfuS3w59f7Pa2plQS9G31THTu-c9W92xzpTvh0GWuOIV5hfLGxGti06UCo-2EMVj-PmySmTy6AOEpMV-iat_QxAGq7LdWaAJm=k-no","https://lh3.googleusercontent.com/grass-cs/ACvplmPHGGqrlvLy0QdSIq2xQv3lVGBtZDvHXeHfSdioxD7IVSabEYCgMXeuum8z9-MyUPnOQOy4L1-XHetZUVHgFCqjw4XdRlbpEgFdwubgcpgxdse6CdTZuXtYxyd6es-9sYMKg9Qh=k-no","https://lh3.googleusercontent.com/grass-cs/ACvplmNykI0kuOVaSxm8pSB3KIRKqn_bEi5lte2AG0pY63m_Wtgl6ColI8fr00vz5zR0HncoaRn93nieGeuSX3wIE5FsNhuxqb4BASxXw8Llp0zy4EjwtLStV6ZKWP54-ECNTj3bde3W8g=k-no","https://lh3.googleusercontent.com/grass-cs/ACvplmOhtjGNodNuiq7x1ur0ycFq9tl5y9Zj8nHGnd3udQgchnNMSCRXFOWgiGvHVAWm9YJmsAn3EH2qpMOkPVPQKhZ2HI44oTR1AQQBp-V8tOCHJbj3eXgOzczHITgptJg1Zl-LiDWK=k-no",,,,,,,,,,,,,,,,,,,"Google","https://www.google.com/maps/reviews/data=!4m8!14m7!1m6!2m5!1sChZDSUhNMG9nS0VJQ0FnSUN4MTRlSVR3EAE!2m1!1s0x0:0x78f8a97e96368af5!3m1!1s2@1:CIHM0ogKEICAgICx14eITw%7C%7C?hl=id","100083280164729258479","44","https://lh3.googleusercontent.com/a-/ALV-UjVM30q_w1ZNIGBRxZKzJcJ4cwJICZpVuLAYxlMO2caImTIi6IDMaw=s1920-c-rp-mo-ba12-br100","https://www.google.com/maps/contrib/100083280164729258479?hl=id","2039","2026-08-24T04:05:00.874Z","Direct Detail URL: https://www.google.com/maps/place/Umbul+Susuhan/@-7.6442043,110.5980704,17z/data=!4m6!3m5!1s0x2e7a423e8f224f2f:0x78f8a97e96368af5!8m2!3d-7.6442043!4d110.5980704!16s%2Fg%2F11c73mpffs?entry=tts&g_ep=EgoyMDI2MDgxOS4wIPu8ASoASAFQAw%3D%3D&skid=525f3dcf-3097-436b-a0a9-3b0bc8dc4bad","4","Jawa Tengah","Jl. Klaten - Jatinom No.7","false","Airnya dingin & bening. Natural banget. Ada kolam alami bebatuan & kolam standar anak) dewasa. Tersedia juga warung coffe & gorengan.",,"Umbul Susuhan","4.4",,"https://www.google.com/maps/search/?api=1&query=Umbul%20Susuhan&query_place_id=ChIJL08ijz5Cei4R9Yo2ln6p-Hg",
"Jl. Klaten - Jatinom No.7, Dusun 1, Manjungan, Kec. Ngawen, Kabupaten Klaten, Jawa Tengah 57466, Indonesia","11211421739855492727","Taman Rekreasi Air","Kolam renang luar ruangan","Kolam Renang","Tujuan Wisata","Taman Rekreasi Air","8716903439926725365","Kabupaten Klaten","ID","0x2e7a423e8f224f2f:0x78f8a97e96368af5",,"https://lh3.googleusercontent.com/gps-cs-s/AHRPTWmLAC292IyEZxwnxzT96dOfJ11UjIo_SES-giCPaXIIGvN1dIM0IPUoai_HjX-A-ghkSdtSS1C2yNwfiquZWHpYeQGmtVZ7cRnXAC9h2oOiDtx8v22fL3JYHji1o3dEOeCyn_k=w408-h306-k-no","false","true","/g/11c73mpffs","id","1","-7.6442043","110.5980704","kinantannita Nugroho","Dusun 1, Manjungan, Kecamatan Ngawen","id","false","ChIJL08ijz5Cei4R9Yo2ln6p-Hg","57466",,"8 tahun lalu","2018-04-21T05:25:34.578Z",,,,,,,"ChZDSUhNMG9nS0VJQ0FnSUN3bHZXX1V3EAE","https://lh3.googleusercontent.com/grass-cs/ACvplmPffPkSOPDtd5gIwMnBKQUKhokUUQyrKePkWICJxWBcoRzTA4JPJgu9-CtDBEiKW3ArvrN8OLXjQoxG6z4cSbbBsqodQshitNLB9urc8rjVmHnb-L9Z5wLNyl_5A2Z_B8_2YwYVuQ=k-no","https://lh3.googleusercontent.com/grass-cs/ACvplmOajI2m5PoPpmY6doqB433VJ0uDVr2Cy_4F_4eZ3A06hQM3cDA99yKz6lez1yp7V4d2OxDAl2L561ZxT9nLUS0wPMeSZDo1GwjfO7vpFSlN3kFxeQrjf0Rwt7HV6NmPju4QIkI1EQ=k-no","https://lh3.googleusercontent.com/grass-cs/ACvplmOwXfV8K3zCgHRv4vqVPavKaSJKw0cAtGYyC_eD5ltj_953IevOgKjJEMH5RcnX6w0NNEEJiBXfMb_mKDIoibj-owQ7ISQeuVJWxAkiuh7SZ5ZqbVbHI5k9maOhWkf_z5RgsHA=k-no","https://lh3.googleusercontent.com/grass-cs/ACvplmPiwSs_kIpJ44sPTVq2oplY-8TMLehuBl7MTOZ7Kh9n-5qmFbqEALNdF0-BCIffLC6semjsDwK-z_uZgQY8oiaUoNxv6b199NQGTBD5SU0kOL5zHHVBHMopcDND68k5fAatq5HE=k-no","https://lh3.googleusercontent.com/grass-cs/ACvplmPEPgqxCqVqPlisXNwDjaMQV41Np2N3WDBIYRphCzWJhn9ma64wx19Kma8pKFpTVitSAMxKMssM3nyaW2RKT-L5G54CbzBmDWBOvyg1fWbff_N0l8Ab-TZe2TkJW6L41dT0MDEgEA=k-no","https://lh3.googleusercontent.com/grass-cs/ACvplmNiBFf_P9_5EnvKhutNR7k8wdf9PU_eGwunABpIEFi5K89Jwl8r3ag_O2fLciOI5evfDx7QIjx2YyxmJcYZ2utNxtG_4VH8VOKnKM7TNgZvzkKh_cuC3DbSWNmssh8JcaUJn7z_Gg=k-no","https://lh3.googleusercontent.com/grass-cs/ACvplmPaDYfqQT60QCZ11HNgVCjNdJs93Hzt4jxXX-UBvYbmWbhBSzvRizZyo3xhiNXI_n5HRNqyzsJToKFAsBGyNwAIEiYm1CT-8i2JEiy91QhF_pTBtfV60jsL0-rflnHN3uX8lytJ=k-no","https://lh3.googleusercontent.com/grass-cs/ACvplmP2SbrNerhh8gub1_8xmI84DuGJRF9d9KFf3Bnw0cJ5sDKwbq2SXnMIDcrjaAqRClKG9G92ktA9uuL3C4zxhc9jAZkxmG7kRWVImQucoBTYP4MLyIYdjzxm8L4-tg0lxTcrqq1l=k-no","https://lh3.googleusercontent.com/grass-cs/ACvplmMb10pMHB9wlzr2ZVIAOkzcC87NM4J3Maw8uMKNkHJ_DbWTpXi8OhyTa0hATAiLF-HgNdXs98l6pO4HQ23F3uD7jAkxX__Jc6HVMiutwNDMl74Xk3RNOdy5OHq3ST02JjeZtNuVCQ=k-no",,,,,,,,,,,,,,,"Google","https://www.google.com/maps/reviews/data=!4m8!14m7!1m6!2m5!1sChZDSUhNMG9nS0VJQ0FnSUN3bHZXX1V3EAE!2m1!1s0x0:0x78f8a97e96368af5!3m1!1s2@1:CIHM0ogKEICAgICwlvW_Uw%7C%7C?hl=id","108615009182575452753","45","https://lh3.googleusercontent.com/a/ACg8ocL7PiS7jKAkmXY0oDxpTwCH3fug1b5I1xDFc32vnkl3mC_E=s1920-c-rp-mo-ba12-br100","https://www.google.com/maps/contrib/108615009182575452753?hl=id","2039","2026-08-24T04:05:00.874Z","Direct Detail URL: https://www.google.com/maps/place/Umbul+Susuhan/@-7.6442043,110.5980704,17z/data=!4m6!3m5!1s0x2e7a423e8f224f2f:0x78f8a97e96368af5!8m2!3d-7.6442043!4d110.5980704!16s%2Fg%2F11c73mpffs?entry=tts&g_ep=EgoyMDI2MDgxOS4wIPu8ASoASAFQAw%3D%3D&skid=525f3dcf-3097-436b-a0a9-3b0bc8dc4bad","5","Jawa Tengah","Jl. Klaten - Jatinom No.7","false","Harga ekonomis. Tiket masuk cuma 5rb. Terdapat 7 kolam renang, penyewaan ban, Gazebo, spot foto, pohon rindang. Air bersih terdapat umbul yang sangat jernih airnya dan ada ikan yang warna warni. Yang paling menarik ada kolam renang khusus muslimah yang tertutup dan laki-laki tidak boleh masuk. Jadi muslimah bisa renang bebas tanpa harus malu. Kamar ganti dan kamar mandi juga banyak. Jadi gak antri. Tidak sperti kolam renang kebanyakan yang tidak boleh membawa makanan dari luar, disini bebas bawa makanan dan minuman.",,"Umbul Susuhan","4.4",,"https://www.google.com/maps/search/?api=1&query=Umbul%20Susuhan&query_place_id=ChIJL08ijz5Cei4R9Yo2ln6p-Hg",
"Jl. Klaten - Jatinom No.7, Dusun 1, Manjungan, Kec. Ngawen, Kabupaten Klaten, Jawa Tengah 57466, Indonesia","11211421739855492727","Taman Rekreasi Air","Kolam renang luar ruangan","Kolam Renang","Tujuan Wisata","Taman Rekreasi Air","8716903439926725365","Kabupaten Klaten","ID","0x2e7a423e8f224f2f:0x78f8a97e96368af5",,"https://lh3.googleusercontent.com/gps-cs-s/AHRPTWmLAC292IyEZxwnxzT96dOfJ11UjIo_SES-giCPaXIIGvN1dIM0IPUoai_HjX-A-ghkSdtSS1C2yNwfiquZWHpYeQGmtVZ7cRnXAC9h2oOiDtx8v22fL3JYHji1o3dEOeCyn_k=w408-h306-k-no","false","true","/g/11c73mpffs","id","0","-7.6442043","110.5980704","ai","Dusun 1, Manjungan, Kecamatan Ngawen","id","false","ChIJL08ijz5Cei4R9Yo2ln6p-Hg","57466",,"4 tahun lalu","2022-05-22T01:03:28.458Z",,,,,,,"ChZDSUhNMG9nS0VJQ0FnSUQycmY2TVN3EAE","https://lh3.googleusercontent.com/grass-cs/ACvplmP6KZuCxf_dUYVjPsyhD-MdUODACpcR2OvoztKb7AwzKLm7pTHjz17DXbRJMfnT8dXln3zBX8ZhSZwOci-pMYjUiYCJgB8g1imzKD3yWFVzFGGJvBDB1NnpT-Xtny_sr1FcoRNHTA=k-no","https://lh3.googleusercontent.com/grass-cs/ACvplmNddJ1uJDQixlxKDYoiiJvmZZ0fhUWrqKrchTfiSZ_7-KbzMdFxinc5ldn1D7C4JYHkYFvKQWB-KNl9IuiBcSa9PPztzArUmQVcQTvPAZGiTti972-DPi8tlj2qiEdMvp1_o-E=k-no","https://lh3.googleusercontent.com/grass-cs/ACvplmM5NOd4w0sVP_w5mlWfTnb6MfyLPdXdq2OXcuCHFZDidlmMLZb-G_UslKDKwNuGsgL6FDXF3sBrIrvk8RpbyoJ8P8Tb6ckn-zDpxiU9_UrHK6TVfnJQ7WruW_89N4s7UcgWN4_VJg=k-no","https://lh3.googleusercontent.com/grass-cs/ACvplmNZrcdwXz8r1-ByHg83R0OE9pJLVGCN0i8FzkwG2mG0wsUYvOxjIVp6HSIcoQzetByAphhMQCBa3BxXjumXJy40lphacziO80bY8gJ3kOdMxDui4e0JvSNgR2MZRqUUygXlg0Ue=k-no",,,,,,,,,,,,,,,,,,,,"Google","https://www.google.com/maps/reviews/data=!4m8!14m7!1m6!2m5!1sChZDSUhNMG9nS0VJQ0FnSUQycmY2TVN3EAE!2m1!1s0x0:0x78f8a97e96368af5!3m1!1s2@1:CIHM0ogKEICAgID2rf6MSw%7C%7C?hl=id","118064719875102977170","24","https://lh3.googleusercontent.com/a-/ALV-UjXSJY5MS_OQMiJiQZqsYM9nJcYxcRd93FIRRX4ybb7OErPevcE=s1920-c-rp-mo-ba12-br100","https://www.google.com/maps/contrib/118064719875102977170?hl=id","2039","2026-08-24T04:05:00.874Z","Direct Detail URL: https://www.google.com/maps/place/Umbul+Susuhan/@-7.6442043,110.5980704,17z/data=!4m6!3m5!1s0x2e7a423e8f224f2f:0x78f8a97e96368af5!8m2!3d-7.6442043!4d110.5980704!16s%2Fg%2F11c73mpffs?entry=tts&g_ep=EgoyMDI2MDgxOS4wIPu8ASoASAFQAw%3D%3D&skid=525f3dcf-3097-436b-a0a9-3b0bc8dc4bad","5","Jawa Tengah","Jl. Klaten - Jatinom No.7","false","tempatnya sejuk dan kalau siang rame banget, jadi kalo kesini sama keluarga saya lebih milih berangkat subuh.
mau berenang jam berapa pun air tetap dingin, tempat yang buat jajan juga lumayan enak. tempat buat taruh tas dan kamar mandi juga luas 👍🏻👍🏻",,"Umbul Susuhan","4.4",,"https://www.google.com/maps/search/?api=1&query=Umbul%20Susuhan&query_place_id=ChIJL08ijz5Cei4R9Yo2ln6p-Hg",
"Jl. Klaten - Jatinom No.7, Dusun 1, Manjungan, Kec. Ngawen, Kabupaten Klaten, Jawa Tengah 57466, Indonesia","11211421739855492727","Taman Rekreasi Air","Kolam renang luar ruangan","Kolam Renang","Tujuan Wisata","Taman Rekreasi Air","8716903439926725365","Kabupaten Klaten","ID","0x2e7a423e8f224f2f:0x78f8a97e96368af5",,"https://lh3.googleusercontent.com/gps-cs-s/AHRPTWmLAC292IyEZxwnxzT96dOfJ11UjIo_SES-giCPaXIIGvN1dIM0IPUoai_HjX-A-ghkSdtSS1C2yNwfiquZWHpYeQGmtVZ7cRnXAC9h2oOiDtx8v22fL3JYHji1o3dEOeCyn_k=w408-h306-k-no","false","true","/g/11c73mpffs","id","1","-7.6442043","110.5980704","nurul khasanah_sana2","Dusun 1, Manjungan, Kecamatan Ngawen","id","false","ChIJL08ijz5Cei4R9Yo2ln6p-Hg","57466",,"4 tahun lalu","2022-04-28T15:45:12.080Z",,,,,,,"ChZDSUhNMG9nS0VJQ0FnSUMyMjd6YUlBEAE","https://lh3.googleusercontent.com/grass-cs/ACvplmP2KexWNLMsOVZjtrr_enDJJFa-OJNYApsIqo9y9LaHzR2qoY2ToXC_NY5D7oXn6lba95GSWdN-sD4Zhi1bK1hFAtrT3eKgwDyNieYrNd7ihvEj-5k169Om-bhrr2yvmp4KOd3wbA=k-no","https://lh3.googleusercontent.com/grass-cs/ACvplmNq_OaaPks92N8jZg8bwP8x6nn3hgbtF7_uetqO2t8vzPMXCRfb130yOD9IZEhY-rDjLni9kB9zawPkTTVBoojoiFHjHXrm7-1D2g1y_um2jPJBIx3DY-DJ-E-IcVhjOXG9Po5W=k-no","https://lh3.googleusercontent.com/grass-cs/ACvplmMt42uCFnTcpcz2ObrvtuTwS-yRDjdsIVuJT6iWDnC7KWGCO_Coxc6sg10s8t_lXMwwPAhsN3uvFkvGTvFrQYz9v4lW2t4oujH1R9UNHrH0QrYrH9wZtnw4YBWaKwQxv8AOrhZh=k-no","https://lh3.googleusercontent.com/grass-cs/ACvplmMlqbBoNp5gNyHJ7_2J5PB16gjmiQ0tNNqjfxWycySqAlPjfEKuf5lONoBpzqTE8jSVljLZh9k0mGVDkWbXB4extOx6iIidV3oRGhurQYtqHxyh4PBq6uwp6NBC1qkdETzANcM=k-no","https://lh3.googleusercontent.com/grass-cs/ACvplmN3mB6Muc8O6pB-TIbRqCUXbvFZzoP7PpjJPkkEsxftyU6_ibY01IAL3sPh-Vj7Z5jivDlsLXZmM3w6GM3jYYW6turSSOdDR2gexoVmoM35dXXSdZtcLlbDiS9dq0uHOZv2nPgNxA=k-no",,,,,,,,,,,,,,,,,,,"Google","https://www.google.com/maps/reviews/data=!4m8!14m7!1m6!2m5!1sChZDSUhNMG9nS0VJQ0FnSUMyMjd6YUlBEAE!2m1!1s0x0:0x78f8a97e96368af5!3m1!1s2@1:CIHM0ogKEICAgIC227zaIA%7C%7C?hl=id","113109733731385966331","113","https://lh3.googleusercontent.com/a-/ALV-UjW2IZSNQcORvwH4wu8Q6Zb4AltUkyWby-6XcJE0nQaJ9YZeBDJpTA=s1920-c-rp-mo-ba12-br100","https://www.google.com/maps/contrib/113109733731385966331?hl=id","2039","2026-08-24T04:05:00.874Z","Direct Detail URL: https://www.google.com/maps/place/Umbul+Susuhan/@-7.6442043,110.5980704,17z/data=!4m6!3m5!1s0x2e7a423e8f224f2f:0x78f8a97e96368af5!8m2!3d-7.6442043!4d110.5980704!16s%2Fg%2F11c73mpffs?entry=tts&g_ep=EgoyMDI2MDgxOS4wIPu8ASoASAFQAw%3D%3D&skid=525f3dcf-3097-436b-a0a9-3b0bc8dc4bad","4","Jawa Tengah","Jl. Klaten - Jatinom No.7","false","Tempat strategis dekat jalan raya. Htm 10k. Kedalaman kolam bervariasi. Ada kolam renang anak, musholla, ada kolam renang wanita juga. Penjual juga banyak dan menu yang dijual bervariasi.",,"Umbul Susuhan","4.4",,"https://www.google.com/maps/search/?api=1&query=Umbul%20Susuhan&query_place_id=ChIJL08ijz5Cei4R9Yo2ln6p-Hg",
"Jl. Klaten - Jatinom No.7, Dusun 1, Manjungan, Kec. Ngawen, Kabupaten Klaten, Jawa Tengah 57466, Indonesia","11211421739855492727","Taman Rekreasi Air","Kolam renang luar ruangan","Kolam Renang","Tujuan Wisata","Taman Rekreasi Air","8716903439926725365","Kabupaten Klaten","ID","0x2e7a423e8f224f2f:0x78f8a97e96368af5",,"https://lh3.googleusercontent.com/gps-cs-s/AHRPTWmLAC292IyEZxwnxzT96dOfJ11UjIo_SES-giCPaXIIGvN1dIM0IPUoai_HjX-A-ghkSdtSS1C2yNwfiquZWHpYeQGmtVZ7cRnXAC9h2oOiDtx8v22fL3JYHji1o3dEOeCyn_k=w408-h306-k-no","false","true","/g/11c73mpffs","id","1","-7.6442043","110.5980704","Isnaini R","Dusun 1, Manjungan, Kecamatan Ngawen","id","false","ChIJL08ijz5Cei4R9Yo2ln6p-Hg","57466",,"7 tahun lalu","2019-04-14T06:02:45.007Z",,,,,,,"ChdDSUhNMG9nS0VJQ0FnSUNZOFpQV3hnRRAB","https://lh3.googleusercontent.com/grass-cs/ACvplmP9-41-1n6OhK3HMeBU9vTlzecScvpHezt_8IbQVaqFmkl-GrfExHw9JhnK2X2dN73-DxJ06R8YF8lQ1BEPkLexnWq3l5LLfAbhD_FFYt6cfJHEeaHhJ-dxa4E9wHR7eAbJgfJG=k-no","https://lh3.googleusercontent.com/grass-cs/ACvplmPcIKB88M8yvlpY023O2RY2U11HigkbwRwmT38RzjH-qEtivfWpwIE-rCXi50N9AkCsr2Wf1RfsBVkJyRk5THDPW9qFPLaivzOjkT4eHPMzWCyxzFaKuTpoPAoL1dYLzsRUT9Nf=k-no","https://lh3.googleusercontent.com/grass-cs/ACvplmObC06m94u62tcd2vbs0LMGopTjaldRXqrjjn97VnOjPR3D1IOITMbCntdcgA2VTxko0XPsn05uSW4x60RGuAcrxvA7P2Ei9NC87CxzRaGW4N3HNsEt23iPLdeUl-uOW6oNemQ=k-no","https://lh3.googleusercontent.com/grass-cs/ACvplmPudjbGfprIxCp7COik-Pkl-LhxC78NnaakKAkacVjO1Dz3Y0gdLqf2FSzAvWPtWXtsNUQ9UbUKk96ccQZU5DvRn2eZGfoJtp_TH64BJsJKTkcLjWiZ-a0dK5cj0_icch5GDn2m7w=k-no",,,,,,,,,,,,,,,,,,,,"Google","https://www.google.com/maps/reviews/data=!4m8!14m7!1m6!2m5!1sChdDSUhNMG9nS0VJQ0FnSUNZOFpQV3hnRRAB!2m1!1s0x0:0x78f8a97e96368af5!3m1!1s2@1:CIHM0ogKEICAgICY8ZPWxgE%7C%7C?hl=id","114955215716387205103","160","https://lh3.googleusercontent.com/a-/ALV-UjXxD2t_N5BwF3FDO_SYGsDg0-n_Gx9H7xyoqP80CY5BU65oHkk=s1920-c-rp-mo-ba12-br100","https://www.google.com/maps/contrib/114955215716387205103?hl=id","2039","2026-08-24T04:05:00.874Z","Direct Detail URL: https://www.google.com/maps/place/Umbul+Susuhan/@-7.6442043,110.5980704,17z/data=!4m6!3m5!1s0x2e7a423e8f224f2f:0x78f8a97e96368af5!8m2!3d-7.6442043!4d110.5980704!16s%2Fg%2F11c73mpffs?entry=tts&g_ep=EgoyMDI2MDgxOS4wIPu8ASoASAFQAw%3D%3D&skid=525f3dcf-3097-436b-a0a9-3b0bc8dc4bad","5","Jawa Tengah","Jl. Klaten - Jatinom No.7","false","Lokasinya mudah dijangkau karena terletak di tepi jalur utama Jatinom - Klaten. Kedalaman kolam beragam, dari yang sedalam 2,5 sampai ukuran anak-anak, juga tersedia kolam renang khusus wanita. Airnya segar karena berasal dari sumber mata air asli",,"Umbul Susuhan","4.4",,"https://www.google.com/maps/search/?api=1&query=Umbul%20Susuhan&query_place_id=ChIJL08ijz5Cei4R9Yo2ln6p-Hg",
"Jl. Klaten - Jatinom No.7, Dusun 1, Manjungan, Kec. Ngawen, Kabupaten Klaten, Jawa Tengah 57466, Indonesia","11211421739855492727","Taman Rekreasi Air","Kolam renang luar ruangan","Kolam Renang","Tujuan Wisata","Taman Rekreasi Air","8716903439926725365","Kabupaten Klaten","ID","0x2e7a423e8f224f2f:0x78f8a97e96368af5",,"https://lh3.googleusercontent.com/gps-cs-s/AHRPTWmLAC292IyEZxwnxzT96dOfJ11UjIo_SES-giCPaXIIGvN1dIM0IPUoai_HjX-A-ghkSdtSS1C2yNwfiquZWHpYeQGmtVZ7cRnXAC9h2oOiDtx8v22fL3JYHji1o3dEOeCyn_k=w408-h306-k-no","false","true","/g/11c73mpffs","id","1","-7.6442043","110.5980704","Dhaim Ifa Khasanah P.R","Dusun 1, Manjungan, Kecamatan Ngawen","id","false","ChIJL08ijz5Cei4R9Yo2ln6p-Hg","57466",,"7 tahun lalu","2019-02-23T11:37:05.997Z",,,,,,,"ChdDSUhNMG9nS0VJQ0FnSUNvcllXMjdnRRAB","https://lh3.googleusercontent.com/grass-cs/ACvplmP_-EvnpXHYV2LvEcBf4Ozaki1q-Zdu4ZEpf1b46voHdwgZreYI5xqkzEVi0HSj00GCYCXeUVUnf_ZtJCJX-ZNvIyxJCpRhNHSsn--yg9sFyk8ozz0ToATUiUuZkG0zasSzNa2j=k-no","https://lh3.googleusercontent.com/grass-cs/ACvplmMKV4Id8XLq5gTMHAQdeVyqKueg0jwpTCDtbOKWQERoEMPyFVgl7piSX0lZrrLhAkSIbKlsIxG6h-s_anyiB71ZGq-58RyFhBnKL_l_tA4-uYHDu2mVjLyDRtXJpiOjOdkvYSs=k-no","https://lh3.googleusercontent.com/grass-cs/ACvplmNmxXpOy22y1SS7DoO58SScyyGpNpgMiUFXbaLC18AA99DpXd1_80ytuVz9_pSalH5PNzYd-FUDx9u7cCuDPpGx1BMoh4QaCodwuWmBP-BHjhDxLfUpkqmJrqxLSOCUvUykAj-h=k-no","https://lh3.googleusercontent.com/grass-cs/ACvplmPFEkGotQjtXyzhGb_7zOKd-MvPiBoOhXm7OeN9sbUH1uKtmuH_bOdoua8sO8BTtBl11k-xc8Lymz1ys7IqQQycjqBFIV5QEwnyKotWDp-DMi0TXd8A9_gy0wutLGA3YShiJodXog=k-no","https://lh3.googleusercontent.com/grass-cs/ACvplmMpSZEXte9mIKVmwMozIJrgqe4yeXlCOQ8j5BTa2aM5PYhPUsNeseoEzNcse8yg_1EySkZpTC9n9pCJe-04Ht-_1YTHwJHUqETkdl1SlhJXxsYYDzsVtx25TQWgLhMV4BnLMmAv=k-no","https://lh3.googleusercontent.com/grass-cs/ACvplmMrg7Joy3ifa3_B6Nv9LAUJHKaCF9tdbFZIK2PUE-uNRostGOYAg4_Kzu_w8NoIJT2lMzgLlxX_AArTW7swe_ntbMZFcU8J5lLtNnDJl-XvqCxxexfM17gKoSlF9lftMJwlbIY=k-no","https://lh3.googleusercontent.com/grass-cs/ACvplmOqb4gjJOGWQr2m247focaXHC5_ekpYmHuGXV40J6Dn3HiVCp0niHFOeWrrNTQediPnGz-bJIzS6_xv7reHlik03HKxBpMC0dDX1xboeXVdMHzSy6Ve13_NUCZu7tZRYDvAE6OAxA=k-no","https://lh3.googleusercontent.com/grass-cs/ACvplmMEw6SimsJKLq2MJWYrcNdwhXKpvlcEqaRUra0sIjYMrgHxQOltMO9lB6vEjL7Nte7QLJ9mO6Q38UBp4YzCJMXcvwwCyoFBMpMqly7zEajBVkCJvNONYS728HpkaSBtRMXVuzOl=k-no","https://lh3.googleusercontent.com/grass-cs/ACvplmPIDIuvwes9bjJT9pra1Ej35S-QHxtc768Xdyp3b3LpqVjtrhofq3QwLG-ht2FfRLtLoU9RY-LJ2-yf9bqut1upv8QA7nIk14reDx3uObohxd6ImuHckuBr7XamKxmC0n_Kj9MAIw=k-no","https://lh3.googleusercontent.com/grass-cs/ACvplmNIvB6O5SWIRuKj0p5uQFxbJqLS6WArNNnzRYlw8WVHxgQKOg6QR_TC6AuH-jpZkjYGG6H21uqwsKBIuk_Rs0mQjZCeno9mxJTcPEXpo7L0rVi2zD-YBSZyZybJde7PdZhsCFNmfw=k-no",,,,,,,,,,,,,,"Google","https://www.google.com/maps/reviews/data=!4m8!14m7!1m6!2m5!1sChdDSUhNMG9nS0VJQ0FnSUNvcllXMjdnRRAB!2m1!1s0x0:0x78f8a97e96368af5!3m1!1s2@1:CIHM0ogKEICAgICorYW27gE%7C%7C?hl=id","105597321638975039726","101","https://lh3.googleusercontent.com/a-/ALV-UjWPZX8ej3QLHr18156cHTpCV-NsddUqsJXSQ6KJKIHMMdYdFhHa=s1920-c-rp-mo-ba12-br100","https://www.google.com/maps/contrib/105597321638975039726?hl=id","2039","2026-08-24T04:05:00.874Z","Direct Detail URL: https://www.google.com/maps/place/Umbul+Susuhan/@-7.6442043,110.5980704,17z/data=!4m6!3m5!1s0x2e7a423e8f224f2f:0x78f8a97e96368af5!8m2!3d-7.6442043!4d110.5980704!16s%2Fg%2F11c73mpffs?entry=tts&g_ep=EgoyMDI2MDgxOS4wIPu8ASoASAFQAw%3D%3D&skid=525f3dcf-3097-436b-a0a9-3b0bc8dc4bad","4","Jawa Tengah","Jl. Klaten - Jatinom No.7","false","Kolam renang besar, ada khusus anak2, wanita, dll, disediakan fasilitas mushola, ada yg jualan juga, tiket masuk hanya 8rb perorang. So great.",,"Umbul Susuhan","4.4",,"https://www.google.com/maps/search/?api=1&query=Umbul%20Susuhan&query_place_id=ChIJL08ijz5Cei4R9Yo2ln6p-Hg",
"Jl. Klaten - Jatinom No.7, Dusun 1, Manjungan, Kec. Ngawen, Kabupaten Klaten, Jawa Tengah 57466, Indonesia","11211421739855492727","Taman Rekreasi Air","Kolam renang luar ruangan","Kolam Renang","Tujuan Wisata","Taman Rekreasi Air","8716903439926725365","Kabupaten Klaten","ID","0x2e7a423e8f224f2f:0x78f8a97e96368af5",,"https://lh3.googleusercontent.com/gps-cs-s/AHRPTWmLAC292IyEZxwnxzT96dOfJ11UjIo_SES-giCPaXIIGvN1dIM0IPUoai_HjX-A-ghkSdtSS1C2yNwfiquZWHpYeQGmtVZ7cRnXAC9h2oOiDtx8v22fL3JYHji1o3dEOeCyn_k=w408-h306-k-no","false","false","/g/11c73mpffs","id","0","-7.6442043","110.5980704","Indrawati Tanjung","Dusun 1, Manjungan, Kecamatan Ngawen","id","false","ChIJL08ijz5Cei4R9Yo2ln6p-Hg","57466",,"2 bulan lalu","2026-06-04T03:33:17.119Z",,,,,,,"Ci9DQUlRQUNvZENodHljRjlvT25GM2QySjJXV05SVG05aWMwWm1ObkJFWkVKaE5uYxAB",,,,,,,,,,,,,,,,,,,,,,,,"Google","https://www.google.com/maps/reviews/data=!4m8!14m7!1m6!2m5!1sCi9DQUlRQUNvZENodHljRjlvT25GM2QySjJXV05SVG05aWMwWm1ObkJFWkVKaE5uYxAB!2m1!1s0x0:0x78f8a97e96368af5!3m1!1s2@1:CAIQACodChtycF9oOnF3d2J2WWNRTm9ic0ZmNnBEZEJhNnc%7C%7C?hl=id","118054241985490032852","5","https://lh3.googleusercontent.com/a-/ALV-UjWCG19oJl3c4AeFUOvk2JgfgyEIaNLW8LfLAN-ms0JVYG2Z4g0c=s1920-c-rp-mo-br100","https://www.google.com/maps/contrib/118054241985490032852?hl=id","2039","2026-08-24T04:05:00.874Z","Direct Detail URL: https://www.google.com/maps/place/Umbul+Susuhan/@-7.6442043,110.5980704,17z/data=!4m6!3m5!1s0x2e7a423e8f224f2f:0x78f8a97e96368af5!8m2!3d-7.6442043!4d110.5980704!16s%2Fg%2F11c73mpffs?entry=tts&g_ep=EgoyMDI2MDgxOS4wIPu8ASoASAFQAw%3D%3D&skid=525f3dcf-3097-436b-a0a9-3b0bc8dc4bad","5","Jawa Tengah","Jl. Klaten - Jatinom No.7","false","tempat ny sejuk, nyaman bikin betah lama2 d situ anak jg happy berenang, pilihan makanan ny jg banyak harga masih terjangkau",,"Umbul Susuhan","4.4",,"https://www.google.com/maps/search/?api=1&query=Umbul%20Susuhan&query_place_id=ChIJL08ijz5Cei4R9Yo2ln6p-Hg",
"Jl. Klaten - Jatinom No.7, Dusun 1, Manjungan, Kec. Ngawen, Kabupaten Klaten, Jawa Tengah 57466, Indonesia","11211421739855492727","Taman Rekreasi Air","Kolam renang luar ruangan","Kolam Renang","Tujuan Wisata","Taman Rekreasi Air","8716903439926725365","Kabupaten Klaten","ID","0x2e7a423e8f224f2f:0x78f8a97e96368af5",,"https://lh3.googleusercontent.com/gps-cs-s/AHRPTWmLAC292IyEZxwnxzT96dOfJ11UjIo_SES-giCPaXIIGvN1dIM0IPUoai_HjX-A-ghkSdtSS1C2yNwfiquZWHpYeQGmtVZ7cRnXAC9h2oOiDtx8v22fL3JYHji1o3dEOeCyn_k=w408-h306-k-no","false","true","/g/11c73mpffs","id","1","-7.6442043","110.5980704","widiawaty arief","Dusun 1, Manjungan, Kecamatan Ngawen","id","false","ChIJL08ijz5Cei4R9Yo2ln6p-Hg","57466",,"setahun lalu","2024-10-09T14:59:23.521Z",,,,"Tidak","Tanpa mengantre","Hari biasa","ChdDSUhNMG9nS0VJQ0FnSURuazZLMHpBRRAB","https://lh3.googleusercontent.com/grass-cs/ACvplmNXNIrZrpoMKE8CFivYsRYFPQbstZfFK6J0tZf_xlOduwhRWt7AJcUC7rVgGtwLMcrlEfE64UULFVcvwN9uxnDdPkfVQZ0m0CScYqR1_x2DyxweFQmXPy2LSGWFDIVuxCa44OQ=k-no",,,,,,,,,,,,,,,,,,,,,,,"Google","https://www.google.com/maps/reviews/data=!4m8!14m7!1m6!2m5!1sChdDSUhNMG9nS0VJQ0FnSURuazZLMHpBRRAB!2m1!1s0x0:0x78f8a97e96368af5!3m1!1s2@1:CIHM0ogKEICAgIDnk6K0zAE%7C%7C?hl=id","115779882590251354824","20","https://lh3.googleusercontent.com/a-/ALV-UjVye88wrI9Iv8i6WJvYsF_Y9I7kGginBg1_XPIwtELjef4dp9XBJw=s1920-c-rp-mo-ba12-br100","https://www.google.com/maps/contrib/115779882590251354824?hl=id","2039","2026-08-24T04:05:00.874Z","Direct Detail URL: https://www.google.com/maps/place/Umbul+Susuhan/@-7.6442043,110.5980704,17z/data=!4m6!3m5!1s0x2e7a423e8f224f2f:0x78f8a97e96368af5!8m2!3d-7.6442043!4d110.5980704!16s%2Fg%2F11c73mpffs?entry=tts&g_ep=EgoyMDI2MDgxOS4wIPu8ASoASAFQAw%3D%3D&skid=525f3dcf-3097-436b-a0a9-3b0bc8dc4bad","5","Jawa Tengah","Jl. Klaten - Jatinom No.7","false","Kolamnya besar, airnya mengalir terus dari mata air, kolamnya dikuras hari Selasa dan jumat. Rekomen untuk yang hobi berenang, ada kolam khusus wanita juga loh.",,"Umbul Susuhan","4.4",,"https://www.google.com/maps/search/?api=1&query=Umbul%20Susuhan&query_place_id=ChIJL08ijz5Cei4R9Yo2ln6p-Hg",
"Jl. Klaten - Jatinom No.7, Dusun 1, Manjungan, Kec. Ngawen, Kabupaten Klaten, Jawa Tengah 57466, Indonesia","11211421739855492727","Taman Rekreasi Air","Kolam renang luar ruangan","Kolam Renang","Tujuan Wisata","Taman Rekreasi Air","8716903439926725365","Kabupaten Klaten","ID","0x2e7a423e8f224f2f:0x78f8a97e96368af5",,"https://lh3.googleusercontent.com/gps-cs-s/AHRPTWmLAC292IyEZxwnxzT96dOfJ11UjIo_SES-giCPaXIIGvN1dIM0IPUoai_HjX-A-ghkSdtSS1C2yNwfiquZWHpYeQGmtVZ7cRnXAC9h2oOiDtx8v22fL3JYHji1o3dEOeCyn_k=w408-h306-k-no","false","true","/g/11c73mpffs","id","2","-7.6442043","110.5980704","Abu Faruq","Dusun 1, Manjungan, Kecamatan Ngawen","id","false","ChIJL08ijz5Cei4R9Yo2ln6p-Hg","57466",,"4 tahun lalu","2021-12-15T14:22:33.092Z",,,,,,,"ChdDSUhNMG9nS0VJQ0FnSUNtNEplMTRRRRAB","https://lh3.googleusercontent.com/grass-cs/ACvplmOh682ZtxiIQSdTw9Mbt4FCEz9PcewlHl-6l9yY5Nw8upX-oc_ho045q_9yniM1768y3JyIOv4N6_hNLZyADreMkrcIZkAcaYs4oLW9rXKj8QVK23H_e5t9lIzQyMvemeW3g1P-=k-no","https://lh3.googleusercontent.com/grass-cs/ACvplmMFQgDbsg2ZSCEANUy4XEek6cqNrO_gjV3iZmKjaZjnGmBSg6kQotWsdKfcOTo5gxwumVbaKIcGqFWFK6AgVuyHPtw9x7nfnS0FiqgC8ehTR0vBwws9CIJfmSyOJ1xUX5cn6GG82g=k-no","https://lh3.googleusercontent.com/grass-cs/ACvplmPYWVvDkgQcDwznUN33LTmy0cw7HB-ZMtoN36z8CSaW9GkipcdIwJmsGEFWsiY5sXek9iDNi0O9aXrOTKdzqDaKhmaRFaQpM6ckCSCrQKCkGo1xtL9MKzmJJTtiYXBwBxTAHi0X=k-no","https://lh3.googleusercontent.com/grass-cs/ACvplmPhYD2MYMvWdWs7yfdDmvkQK5AnteTNCnq17LfMRNL3UPUip8zCsND1sdDxNgwiwjssVIloLNzJyZV2U5ulP0vVzRdvwg7Bh4QLfFn6z1j1m0GIOPsZ6DVG-aDa4X7jcgIVP3Cl=k-no",,,,,,,,,,,,,,,,,,,,"Google","https://www.google.com/maps/reviews/data=!4m8!14m7!1m6!2m5!1sChdDSUhNMG9nS0VJQ0FnSUNtNEplMTRRRRAB!2m1!1s0x0:0x78f8a97e96368af5!3m1!1s2@1:CIHM0ogKEICAgICm4Je14QE%7C%7C?hl=id","112773600346485509808","141","https://lh3.googleusercontent.com/a-/ALV-UjXMswbpHk0XOxOwSf3qAiFhuq4wkdw-f7vhnO570BZ9U8Y8xa4=s1920-c-rp-mo-ba12-br100","https://www.google.com/maps/contrib/112773600346485509808?hl=id","2039","2026-08-24T04:05:00.874Z","Direct Detail URL: https://www.google.com/maps/place/Umbul+Susuhan/@-7.6442043,110.5980704,17z/data=!4m6!3m5!1s0x2e7a423e8f224f2f:0x78f8a97e96368af5!8m2!3d-7.6442043!4d110.5980704!16s%2Fg%2F11c73mpffs?entry=tts&g_ep=EgoyMDI2MDgxOS4wIPu8ASoASAFQAw%3D%3D&skid=525f3dcf-3097-436b-a0a9-3b0bc8dc4bad","5","Jawa Tengah","Jl. Klaten - Jatinom No.7","false","Bismillah...
Tempat nyaman, kolam banyak ada khusus anak, remaja dan dewasa. Yg paling istimewa ada kolam khusus cewek /wanita.
Tiket masuk 10rb dan parkir 2rb.
Puas renang disana, Recomended banget 😍😍",,"Umbul Susuhan","4.4",,"https://www.google.com/maps/search/?api=1&query=Umbul%20Susuhan&query_place_id=ChIJL08ijz5Cei4R9Yo2ln6p-Hg",
"Jl. Klaten - Jatinom No.7, Dusun 1, Manjungan, Kec. Ngawen, Kabupaten Klaten, Jawa Tengah 57466, Indonesia","11211421739855492727","Taman Rekreasi Air","Kolam renang luar ruangan","Kolam Renang","Tujuan Wisata","Taman Rekreasi Air","8716903439926725365","Kabupaten Klaten","ID","0x2e7a423e8f224f2f:0x78f8a97e96368af5",,"https://lh3.googleusercontent.com/gps-cs-s/AHRPTWmLAC292IyEZxwnxzT96dOfJ11UjIo_SES-giCPaXIIGvN1dIM0IPUoai_HjX-A-ghkSdtSS1C2yNwfiquZWHpYeQGmtVZ7cRnXAC9h2oOiDtx8v22fL3JYHji1o3dEOeCyn_k=w408-h306-k-no","false","true","/g/11c73mpffs","id","0","-7.6442043","110.5980704","Qori Rachmawati","Dusun 1, Manjungan, Kecamatan Ngawen","id","false","ChIJL08ijz5Cei4R9Yo2ln6p-Hg","57466",,"9 tahun lalu","2017-07-08T12:19:15.281Z",,,,,,,"ChZDSUhNMG9nS0VJQ0FnSUN3M3RLQUZBEAE","https://lh3.googleusercontent.com/grass-cs/ACvplmNARDt12ipuaRlGOhA_5DzEgd_Xa6_NXXMQjh_bQocpiTfpPpFl5pXxBNH9-zB67Nso0KmXoNkFLiKT2kYfP6b9Z_MH4lyGDKunoK9pnH81FsZUr19EO51kPlFw9bPY5YTAuzt3=k-no","https://lh3.googleusercontent.com/grass-cs/ACvplmM_hVAe26svQyiaQRkatuPllt85I2UKLJIyomEPhyOQ3LNNop8PP5ZvmZKKtSH6giVmW350h6PTGxOM2SpVvUZXILSTkCRgZ68Of_ZPhgX5sF-76XwfjIq-HkQlIKPtwOEkREQ5=k-no","https://lh3.googleusercontent.com/grass-cs/ACvplmMmz0iWQN9PyHPXMf5CI-F3JWEWrWHJSh6REz1vvSH-rCYfaYUuhvD5UhrQPDdBljQNWy-aDN4tEGxfzpdRaUCBcuTG4jbAtf3YAKEBCbSfpNbg_3HMwc3naGz7WvWWtIQWc3k=k-no","https://lh3.googleusercontent.com/grass-cs/ACvplmMjJwvuy2LuagEpyHFEzh3lpu6fZB74dHoofejV1l3frOd8for1LFch06x5XtatlWboJJSNAgIPfOorYNaVNX3ZXygzmLMyqDJrVK5j04amFPFi3EE7NRwnh33Yr0345llM0M0l=k-no","https://lh3.googleusercontent.com/grass-cs/ACvplmPaOnhQplWGUtg5NZ4piT6dslDODl0aavndkb3_5B2FmcyG1WxtWHNgx8oi9_bcb2ZMeM4_nV7aAk9w_GqTJAJX3AGFVnwrMu3GLZuCR7x7WouneAkHxMsM7u-IbUo4pVUbBM5V=k-no","https://lh3.googleusercontent.com/grass-cs/ACvplmPUkd-Q-Ka-ZouOs3v4e8kXJnsfZSV01FPEoxIWOqNC91ykLg1OilvJsB5fOXx5GEkhjPnSJmuVFRZZ4G_bmcmm9Mc_kEwHHLXjLAfD7--XDTnkUImCoFoI3VqQuwTc9mHSixj9=k-no","https://lh3.googleusercontent.com/grass-cs/ACvplmPqWZPbgZoTKxpp4hu4VPu1B-LK8Y2j7wa0lqIeOzSGf81GhVPRdhYE1FqZL-NbFlDKnzb8OqfcdDQaJkNFR0oGS5SZbeTIo31gFnGoRbcwL1ZxB-O29qrnR_WDpOBXcD8l3F0=k-no",,,,,,,,,,,,,,,,,"Google","https://www.google.com/maps/reviews/data=!4m8!14m7!1m6!2m5!1sChZDSUhNMG9nS0VJQ0FnSUN3M3RLQUZBEAE!2m1!1s0x0:0x78f8a97e96368af5!3m1!1s2@1:CIHM0ogKEICAgICw3tKAFA%7C%7C?hl=id","102543311388773199357","45","https://lh3.googleusercontent.com/a-/ALV-UjW4Nc1rEFqUvdT-g-lKpyL9LB9DLKbbxIyuaYBHZUmZ9RTfBJbfyg=s1920-c-rp-mo-ba12-br100","https://www.google.com/maps/contrib/102543311388773199357?hl=id","2039","2026-08-24T04:05:00.874Z","Direct Detail URL: https://www.google.com/maps/place/Umbul+Susuhan/@-7.6442043,110.5980704,17z/data=!4m6!3m5!1s0x2e7a423e8f224f2f:0x78f8a97e96368af5!8m2!3d-7.6442043!4d110.5980704!16s%2Fg%2F11c73mpffs?entry=tts&g_ep=EgoyMDI2MDgxOS4wIPu8ASoASAFQAw%3D%3D&skid=525f3dcf-3097-436b-a0a9-3b0bc8dc4bad","4","Jawa Tengah","Jl. Klaten - Jatinom No.7","false","Pas kesini pertama kali masih alami, masih digunakan oleh warga setempat untuk mandi dan juga nyuci baju. Airnya seger dan suasananya rindang. Aksesnya mudah karena berada di pinggir jalan.",,"Umbul Susuhan","4.4",,"https://www.google.com/maps/search/?api=1&query=Umbul%20Susuhan&query_place_id=ChIJL08ijz5Cei4R9Yo2ln6p-Hg",
"Jl. Klaten - Jatinom No.7, Dusun 1, Manjungan, Kec. Ngawen, Kabupaten Klaten, Jawa Tengah 57466, Indonesia","11211421739855492727","Taman Rekreasi Air","Kolam renang luar ruangan","Kolam Renang","Tujuan Wisata","Taman Rekreasi Air","8716903439926725365","Kabupaten Klaten","ID","0x2e7a423e8f224f2f:0x78f8a97e96368af5",,"https://lh3.googleusercontent.com/gps-cs-s/AHRPTWmLAC292IyEZxwnxzT96dOfJ11UjIo_SES-giCPaXIIGvN1dIM0IPUoai_HjX-A-ghkSdtSS1C2yNwfiquZWHpYeQGmtVZ7cRnXAC9h2oOiDtx8v22fL3JYHji1o3dEOeCyn_k=w408-h306-k-no","false","true","/g/11c73mpffs","id","0","-7.6442043","110.5980704","azalea syakib","Dusun 1, Manjungan, Kecamatan Ngawen","id","false","ChIJL08ijz5Cei4R9Yo2ln6p-Hg","57466",,"Diedit 7 tahun lalu","2018-12-29T05:00:54.701Z",,,,,,,"ChdDSUhNMG9nS0VJQ0FnSUNJX3ZDejlRRRAB","https://lh3.googleusercontent.com/grass-cs/ACvplmOEGkjWceVBQzTVjsImgFZhhMF0KbKnjW-PC6-YKQaBW6PIpkrzz4gpN0SzmLbx2W2_S4qJTe18AmC5gBZTdGFpZD2LxsMbsdc8Q5b9XTIldpdoqiwFrJBqx2QNXi_Pp_KIlpr_=k-no","https://lh3.googleusercontent.com/grass-cs/ACvplmPv0PH4nCmoVJ2FOfBBfdf8KAJOQhzfS08oM2SM63XOK7NvKcl1ACLyzSd-JYtBi6tf5V7hLSkG-a0dN24L4J4ByBTFy7NzYlQ0scK_7udMJdlIuOdpT2a2mi6Qc2aUi_YsWtgN=k-no",,,,,,,,,,,,,,,,,,,,,,"Google","https://www.google.com/maps/reviews/data=!4m8!14m7!1m6!2m5!1sChdDSUhNMG9nS0VJQ0FnSUNJX3ZDejlRRRAB!2m1!1s0x0:0x78f8a97e96368af5!3m1!1s2@1:CIHM0ogKEICAgICI_vCz9QE%7C%7C?hl=id","115593432061842631449","25","https://lh3.googleusercontent.com/a-/ALV-UjU3MXIvvlQMKRzWzZUTEYxVGI-4UJ_e6kYgMK8qLwPFkN3WWbCG=s1920-c-rp-mo-ba12-br100","https://www.google.com/maps/contrib/115593432061842631449?hl=id","2039","2026-08-24T04:05:00.874Z","Direct Detail URL: https://www.google.com/maps/place/Umbul+Susuhan/@-7.6442043,110.5980704,17z/data=!4m6!3m5!1s0x2e7a423e8f224f2f:0x78f8a97e96368af5!8m2!3d-7.6442043!4d110.5980704!16s%2Fg%2F11c73mpffs?entry=tts&g_ep=EgoyMDI2MDgxOS4wIPu8ASoASAFQAw%3D%3D&skid=525f3dcf-3097-436b-a0a9-3b0bc8dc4bad","5","Jawa Tengah","Jl. Klaten - Jatinom No.7","false","Tempatnya bagus,, ada kolam yg khusus untuk perempuan,, km mandi banyak,, bagus buat selfi juga,, kolam renangnya banyak ,, tapi kok tiap lebaran harga naik ya,, naik seh ok, tp habis lebaran di normalin lg dong,, 😄😄😄 ada spot foto underwater nya juga lho,, masalah biaya kurang tau",,"Umbul Susuhan","4.4",,"https://www.google.com/maps/search/?api=1&query=Umbul%20Susuhan&query_place_id=ChIJL08ijz5Cei4R9Yo2ln6p-Hg",
"Jl. Klaten - Jatinom No.7, Dusun 1, Manjungan, Kec. Ngawen, Kabupaten Klaten, Jawa Tengah 57466, Indonesia","11211421739855492727","Taman Rekreasi Air","Kolam renang luar ruangan","Kolam Renang","Tujuan Wisata","Taman Rekreasi Air","8716903439926725365","Kabupaten Klaten","ID","0x2e7a423e8f224f2f:0x78f8a97e96368af5",,"https://lh3.googleusercontent.com/gps-cs-s/AHRPTWmLAC292IyEZxwnxzT96dOfJ11UjIo_SES-giCPaXIIGvN1dIM0IPUoai_HjX-A-ghkSdtSS1C2yNwfiquZWHpYeQGmtVZ7cRnXAC9h2oOiDtx8v22fL3JYHji1o3dEOeCyn_k=w408-h306-k-no","false","true","/g/11c73mpffs","id","0","-7.6442043","110.5980704","Naning Dwi Ariyanti","Dusun 1, Manjungan, Kecamatan Ngawen","id","false","ChIJL08ijz5Cei4R9Yo2ln6p-Hg","57466",,"7 tahun lalu","2018-11-24T02:12:03.398Z",,,,,,,"ChdDSUhNMG9nS0VJQ0FnSUNJNmFLc3hRRRAB","https://lh3.googleusercontent.com/grass-cs/ACvplmMjOIZwMIhxJT6KAw3qO43XMNl_eJX8YPWEqWEWCY_92tXSWTxwPj1N9YKHziFYScQpUombi1TAnK7BneaI6uq-n2FhqLusRmGosFmo_QJyTCAptu-ejfECTFoajuIAbbPqF9C5=k-no","https://lh3.googleusercontent.com/grass-cs/ACvplmMcHCpo37PVkSBvf7tKyi2ML6fPQ1t0xiU2aNrykLMjTQErtMoojti7g2UpJClkQH8OGOmIHyW5GeUOa3EMZm3rasARHNm60nZwHjqI9U2ElBdikTgJuI06nb3-HihZOYDcJguizQ=k-no","https://lh3.googleusercontent.com/grass-cs/ACvplmO2NYd13iccJ5CqCBKECltrApHnGilguRzg7ixqfnRZpJ9SZlzqrg65qLEdPnyvWAG4Rj4TCbQaCfa53bWb3Xvd1h9RIJ0WMnB-tOkFU7cbZ3cPlpnjLB7IeTPKJs0XCz1mDO8UDg=k-no","https://lh3.googleusercontent.com/grass-cs/ACvplmNHpjTjpwIu9wNQMcmeID9CfjKDizrYHYFQCeGkBzJze3q-GkhnfeSCg52i4Ur_wxf78scg0WQsQGDbnhEAJhQmtdAE1iDp7N0_s1i9tUorZa_6BlgkwZQlhAqur19PqrXqRk4qYw=k-no",,,,,,,,,,,,,,,,,,,,"Google","https://www.google.com/maps/reviews/data=!4m8!14m7!1m6!2m5!1sChdDSUhNMG9nS0VJQ0FnSUNJNmFLc3hRRRAB!2m1!1s0x0:0x78f8a97e96368af5!3m1!1s2@1:CIHM0ogKEICAgICI6aKsxQE%7C%7C?hl=id","103170512727427367503","178","https://lh3.googleusercontent.com/a/ACg8ocLKnvHuwhthXJanqw-OXECX4oy0kCq-MByBvUnFuUxi_yPOPg=s1920-c-rp-mo-ba12-br100","https://www.google.com/maps/contrib/103170512727427367503?hl=id","2039","2026-08-24T04:05:00.874Z","Direct Detail URL: https://www.google.com/maps/place/Umbul+Susuhan/@-7.6442043,110.5980704,17z/data=!4m6!3m5!1s0x2e7a423e8f224f2f:0x78f8a97e96368af5!8m2!3d-7.6442043!4d110.5980704!16s%2Fg%2F11c73mpffs?entry=tts&g_ep=EgoyMDI2MDgxOS4wIPu8ASoASAFQAw%3D%3D&skid=525f3dcf-3097-436b-a0a9-3b0bc8dc4bad","4","Jawa Tengah","Jl. Klaten - Jatinom No.7","false","Tersedia kolam utk semua segmen dr anak2 yg cm pingin, kolam khusus wanita, ato kolam dalam 2,5m utk yg serius berenang.",,"Umbul Susuhan","4.4",,"https://www.google.com/maps/search/?api=1&query=Umbul%20Susuhan&query_place_id=ChIJL08ijz5Cei4R9Yo2ln6p-Hg",
"Jl. Klaten - Jatinom No.7, Dusun 1, Manjungan, Kec. Ngawen, Kabupaten Klaten, Jawa Tengah 57466, Indonesia","11211421739855492727","Taman Rekreasi Air","Kolam renang luar ruangan","Kolam Renang","Tujuan Wisata","Taman Rekreasi Air","8716903439926725365","Kabupaten Klaten","ID","0x2e7a423e8f224f2f:0x78f8a97e96368af5",,"https://lh3.googleusercontent.com/gps-cs-s/AHRPTWmLAC292IyEZxwnxzT96dOfJ11UjIo_SES-giCPaXIIGvN1dIM0IPUoai_HjX-A-ghkSdtSS1C2yNwfiquZWHpYeQGmtVZ7cRnXAC9h2oOiDtx8v22fL3JYHji1o3dEOeCyn_k=w408-h306-k-no","false","true","/g/11c73mpffs","id","2","-7.6442043","110.5980704","Rikka DA","Dusun 1, Manjungan, Kecamatan Ngawen","id","false","ChIJL08ijz5Cei4R9Yo2ln6p-Hg","57466",,"7 tahun lalu","2019-03-26T05:52:26.381Z",,,,,,,"ChZDSUhNMG9nS0VJQ0FnSURvei1yNmN3EAE","https://lh3.googleusercontent.com/grass-cs/ACvplmN9g3Uuz_kvWvlJDYkPLZrE3mkSBlOx3NvZ2KW2apswilf57AQxmJDdnVXhv3QWf0e3wNCiAhIbn3dU5QqDWSO0JCyJ0x6Ka9W_us5EzdbPE1-IQ0g5uS7aNP6mlnZNigGYYXn7dw=k-no",,,,,,,,,,,,,,,,,,,,,,,"Google","https://www.google.com/maps/reviews/data=!4m8!14m7!1m6!2m5!1sChZDSUhNMG9nS0VJQ0FnSURvei1yNmN3EAE!2m1!1s0x0:0x78f8a97e96368af5!3m1!1s2@1:CIHM0ogKEICAgIDoz-r6cw%7C%7C?hl=id","113252973075486002791","59","https://lh3.googleusercontent.com/a-/ALV-UjVkzvYI3wLGLwGv41ayusyjsxB6-MpHK_JAwr7xd7FOzbzgRW4=s1920-c-rp-mo-ba12-br100","https://www.google.com/maps/contrib/113252973075486002791?hl=id","2039","2026-08-24T04:05:00.874Z","Direct Detail URL: https://www.google.com/maps/place/Umbul+Susuhan/@-7.6442043,110.5980704,17z/data=!4m6!3m5!1s0x2e7a423e8f224f2f:0x78f8a97e96368af5!8m2!3d-7.6442043!4d110.5980704!16s%2Fg%2F11c73mpffs?entry=tts&g_ep=EgoyMDI2MDgxOS4wIPu8ASoASAFQAw%3D%3D&skid=525f3dcf-3097-436b-a0a9-3b0bc8dc4bad","5","Jawa Tengah","Jl. Klaten - Jatinom No.7","false","Harga tiket masuk objek wisata Umbul Susuhan di Desa Manjungan, Kecamatan Ngawen, naik menjadi Rp8.000 dari semula Rp5.000. Penambahan harga tiket itu lantaran penambahan fasilitas kolam renang di umbul tersebut.

Tiket masuk umbul tertera angka /delapan/ dengan coretan menggunakan bolpoin. Angka itu menutupi angka /lima/ yang tercetak pada tiket. Sedangkan, di bawah angka tertulis keterangan “lima Ribu Rupiah.”

“Di tiket tertulis Rp5.000 tapi dipungutnya Rp8.000. Pengubahan menjadi Rp8.000 hanya dicoret pakai bolpoin. Saya merasa ini pungutan liar,” kata Sudarto, salah satu pengunjung Umbul Susuhan kepada JIBI, Minggu (8/7/2018).

Kepala Desa Manjungan, Kecamatan Ngawen, Bambang Pramana Dewa, mengatakan hal itu bukanlah pungli. Sebab, Pemdes memang sengaja menaikkan harga tiket menyusul selesainya pembangunan kolam renang di kawasan itu. Ia juga mengganti tiket lama dengan tiket yang baru sesuai harga baru.

“Kami sudah cetak tiket dengan harga baru,” ujar dia, Senin (9/7/2018).

Penambahan harga tiket masuk itu dilakukan sejenak sehari menjelang Lebaran. Bahkan, ia berencana menarik ongkos tiket masuk sebesar Rp10.000 per pengunjung. Harga itu sudah termasuk asuransi dan fasilitas objek wisata seperti gazebo, dan kolam renang anak.

“Kami berharap pengunjung bisa memahami kenaikan harga ini. Kami tidak arogan menaikkan tiket tanpa peningkatan failitas dan layanan,” imbau dia.

Direktur Badan Usaha Milik Desa (BUM Desa) Mahanani Desa Manjungan, Agus Tri Joko, mengatakan saban hari Umbul Susuhan dikunjungi 200-an dari Jogja, Semarang, dan Soloraya. Bahkan, pada puncak liburan Lebaran sempat melonjak hingga meraup omzet Rp20 juta per hari.

“Dalam sebulan pendapatan umbul mencapai Rp60-Rp70 juta,” kata dia.

Menurut Joko, yang membedakan Umbul Susuhan dibanding umbul lain adalah airnya yang alami dan bersih. Pengelola juga rutin menguras dan mengganti air umbul dua hari sekali. Tak hanya itu, di umbul itu disediakan juga kolam khusus perempuan.

“Di tempat kami ada kolam khusus perempuan yang terpisah dari kolam lainnya,” beber dia.",,"Umbul Susuhan","4.4",,"https://www.google.com/maps/search/?api=1&query=Umbul%20Susuhan&query_place_id=ChIJL08ijz5Cei4R9Yo2ln6p-Hg",
"Jl. Klaten - Jatinom No.7, Dusun 1, Manjungan, Kec. Ngawen, Kabupaten Klaten, Jawa Tengah 57466, Indonesia","11211421739855492727","Taman Rekreasi Air","Kolam renang luar ruangan","Kolam Renang","Tujuan Wisata","Taman Rekreasi Air","8716903439926725365","Kabupaten Klaten","ID","0x2e7a423e8f224f2f:0x78f8a97e96368af5",,"https://lh3.googleusercontent.com/gps-cs-s/AHRPTWmLAC292IyEZxwnxzT96dOfJ11UjIo_SES-giCPaXIIGvN1dIM0IPUoai_HjX-A-ghkSdtSS1C2yNwfiquZWHpYeQGmtVZ7cRnXAC9h2oOiDtx8v22fL3JYHji1o3dEOeCyn_k=w408-h306-k-no","false","true","/g/11c73mpffs","id","1","-7.6442043","110.5980704","rina widya","Dusun 1, Manjungan, Kecamatan Ngawen","id","false","ChIJL08ijz5Cei4R9Yo2ln6p-Hg","57466",,"5 tahun lalu","2020-11-05T05:42:27.048Z",,,,,,,"ChZDSUhNMG9nS0VJQ0FnSUNpd1pXVGVREAE","https://lh3.googleusercontent.com/grass-cs/ACvplmNlt1ahQM3hMf0gr98RjDOJD36NrKvQ09LdUbvLN49nUjAKrVy5VZINOcTnkw3KV3hWo8mlE_waVURcamx2RWA01qdsPNk0qb5qc8eIncWzxJk7KsOzA1_EDyKhxCRSLM0Tgy6H=k-no",,,,,,,,,,,,,,,,,,,,,,,"Google","https://www.google.com/maps/reviews/data=!4m8!14m7!1m6!2m5!1sChZDSUhNMG9nS0VJQ0FnSUNpd1pXVGVREAE!2m1!1s0x0:0x78f8a97e96368af5!3m1!1s2@1:CIHM0ogKEICAgICiwZWTeQ%7C%7C?hl=id","111447715430589188898","108","https://lh3.googleusercontent.com/a-/ALV-UjXpRAaWl3v_lqX-P3jn5A22i-c0Y9vtoWleEfKRFKSDnP_3c-VZ=s1920-c-rp-mo-ba12-br100","https://www.google.com/maps/contrib/111447715430589188898?hl=id","2039","2026-08-24T04:05:00.874Z","Direct Detail URL: https://www.google.com/maps/place/Umbul+Susuhan/@-7.6442043,110.5980704,17z/data=!4m6!3m5!1s0x2e7a423e8f224f2f:0x78f8a97e96368af5!8m2!3d-7.6442043!4d110.5980704!16s%2Fg%2F11c73mpffs?entry=tts&g_ep=EgoyMDI2MDgxOS4wIPu8ASoASAFQAw%3D%3D&skid=525f3dcf-3097-436b-a0a9-3b0bc8dc4bad","5","Jawa Tengah","Jl. Klaten - Jatinom No.7","false","Enaak,air bersih,seger,ada kolam dewasa terus ada yg kolam mata air dibelakang,tentu airnya lebih dingin dan lebih seger.makanan juga relatif murah.yang mau jalan jalan keluarga dengan anak2 kecil pas banget.kamar mandinya juga banyak.htm masuk 10k ya manteman",,"Umbul Susuhan","4.4",,"https://www.google.com/maps/search/?api=1&query=Umbul%20Susuhan&query_place_id=ChIJL08ijz5Cei4R9Yo2ln6p-Hg",
"Jl. Klaten - Jatinom No.7, Dusun 1, Manjungan, Kec. Ngawen, Kabupaten Klaten, Jawa Tengah 57466, Indonesia","11211421739855492727","Taman Rekreasi Air","Kolam renang luar ruangan","Kolam Renang","Tujuan Wisata","Taman Rekreasi Air","8716903439926725365","Kabupaten Klaten","ID","0x2e7a423e8f224f2f:0x78f8a97e96368af5",,"https://lh3.googleusercontent.com/gps-cs-s/AHRPTWmLAC292IyEZxwnxzT96dOfJ11UjIo_SES-giCPaXIIGvN1dIM0IPUoai_HjX-A-ghkSdtSS1C2yNwfiquZWHpYeQGmtVZ7cRnXAC9h2oOiDtx8v22fL3JYHji1o3dEOeCyn_k=w408-h306-k-no","false","true","/g/11c73mpffs","id","2","-7.6442043","110.5980704","Umi Maisyaroh","Dusun 1, Manjungan, Kecamatan Ngawen","id","false","ChIJL08ijz5Cei4R9Yo2ln6p-Hg","57466",,"Diedit 4 tahun lalu","2022-07-24T02:52:00.140Z",,,,,,,"ChdDSUhNMG9nS0VJQ0FnSUM0MjRPbi1RRRAB","https://lh3.googleusercontent.com/grass-cs/ACvplmMr0oXaEqLVIa25hdm5syzeSvKmywgMiPR4rGEhd2xzg8oC_kcNO7h_UDxaTC-6nHdVMwGureqiSzVR5SloWXSFiwBCR3tAdxiiUIvc6cu0D-lubsPK7VsX6ACe0ZUey240VpCy=k-no","https://lh3.googleusercontent.com/grass-cs/ACvplmNpliuxxBJRABF2Ss0bEZ_qx6Nz6EsCrFEcn00xzKLjj-MHPgPA7YOZKQ9HsfWUq0AnUzx92duJCi8sQg_2kOattZgnf7kdHvTUJfj_QjbmeTDKUPepzou1ao0Fstz3dnUN0iG1ag=k-no","https://lh3.googleusercontent.com/grass-cs/ACvplmNkXMapxzsJBzAbCuaFH0xy76ZRufHrcA0V7XUD2fRdvc1nhqnQ-h4hsIYzYhFRNis6VpUqRjMB10-F9xHmp5nTlOWVqD69ermAsQJ2xTpCLwsvxOMykpdw8EdRNdTBp0zK0v5Q=k-no","https://lh3.googleusercontent.com/grass-cs/ACvplmPYx7ZK2Vbsc--KshsrjgCHXySQBuNm2th72YgoZF4bqVBFVU-4QXD54qMMdVlNIkCWi5JGkZdHAyY_XhqRTbv8YihVPRLhr9RN7rURnC4MHMsvD_zgehysoFtqMHXDlsBDQOqH0g=k-no","https://lh3.googleusercontent.com/grass-cs/ACvplmM41Tp93y3ekioSnY8Eovz_FNIvx6vLrn-Gwi7kM8gQauqYCo7SivRJcAHCfmhyzUXpZQpLOYww1thMOe-qRMCK8pAGa-t0fJ5yUhwBcMTUIzbMHJk74fUYIqBdK2UVPKGmgoLe=k-no","https://lh3.googleusercontent.com/grass-cs/ACvplmM3Pdkmw_riMNXhWYfU6v2oSoArwB4koqSdDf2fLTAcngjsb2SV9NhW-QNkZGyFWi1qtFMeV5nSpuN0gm6tUh5v-kPBIqvJ5x1t-oDFGqUW7hvtKnpkSSPPdDurNMRTrTjT0JI0=k-no",,,,,,,,,,,,,,,,,,"Google","https://www.google.com/maps/reviews/data=!4m8!14m7!1m6!2m5!1sChdDSUhNMG9nS0VJQ0FnSUM0MjRPbi1RRRAB!2m1!1s0x0:0x78f8a97e96368af5!3m1!1s2@1:CIHM0ogKEICAgIC424On-QE%7C%7C?hl=id","107348291849989491122","72","https://lh3.googleusercontent.com/a-/ALV-UjVyWbET36rAFgzS2dHKNtvsIuLzUAvFLNFG06wbDYRf3jDhgq3D=s1920-c-rp-mo-ba12-br100","https://www.google.com/maps/contrib/107348291849989491122?hl=id","2039","2026-08-24T04:05:00.874Z","Direct Detail URL: https://www.google.com/maps/place/Umbul+Susuhan/@-7.6442043,110.5980704,17z/data=!4m6!3m5!1s0x2e7a423e8f224f2f:0x78f8a97e96368af5!8m2!3d-7.6442043!4d110.5980704!16s%2Fg%2F11c73mpffs?entry=tts&g_ep=EgoyMDI2MDgxOS4wIPu8ASoASAFQAw%3D%3D&skid=525f3dcf-3097-436b-a0a9-3b0bc8dc4bad","5","Jawa Tengah","Jl. Klaten - Jatinom No.7","false","Tempatnya renang pilihan untuk keluarga. Bersih, ada banyak pilihan spot renang untuk anak-anak dan orang dewasa. Khusus untuk perempuan jg ada. Kamar mandi banyak. Komplit.",,"Umbul Susuhan","4.4",,"https://www.google.com/maps/search/?api=1&query=Umbul%20Susuhan&query_place_id=ChIJL08ijz5Cei4R9Yo2ln6p-Hg",
"Jl. Klaten - Jatinom No.7, Dusun 1, Manjungan, Kec. Ngawen, Kabupaten Klaten, Jawa Tengah 57466, Indonesia","11211421739855492727","Taman Rekreasi Air","Kolam renang luar ruangan","Kolam Renang","Tujuan Wisata","Taman Rekreasi Air","8716903439926725365","Kabupaten Klaten","ID","0x2e7a423e8f224f2f:0x78f8a97e96368af5",,"https://lh3.googleusercontent.com/gps-cs-s/AHRPTWmLAC292IyEZxwnxzT96dOfJ11UjIo_SES-giCPaXIIGvN1dIM0IPUoai_HjX-A-ghkSdtSS1C2yNwfiquZWHpYeQGmtVZ7cRnXAC9h2oOiDtx8v22fL3JYHji1o3dEOeCyn_k=w408-h306-k-no","false","true","/g/11c73mpffs","id","0","-7.6442043","110.5980704","Supri Ady","Dusun 1, Manjungan, Kecamatan Ngawen","id","false","ChIJL08ijz5Cei4R9Yo2ln6p-Hg","57466",,"setahun lalu","2024-10-10T04:42:18.992Z",,,,"Tidak","Tanpa mengantre","Hari biasa","ChZDSUhNMG9nS0VJQ0FnSURueTZQcFN3EAE","https://lh3.googleusercontent.com/grass-cs/ACvplmM2NK4Jab1tGwsn8axuDTGW46jdxFAA9cbY7l-3wj1nHndY6j4YTHxg7x1H6tlI6ffvsBOCISeo3vwGduLgKE7A1rV4Di2Skub8qJcBf1B3OImsAECbavu3aIszOSsiotROLLggEw=k-no","https://lh3.googleusercontent.com/grass-cs/ACvplmOmubN8mK9q98WB2pleDyPHI2tKOC8Sy3ZMwDpO-HuP0BlCBe02-lhT_2Kt-9R08gF9UwZnBzNcgauIjsiNZN5kIRSdve_w3aXmLTLAs5_7UT8oaupafpbffnSATTkYKv4FZtcO=k-no",,,,,,,,,,,,,,,,,,,,,,"Google","https://www.google.com/maps/reviews/data=!4m8!14m7!1m6!2m5!1sChZDSUhNMG9nS0VJQ0FnSURueTZQcFN3EAE!2m1!1s0x0:0x78f8a97e96368af5!3m1!1s2@1:CIHM0ogKEICAgIDny6PpSw%7C%7C?hl=id","103333614526978871848","22","https://lh3.googleusercontent.com/a-/ALV-UjWjDP75bbTkXquCZOod3tCEfALST0H3DH9vrt0rXmn9VzAHF0c=s1920-c-rp-mo-ba12-br100","https://www.google.com/maps/contrib/103333614526978871848?hl=id","2039","2026-08-24T04:05:00.874Z","Direct Detail URL: https://www.google.com/maps/place/Umbul+Susuhan/@-7.6442043,110.5980704,17z/data=!4m6!3m5!1s0x2e7a423e8f224f2f:0x78f8a97e96368af5!8m2!3d-7.6442043!4d110.5980704!16s%2Fg%2F11c73mpffs?entry=tts&g_ep=EgoyMDI2MDgxOS4wIPu8ASoASAFQAw%3D%3D&skid=525f3dcf-3097-436b-a0a9-3b0bc8dc4bad","3","Jawa Tengah","Jl. Klaten - Jatinom No.7","false","Tempat nya luas,,,tiket masuk 10k +parkir 2k,airnya jernih sayange kurang terawat ,,,banyak sampah berserakan,,,kolame kurang bersih banyak lumutnya,,,serta banyak daun e di kolam gak d bersihkan.mohon d perbaiki biar pengunjung tambah banyak dan betah berkunjung di sini",,"Umbul Susuhan","4.4",,"https://www.google.com/maps/search/?api=1&query=Umbul%20Susuhan&query_place_id=ChIJL08ijz5Cei4R9Yo2ln6p-Hg",
"Jl. Klaten - Jatinom No.7, Dusun 1, Manjungan, Kec. Ngawen, Kabupaten Klaten, Jawa Tengah 57466, Indonesia","11211421739855492727","Taman Rekreasi Air","Kolam renang luar ruangan","Kolam Renang","Tujuan Wisata","Taman Rekreasi Air","8716903439926725365","Kabupaten Klaten","ID","0x2e7a423e8f224f2f:0x78f8a97e96368af5",,"https://lh3.googleusercontent.com/gps-cs-s/AHRPTWmLAC292IyEZxwnxzT96dOfJ11UjIo_SES-giCPaXIIGvN1dIM0IPUoai_HjX-A-ghkSdtSS1C2yNwfiquZWHpYeQGmtVZ7cRnXAC9h2oOiDtx8v22fL3JYHji1o3dEOeCyn_k=w408-h306-k-no","false","true","/g/11c73mpffs","id","1","-7.6442043","110.5980704","Rizki Lailatul Qoyumah","Dusun 1, Manjungan, Kecamatan Ngawen","id","false","ChIJL08ijz5Cei4R9Yo2ln6p-Hg","57466",,"8 tahun lalu","2018-04-01T18:54:45.485Z",,,,,,,"ChZDSUhNMG9nS0VJQ0FnSURBMjVlS0x3EAE","https://lh3.googleusercontent.com/grass-cs/ACvplmPm05Sl15zZ4A-5Wvt3r1ctryAJ3IcwysW82qo-ZXLBtQ9dqyUstG-AsoNEETg_pTLxvC_rZLjBDIHHYjK44bx3qXsLf1-YZRplXeS9yo5ZpkOyE2mM8itZYpW5t9zSfrWLtPW1Jg=k-no","https://lh3.googleusercontent.com/grass-cs/ACvplmNyZTvzKQYGLckbfM2A3mhq4OSSblg2Q4ihFKZ8RL6LaYk5C6XH3aGfunW21ErB7KqR8BL7fPrBLpyLz5kblXf_qFez21q3A_Aj0cpa-4l8WcZxeJbFJmI433xrMCG1JDpC6p97=k-no","https://lh3.googleusercontent.com/grass-cs/ACvplmMIBP0DIdX2XkCe1OBMLFdtp8NTcAXLJ2H48mtae96b11W04p6fsRQa_dCFvHB735jnwNHFiS6EVxKJwjePlSOkW_VefpUYIglr7M8ZppiYPUSOTFntHhmxnslV6A1aWjMt8hOt=k-no","https://lh3.googleusercontent.com/grass-cs/ACvplmM3fwX5RNW-ZLYO_vaDaQeUj5fkjj0hu-hTjodd0gQ6D53XxXivEDFkRZm6uy4BLYQ7T_uMGjvt-Otmb6JbSTzoROMLxx5RvKv5veoJuwYc4bD8SSkmw8JZKpmqlay49XAGkEQt=k-no",,,,,,,,,,,,,,,,,,,,"Google","https://www.google.com/maps/reviews/data=!4m8!14m7!1m6!2m5!1sChZDSUhNMG9nS0VJQ0FnSURBMjVlS0x3EAE!2m1!1s0x0:0x78f8a97e96368af5!3m1!1s2@1:CIHM0ogKEICAgIDA25eKLw%7C%7C?hl=id","105493568504791005932","217","https://lh3.googleusercontent.com/a-/ALV-UjXg0ZDlkCv7xZqcjjLfDPjTExAPJGBykTIu43LjoQ0n_x3tv64=s1920-c-rp-mo-ba12-br100","https://www.google.com/maps/contrib/105493568504791005932?hl=id","2039","2026-08-24T04:05:00.874Z","Direct Detail URL: https://www.google.com/maps/place/Umbul+Susuhan/@-7.6442043,110.5980704,17z/data=!4m6!3m5!1s0x2e7a423e8f224f2f:0x78f8a97e96368af5!8m2!3d-7.6442043!4d110.5980704!16s%2Fg%2F11c73mpffs?entry=tts&g_ep=EgoyMDI2MDgxOS4wIPu8ASoASAFQAw%3D%3D&skid=525f3dcf-3097-436b-a0a9-3b0bc8dc4bad","5","Jawa Tengah","Jl. Klaten - Jatinom No.7","false","tiket masuk 5k, parkir 2k, kolamnya ad buat anak"" remaja dan dewasa, air jernih..
ad kolam khusus wanita jga..
ad tempat peminjaman ban ,bagi yang gak bisa berenang .
disarankan bawa bekal sendiri ya dari rumah.",,"Umbul Susuhan","4.4",,"https://www.google.com/maps/search/?api=1&query=Umbul%20Susuhan&query_place_id=ChIJL08ijz5Cei4R9Yo2ln6p-Hg",
"Jl. Klaten - Jatinom No.7, Dusun 1, Manjungan, Kec. Ngawen, Kabupaten Klaten, Jawa Tengah 57466, Indonesia","11211421739855492727","Taman Rekreasi Air","Kolam renang luar ruangan","Kolam Renang","Tujuan Wisata","Taman Rekreasi Air","8716903439926725365","Kabupaten Klaten","ID","0x2e7a423e8f224f2f:0x78f8a97e96368af5",,"https://lh3.googleusercontent.com/gps-cs-s/AHRPTWmLAC292IyEZxwnxzT96dOfJ11UjIo_SES-giCPaXIIGvN1dIM0IPUoai_HjX-A-ghkSdtSS1C2yNwfiquZWHpYeQGmtVZ7cRnXAC9h2oOiDtx8v22fL3JYHji1o3dEOeCyn_k=w408-h306-k-no","false","true","/g/11c73mpffs","id","0","-7.6442043","110.5980704","Fajar Hayyin","Dusun 1, Manjungan, Kecamatan Ngawen","id","false","ChIJL08ijz5Cei4R9Yo2ln6p-Hg","57466",,"7 tahun lalu","2018-12-31T06:01:07.975Z",,,,,,,"ChdDSUhNMG9nS0VJQ0FnSURJNnFxaTd3RRAB","https://lh3.googleusercontent.com/grass-cs/ACvplmPlSF7OhkHmCgRWmJcDfGKm5VWSxMwtNIHsJiEjoWET2gEP4pLqhXohJPAeM7Li6g16k0hv1--maStDUduGxziOiiJblgyzxYj5YcwOi0QuA4u7JvVBRyqM4JBVcqiOYREnIRHW=k-no","https://lh3.googleusercontent.com/grass-cs/ACvplmOMdhi1bvR62OhhTFVRk1dyCmw83a1cvCJ9nPEkWJUU9iY0JTSh6LeB3RxyAEyFHLeC0Rzt6Tvr9tO13rZoDk8X78TEBNc8F2xzVas70NWbY_azL59cBU78-YhblEjFtZ_6evcD=k-no","https://lh3.googleusercontent.com/grass-cs/ACvplmPXvXTG1gfjMZjP8bwYE6dS-CrQ-Zshlu_kYu7sbUczTybky3mZHVIqgpco2EoCBwshobHVoDiKVpPfBh35QOM-LY07v1ODamm9mKKU7dbw_BbvGTndmcUgnEL2HMnk2xcNfg=k-no","https://lh3.googleusercontent.com/grass-cs/ACvplmOnLCWbBOetdMUftsnpaBDxcPf38HaeA7zLnSzp8SHxf9LezTRrzi5KY71UP_Ck0ZxlZurHJcfYOYxYaHZSmuk0jvuC22DVI55i9BJTjCrzha8MKalmMkfpRFnCySmW2yb6Bbo=k-no","https://lh3.googleusercontent.com/grass-cs/ACvplmPZ7hFeVyCbJjivD7Fv7EwnnX_CBe2RMKxztdg4Z_Vn_t-HcNIdsJn3j1Tv0ylvXtDjaTAhyuo5Dpi5mvhK2mLEc-PzYF0HHgxoTToaE-Qn7Uo8FL6uZvKvj_vR86B1TAN_HkvD8g=k-no",,,,,,,,,,,,,,,,,,,"Google","https://www.google.com/maps/reviews/data=!4m8!14m7!1m6!2m5!1sChdDSUhNMG9nS0VJQ0FnSURJNnFxaTd3RRAB!2m1!1s0x0:0x78f8a97e96368af5!3m1!1s2@1:CIHM0ogKEICAgIDI6qqi7wE%7C%7C?hl=id","108113505054878384630","206","https://lh3.googleusercontent.com/a-/ALV-UjUbC4DTcwyMvlasLjwYr0NlVj-OSrRBwHE1ndweKXEvnC-P5yyr=s1920-c-rp-mo-ba12-br100","https://www.google.com/maps/contrib/108113505054878384630?hl=id","2039","2026-08-24T04:05:00.874Z","Direct Detail URL: https://www.google.com/maps/place/Umbul+Susuhan/@-7.6442043,110.5980704,17z/data=!4m6!3m5!1s0x2e7a423e8f224f2f:0x78f8a97e96368af5!8m2!3d-7.6442043!4d110.5980704!16s%2Fg%2F11c73mpffs?entry=tts&g_ep=EgoyMDI2MDgxOS4wIPu8ASoASAFQAw%3D%3D&skid=525f3dcf-3097-436b-a0a9-3b0bc8dc4bad","5","Jawa Tengah","Jl. Klaten - Jatinom No.7","false","kolam renang dengan mata air yang segar. banyak pilihan kolam. ada kolam anak, kolam privasi utk wanita, kolam dalam hingga 2,5 m, kolam sedang, kolam berenang dengan ikan. habis renang makan gorengan yang masih hangat luar biasa mantap sekali.",,"Umbul Susuhan","4.4",,"https://www.google.com/maps/search/?api=1&query=Umbul%20Susuhan&query_place_id=ChIJL08ijz5Cei4R9Yo2ln6p-Hg",
"Jl. Klaten - Jatinom No.7, Dusun 1, Manjungan, Kec. Ngawen, Kabupaten Klaten, Jawa Tengah 57466, Indonesia","11211421739855492727","Taman Rekreasi Air","Kolam renang luar ruangan","Kolam Renang","Tujuan Wisata","Taman Rekreasi Air","8716903439926725365","Kabupaten Klaten","ID","0x2e7a423e8f224f2f:0x78f8a97e96368af5",,"https://lh3.googleusercontent.com/gps-cs-s/AHRPTWmLAC292IyEZxwnxzT96dOfJ11UjIo_SES-giCPaXIIGvN1dIM0IPUoai_HjX-A-ghkSdtSS1C2yNwfiquZWHpYeQGmtVZ7cRnXAC9h2oOiDtx8v22fL3JYHji1o3dEOeCyn_k=w408-h306-k-no","false","true","/g/11c73mpffs","id","2","-7.6442043","110.5980704","Romo AMISANI","Dusun 1, Manjungan, Kecamatan Ngawen","id","false","ChIJL08ijz5Cei4R9Yo2ln6p-Hg","57466",,"3 tahun lalu","2022-10-06T04:54:49.907Z",,,,,,,"ChdDSUhNMG9nS0VJQ0FnSURlNHZMUDd3RRAB","https://lh3.googleusercontent.com/grass-cs/ACvplmOa5VERSdviApW8qg3D0dJmjiK5rbqcvdcnzowKIoHu1k1HEq6IxoPr85xbuArQt5h5OqPPjyO3Fdyh1vdAdPVlWP5rdClPtB07DEIzvrJ1U8NvjP7czFtT7zxEjm_SF5MLihrM=k-no","https://lh3.googleusercontent.com/grass-cs/ACvplmNFpymblW95mwIDkBFgjPu3R0WzhqjzoZvQWBqpL5WUG_JpGyql0EKPp7IYBSn1TKXLO0gFBVzI971UKtg6ljKkHGUAdW5w3nLNYobmJqY8Z4bjfZnZI5I61COtGMqAFryrvQeIIQ=k-no","https://lh3.googleusercontent.com/grass-cs/ACvplmMODKEYX-3Hlw4BYkcpETiX_ZZ0LLpV3EaMRpx58KzRL40j0X7jKIpinEPLG_MoguO-6exbV7wwEA6VdwVoi5Ns8Mu7LzIgCJZ4qaKgYTjPn2QkoaBWq3vOW-w2FXzbKPvNrr8=k-no","https://lh3.googleusercontent.com/grass-cs/ACvplmMfDSoXQFSc-1StPN8_nA6dho1fK1sVAzSjHrXcBU1gB3p2Ohmsy3tOUqtXIMau_IJaAcRKe6hPcjlzYvGJlXZljQ_SmJHNGzTUyi5bMYcCHLc-lOPD14KNz-gAXS0mNLs3XUJGUQ=k-no",,,,,,,,,,,,,,,,,,,,"Google","https://www.google.com/maps/reviews/data=!4m8!14m7!1m6!2m5!1sChdDSUhNMG9nS0VJQ0FnSURlNHZMUDd3RRAB!2m1!1s0x0:0x78f8a97e96368af5!3m1!1s2@1:CIHM0ogKEICAgIDe4vLP7wE%7C%7C?hl=id","104214283767713155457","221","https://lh3.googleusercontent.com/a-/ALV-UjWZDnN6x4zz8MfOmFNWrNqoJnNcDk0NOO61GymAj8NWvKGLsGrx=s1920-c-rp-mo-ba12-br100","https://www.google.com/maps/contrib/104214283767713155457?hl=id","2039","2026-08-24T04:05:00.874Z","Direct Detail URL: https://www.google.com/maps/place/Umbul+Susuhan/@-7.6442043,110.5980704,17z/data=!4m6!3m5!1s0x2e7a423e8f224f2f:0x78f8a97e96368af5!8m2!3d-7.6442043!4d110.5980704!16s%2Fg%2F11c73mpffs?entry=tts&g_ep=EgoyMDI2MDgxOS4wIPu8ASoASAFQAw%3D%3D&skid=525f3dcf-3097-436b-a0a9-3b0bc8dc4bad","4","Jawa Tengah","Jl. Klaten - Jatinom No.7","false","Pas datang mungkin lagi kurang beruntung krn kesannya pas kotor untuk beberapa kolamnya berlumut.
Untuk yg model alami ok2 saja.",,"Umbul Susuhan","4.4",,"https://www.google.com/maps/search/?api=1&query=Umbul%20Susuhan&query_place_id=ChIJL08ijz5Cei4R9Yo2ln6p-Hg",
"Jl. Klaten - Jatinom No.7, Dusun 1, Manjungan, Kec. Ngawen, Kabupaten Klaten, Jawa Tengah 57466, Indonesia","11211421739855492727","Taman Rekreasi Air","Kolam renang luar ruangan","Kolam Renang","Tujuan Wisata","Taman Rekreasi Air","8716903439926725365","Kabupaten Klaten","ID","0x2e7a423e8f224f2f:0x78f8a97e96368af5",,"https://lh3.googleusercontent.com/gps-cs-s/AHRPTWmLAC292IyEZxwnxzT96dOfJ11UjIo_SES-giCPaXIIGvN1dIM0IPUoai_HjX-A-ghkSdtSS1C2yNwfiquZWHpYeQGmtVZ7cRnXAC9h2oOiDtx8v22fL3JYHji1o3dEOeCyn_k=w408-h306-k-no","false","true","/g/11c73mpffs","id","0","-7.6442043","110.5980704","Nawi Suga","Dusun 1, Manjungan, Kecamatan Ngawen","id","false","ChIJL08ijz5Cei4R9Yo2ln6p-Hg","57466",,"2 tahun lalu","2024-04-16T09:23:55.421Z",,"2024-04-16T09:05:27.000Z","Terimakasih atas kunjungannya 🙏🏻, Semoga Umbul Susuhan menjadi tempat wisata air yang semakin berkembang ","Tidak","Tanpa mengantre","Hari biasa","ChdDSUhNMG9nS0VJQ0FnSUREdl9ienpRRRAB","https://lh3.googleusercontent.com/grass-cs/ACvplmMQAv9MLg38FZ3GiOqUnATSKIMCoacvPKwTosaiMvwI8CdsxX1hwTQ2Bs-l4Ho3C-gXX_yNTYj-xYX3YchZuZjZE7BhEIxMlM7goSpk28FmlBpmnMKVPLC6q98Tkos7-0UnG6uL=k-no","https://lh3.googleusercontent.com/grass-cs/ACvplmPwevRg_mLEfCg2DsY-mAZw-djvDdkbruklIKaiH26i7wuV_VY0pQ6i8y8wLKN8dtceKt-L9ZKLyqo7ybEdZlnxY3HiLy6FzensV9dIGGOVHAksMtptI2ll_XYt7Axyep6LTC0I=k-no","https://lh3.googleusercontent.com/grass-cs/ACvplmOecweTokTjoLNZMcKmiE50EmsX9ipe4Hz_AtGWZ1tt4pdMsl80ETw7CGj4N2uP6vTAJNY2yv5an_Xdr_IzLpaa6sPaHbRRUNY2SUBzPDWFSb5gIqEX1AlxdfEGqJbRrbm4vuk=k-no","https://lh3.googleusercontent.com/grass-cs/ACvplmP_m-1OX_o-vn0TNtnQjDlRbpoU8OyOQl4s6f1YR-nvfI25Xk-SMnzOz931-dKirR8FTYKyUDLv6lT-hXCfehGBjYAwHQrdKcqj_TvCBVqs2AECuYH49oMjG2WwnHfAguuwuOXIlw=k-no","https://lh3.googleusercontent.com/grass-cs/ACvplmNVwkVxqDMN6emh7Iq82xTZJY6cOKpm1HlkSBGb5V8GmIuSoUvcRT-V8gyNKCiBlhO_hjmGhViBgSl06x6QRR8hYatYeVRZlute1TUoaIQ5TxYLN2XMPuzMi_7bgwDE4gHVYsc0=k-no","https://lh3.googleusercontent.com/grass-cs/ACvplmOxTTwuE_rsdAQyFiRpijiv-AwHaw8y84P-7K6lEMZ-AbQZU-oCsOHoqNk3MFOH_RGx_xaY82BTG1-NkBBo8PpGbe6IVQPdSA_Lgluu0G3-vCYcTuL9mpvVdPmMMcdPQ2hdU2g=k-no","https://lh3.googleusercontent.com/grass-cs/ACvplmP_tY3ECwLlhss2DDfwIuW_jkmQH6EY2wb7eX_5_YJu7oF2-qe3eM0EHzmTDI4TB2yF7V8ze8Qa2TnN0KgEhKCA4zJ-HXv6HKQRjOgd01wTEXg-DXZTyLUECwCRmbU7v8mQwbJc=k-no","https://lh3.googleusercontent.com/grass-cs/ACvplmMVOcDm05UdB0ojqw4N2cyXWR3TwWGgs1tfDkvtROT7ABqiK8TWz3MXiG5wdtDHaEr6xyEeEGo-kzcFT6L4a2elAavnr5rMD3dV2aPzkrMJZ_Uvr4GrCe1AqFUxqhcVsZNX4-25=k-no","https://lh3.googleusercontent.com/grass-cs/ACvplmMIxL0OT-y7EsWgaAgg8mfY_EUiY7vAwdVv0WZgP-VnrWxdBK-GTXewhc60LmA3ryUb_HHS63a0kEZTNAoyTifTPiBXsJIrvjjvaT5NOuMFd3GhH-xzLmb1nzI-4E-eoSaVLPiYMg=k-no","https://lh3.googleusercontent.com/grass-cs/ACvplmOZnou8pd2xUXnU6ZRWkWWFVY-zapb-elJ2PeBi43gqx0PW-KVgLvNNaODlOQuA-xrw9l60L4PMEhs6HPbxGLCephpD0vcNZd2aYhNItK3GRn1ipdFCjRDcvRHcK2ur7d1dRFZd=k-no","https://lh3.googleusercontent.com/grass-cs/ACvplmP44APpPlxXFThm8rOTTHQ3guB3c0ltsdEtZASPNeCkHEDQYS2kWvFY4MX4avT9q7oZAQdQZyG24iY31z2GYU6WS5doU45IdMCE8oJplRFsWWImpVzBF15SytgTzPJWKiDLtZ6AFg=k-no",,,,,,,,,,,,,"Google","https://www.google.com/maps/reviews/data=!4m8!14m7!1m6!2m5!1sChdDSUhNMG9nS0VJQ0FnSUREdl9ienpRRRAB!2m1!1s0x0:0x78f8a97e96368af5!3m1!1s2@1:CIHM0ogKEICAgIDDv_bzzQE%7C%7C?hl=id","106468299826079564119","145","https://lh3.googleusercontent.com/a-/ALV-UjUSdVN4DyF2SqWl8oZvX5Tzn_dSKj4v_C6YuncyKtk_4jCtu-xo=s1920-c-rp-mo-ba12-br100","https://www.google.com/maps/contrib/106468299826079564119?hl=id","2039","2026-08-24T04:05:00.874Z","Direct Detail URL: https://www.google.com/maps/place/Umbul+Susuhan/@-7.6442043,110.5980704,17z/data=!4m6!3m5!1s0x2e7a423e8f224f2f:0x78f8a97e96368af5!8m2!3d-7.6442043!4d110.5980704!16s%2Fg%2F11c73mpffs?entry=tts&g_ep=EgoyMDI2MDgxOS4wIPu8ASoASAFQAw%3D%3D&skid=525f3dcf-3097-436b-a0a9-3b0bc8dc4bad","5","Jawa Tengah","Jl. Klaten - Jatinom No.7","false","Rekomendasi wisata  air kolam renang klaten, jatinom, ngupit, ngawen, manjungan dan sekitarnya",,"Umbul Susuhan","4.4",,"https://www.google.com/maps/search/?api=1&query=Umbul%20Susuhan&query_place_id=ChIJL08ijz5Cei4R9Yo2ln6p-Hg",
"Jl. Klaten - Jatinom No.7, Dusun 1, Manjungan, Kec. Ngawen, Kabupaten Klaten, Jawa Tengah 57466, Indonesia","11211421739855492727","Taman Rekreasi Air","Kolam renang luar ruangan","Kolam Renang","Tujuan Wisata","Taman Rekreasi Air","8716903439926725365","Kabupaten Klaten","ID","0x2e7a423e8f224f2f:0x78f8a97e96368af5",,"https://lh3.googleusercontent.com/gps-cs-s/AHRPTWmLAC292IyEZxwnxzT96dOfJ11UjIo_SES-giCPaXIIGvN1dIM0IPUoai_HjX-A-ghkSdtSS1C2yNwfiquZWHpYeQGmtVZ7cRnXAC9h2oOiDtx8v22fL3JYHji1o3dEOeCyn_k=w408-h306-k-no","false","true","/g/11c73mpffs","id","0","-7.6442043","110.5980704","Ari Eko Prasetyo","Dusun 1, Manjungan, Kecamatan Ngawen","id","false","ChIJL08ijz5Cei4R9Yo2ln6p-Hg","57466",,"6 tahun lalu","2020-03-01T11:09:25.514Z",,,,,,,"ChdDSUhNMG9nS0VJQ0FnSURzbXFXS3BBRRAB","https://lh3.googleusercontent.com/grass-cs/ACvplmOXVEzuH32JaavroM-IWwokO3n4i2hSAwbpsIPHimzEz3wL6kRFedC1_frio1YXQM4OEy_ZZqhDmUfP3pwfed8Fu71ZEhkb_L_j-qpqHjfAwKywa861LXQQENqmEGxO61N6NBQ=k-no","https://lh3.googleusercontent.com/grass-cs/ACvplmMRgM0raDaPl0nQhMXG-e8Ebk-G-rpGkFafDJkaWxkrzbGoPsmSa4wlRQKEYxa17c09JBKDF-KBqDyBn3lwon3SkRU-6vLfaC7KGKlDDgGyPHC-GR_PTafM0w0y_Y4KF1FthqYJ=k-no","https://lh3.googleusercontent.com/grass-cs/ACvplmNzF72jnyhBjxGxV6HqJdqYtZtp9Y7UEfGDCZ66IUtPXpAgETvP2XRjtbVxZRkqF-ISHJ_NyRg_XQBFLoIyTai5SCvxVoZRCnQj2CqKVePCqcUKd9e5_8KrwByQJrwymf73ZKsynw=k-no",,,,,,,,,,,,,,,,,,,,,"Google","https://www.google.com/maps/reviews/data=!4m8!14m7!1m6!2m5!1sChdDSUhNMG9nS0VJQ0FnSURzbXFXS3BBRRAB!2m1!1s0x0:0x78f8a97e96368af5!3m1!1s2@1:CIHM0ogKEICAgIDsmqWKpAE%7C%7C?hl=id","102237153295068253500","168","https://lh3.googleusercontent.com/a-/ALV-UjVH1gdx3YQbb2araNu-3xOzsnb8UkhY6mf5jQT5NhSiGhftsLl_=s1920-c-rp-mo-ba12-br100","https://www.google.com/maps/contrib/102237153295068253500?hl=id","2039","2026-08-24T04:05:00.874Z","Direct Detail URL: https://www.google.com/maps/place/Umbul+Susuhan/@-7.6442043,110.5980704,17z/data=!4m6!3m5!1s0x2e7a423e8f224f2f:0x78f8a97e96368af5!8m2!3d-7.6442043!4d110.5980704!16s%2Fg%2F11c73mpffs?entry=tts&g_ep=EgoyMDI2MDgxOS4wIPu8ASoASAFQAw%3D%3D&skid=525f3dcf-3097-436b-a0a9-3b0bc8dc4bad","4","Jawa Tengah","Jl. Klaten - Jatinom No.7","false","Tepat dipinggir jalan jatinom Boyolali, salahh satu sumber mata air yg bernama umbul Susuhan, nikmati berenang berendam di air nan bening ini. nikmati sambil ngopi ngopi santai makan popmie enak hhi",,"Umbul Susuhan","4.4",,"https://www.google.com/maps/search/?api=1&query=Umbul%20Susuhan&query_place_id=ChIJL08ijz5Cei4R9Yo2ln6p-Hg",
"Jl. Klaten - Jatinom No.7, Dusun 1, Manjungan, Kec. Ngawen, Kabupaten Klaten, Jawa Tengah 57466, Indonesia","11211421739855492727","Taman Rekreasi Air","Kolam renang luar ruangan","Kolam Renang","Tujuan Wisata","Taman Rekreasi Air","8716903439926725365","Kabupaten Klaten","ID","0x2e7a423e8f224f2f:0x78f8a97e96368af5",,"https://lh3.googleusercontent.com/gps-cs-s/AHRPTWmLAC292IyEZxwnxzT96dOfJ11UjIo_SES-giCPaXIIGvN1dIM0IPUoai_HjX-A-ghkSdtSS1C2yNwfiquZWHpYeQGmtVZ7cRnXAC9h2oOiDtx8v22fL3JYHji1o3dEOeCyn_k=w408-h306-k-no","false","true","/g/11c73mpffs","id","3","-7.6442043","110.5980704","Anonymous","Dusun 1, Manjungan, Kecamatan Ngawen","id","false","ChIJL08ijz5Cei4R9Yo2ln6p-Hg","57466",,"2 tahun lalu","2023-12-23T14:09:59.382Z",,,,"Tidak","Tanpa mengantre","Hari biasa","ChZDSUhNMG9nS0VJQ0FnSUMxMUppU0JBEAE","https://lh3.googleusercontent.com/grass-cs/ACvplmNmNbQ5HrFa_Px6ltjkMIru7TPnEaoAqPjdy520x5s57WJJlLSYxRuVYTflGdNlKP-lhMfw-zKiurDyAaDafvC-9uWQ01nwQLYWWf04zA-5ODaZE-5igQav5mC3rBHfupEY4Y1yww=k-no",,,,,,,,,,,,,,,,,,,,,,,"Google","https://www.google.com/maps/reviews/data=!4m8!14m7!1m6!2m5!1sChZDSUhNMG9nS0VJQ0FnSUMxMUppU0JBEAE!2m1!1s0x0:0x78f8a97e96368af5!3m1!1s2@1:CIHM0ogKEICAgIC11JiSBA%7C%7C?hl=id","105518248969940686503","54","https://lh3.googleusercontent.com/a-/ALV-UjXEoGhoX2snh6eFuoYWzYqadFOYCbq0Ip4V7CQDXK1m--R7p3MR9Q=s1920-c-rp-mo-ba12-br100","https://www.google.com/maps/contrib/105518248969940686503?hl=id","2039","2026-08-24T04:05:00.874Z","Direct Detail URL: https://www.google.com/maps/place/Umbul+Susuhan/@-7.6442043,110.5980704,17z/data=!4m6!3m5!1s0x2e7a423e8f224f2f:0x78f8a97e96368af5!8m2!3d-7.6442043!4d110.5980704!16s%2Fg%2F11c73mpffs?entry=tts&g_ep=EgoyMDI2MDgxOS4wIPu8ASoASAFQAw%3D%3D&skid=525f3dcf-3097-436b-a0a9-3b0bc8dc4bad","4","Jawa Tengah","Jl. Klaten - Jatinom No.7","false","Ada kolam khusus perempuannya jadi nyaman ketika berenang. Ke sini ketika hari kerja di siang hari, lumayan panas apalagi nggak ada tutupan di atasnya jadi kerasa banget sinar mataharinya di tambah ada pengunjung yang iseng memfoto seluruh kolam renang tanpa memperhatikan keadaan. Ke depannya semoga ada tutupan atasnya seperti dulu juga ada sticker untuk tidak memfoto di kolam renang khusus wanita.",,"Umbul Susuhan","4.4",,"https://www.google.com/maps/search/?api=1&query=Umbul%20Susuhan&query_place_id=ChIJL08ijz5Cei4R9Yo2ln6p-Hg",
"Jl. Klaten - Jatinom No.7, Dusun 1, Manjungan, Kec. Ngawen, Kabupaten Klaten, Jawa Tengah 57466, Indonesia","11211421739855492727","Taman Rekreasi Air","Kolam renang luar ruangan","Kolam Renang","Tujuan Wisata","Taman Rekreasi Air","8716903439926725365","Kabupaten Klaten","ID","0x2e7a423e8f224f2f:0x78f8a97e96368af5",,"https://lh3.googleusercontent.com/gps-cs-s/AHRPTWmLAC292IyEZxwnxzT96dOfJ11UjIo_SES-giCPaXIIGvN1dIM0IPUoai_HjX-A-ghkSdtSS1C2yNwfiquZWHpYeQGmtVZ7cRnXAC9h2oOiDtx8v22fL3JYHji1o3dEOeCyn_k=w408-h306-k-no","false","true","/g/11c73mpffs","id","0","-7.6442043","110.5980704","MUJIONO","Dusun 1, Manjungan, Kecamatan Ngawen","id","false","ChIJL08ijz5Cei4R9Yo2ln6p-Hg","57466",,"2 tahun lalu","2023-11-03T01:34:34.860Z",,,,,,,"ChZDSUhNMG9nS0VJQ0FnSUNGMjllV09REAE","https://lh3.googleusercontent.com/grass-cs/ACvplmPKwvRnOa49wGvU25lVWxlBzcs5SYvTYN2H2AWLiuSMhho_N-ClQaZKv6sAMkaNoPrIoIZoyjBvSSnjC9R61vxMjZ245A04aDHk6erPuNH7RGt8-HI0vopeSLDQmF1dgbuin5Nj=k-no",,,,,,,,,,,,,,,,,,,,,,,"Google","https://www.google.com/maps/reviews/data=!4m8!14m7!1m6!2m5!1sChZDSUhNMG9nS0VJQ0FnSUNGMjllV09REAE!2m1!1s0x0:0x78f8a97e96368af5!3m1!1s2@1:CIHM0ogKEICAgICF29eWOQ%7C%7C?hl=id","101181438274013474556","209","https://lh3.googleusercontent.com/a-/ALV-UjVQwBKmpXUsqtLyDyJlg1iOUS77mSF23XwmQ1BLvH9Iq6bkdLk=s1920-c-rp-mo-ba12-br100","https://www.google.com/maps/contrib/101181438274013474556?hl=id","2039","2026-08-24T04:05:00.874Z","Direct Detail URL: https://www.google.com/maps/place/Umbul+Susuhan/@-7.6442043,110.5980704,17z/data=!4m6!3m5!1s0x2e7a423e8f224f2f:0x78f8a97e96368af5!8m2!3d-7.6442043!4d110.5980704!16s%2Fg%2F11c73mpffs?entry=tts&g_ep=EgoyMDI2MDgxOS4wIPu8ASoASAFQAw%3D%3D&skid=525f3dcf-3097-436b-a0a9-3b0bc8dc4bad","5","Jawa Tengah","Jl. Klaten - Jatinom No.7","false","Nyaman...ada kolam khusus wanita...cuma kalau pemula dan belum bs renang...kolam ini nggak cocok...kedalaman 160 cm sd 2.5 M...😟",,"Umbul Susuhan","4.4",,"https://www.google.com/maps/search/?api=1&query=Umbul%20Susuhan&query_place_id=ChIJL08ijz5Cei4R9Yo2ln6p-Hg",
"Jl. Klaten - Jatinom No.7, Dusun 1, Manjungan, Kec. Ngawen, Kabupaten Klaten, Jawa Tengah 57466, Indonesia","11211421739855492727","Taman Rekreasi Air","Kolam renang luar ruangan","Kolam Renang","Tujuan Wisata","Taman Rekreasi Air","8716903439926725365","Kabupaten Klaten","ID","0x2e7a423e8f224f2f:0x78f8a97e96368af5",,"https://lh3.googleusercontent.com/gps-cs-s/AHRPTWmLAC292IyEZxwnxzT96dOfJ11UjIo_SES-giCPaXIIGvN1dIM0IPUoai_HjX-A-ghkSdtSS1C2yNwfiquZWHpYeQGmtVZ7cRnXAC9h2oOiDtx8v22fL3JYHji1o3dEOeCyn_k=w408-h306-k-no","false","true","/g/11c73mpffs","id","1","-7.6442043","110.5980704","Fitri Nur Aisyah","Dusun 1, Manjungan, Kecamatan Ngawen","id","false","ChIJL08ijz5Cei4R9Yo2ln6p-Hg","57466",,"6 tahun lalu","2020-01-29T03:49:49.005Z",,,,,,,"ChdDSUhNMG9nS0VJQ0FnSUNzNm9pcm5BRRAB","https://lh3.googleusercontent.com/grass-cs/ACvplmMQF7DDUeE27M8G3u_9UF1M5RK40LgpAiIBzkvxkz28iS9G846xllbRAd2IZI7yQOoOTcP3xcxacSzzd5dBnv7ngWroybZlq-_HIRKanV9NRODUleAiVSQovIr8a7hGbmuBZdeo=k-no","https://lh3.googleusercontent.com/grass-cs/ACvplmMdD86DXWiegYHl8D7UYWNGx2vGKngSucU7mAQYDxIDNgrdcyEV8s_ian6HS2dNq70J5lyBTo64PTjLPCbeaW-uiFyYxe0nB7T3vThMSaNUZyiEIZCVopU1S1xJvzOdyWyR_dU=k-no","https://lh3.googleusercontent.com/grass-cs/ACvplmM5bUkTHYngdFccAmYYqj3yZi57wuvhlniJkZ3ytOaOCMnZz258PwPoO9_AZqwzirRoGYgStiI2BiMpDPdZEr4C56RewwHPugLlfIcJqNzgghWmCKXBSekvJ6X491fE5muK1Eyltw=k-no","https://lh3.googleusercontent.com/grass-cs/ACvplmNUkSSKc-OZtjC8eWKAHh6sa8kFS82HOwaz-HEmI532zDWAikHi7-6rr7_G2Lm1JtUSRqHUa3oXGkgY6oJ4OqNGqMm4UAqgKhPNhxYpCzRwFpD3K_0rfE_Z8l0nxn2WIq2g3XZC4g=k-no","https://lh3.googleusercontent.com/grass-cs/ACvplmMjauj_rqbMQT5yfEwKR5xr1bLe8HYFalfk7Ko8uEDDXPmy3YSbApSl6iCAldTfxAQtCBRCr1bnDnL0OLbLlGxBDuIbK_XkbeMlHzta1WcinD__96Rl6LO9UR41A3yfO7i890l7=k-no",,,,,,,,,,,,,,,,,,,"Google","https://www.google.com/maps/reviews/data=!4m8!14m7!1m6!2m5!1sChdDSUhNMG9nS0VJQ0FnSUNzNm9pcm5BRRAB!2m1!1s0x0:0x78f8a97e96368af5!3m1!1s2@1:CIHM0ogKEICAgICs6oirnAE%7C%7C?hl=id","101184476802604826582","152","https://lh3.googleusercontent.com/a-/ALV-UjVdl7Fes82GZziLDA0ss8gtSacMsSP98KGo9UW7LzS7YPM0D-yn=s1920-c-rp-mo-ba12-br100","https://www.google.com/maps/contrib/101184476802604826582?hl=id","2039","2026-08-24T04:05:00.874Z","Direct Detail URL: https://www.google.com/maps/place/Umbul+Susuhan/@-7.6442043,110.5980704,17z/data=!4m6!3m5!1s0x2e7a423e8f224f2f:0x78f8a97e96368af5!8m2!3d-7.6442043!4d110.5980704!16s%2Fg%2F11c73mpffs?entry=tts&g_ep=EgoyMDI2MDgxOS4wIPu8ASoASAFQAw%3D%3D&skid=525f3dcf-3097-436b-a0a9-3b0bc8dc4bad","5","Jawa Tengah","Jl. Klaten - Jatinom No.7","false","Tempatnya bersih, kamar mandinya bersih ada kolam renang khusus wanitanya",,"Umbul Susuhan","4.4",,"https://www.google.com/maps/search/?api=1&query=Umbul%20Susuhan&query_place_id=ChIJL08ijz5Cei4R9Yo2ln6p-Hg",
"Jl. Klaten - Jatinom No.7, Dusun 1, Manjungan, Kec. Ngawen, Kabupaten Klaten, Jawa Tengah 57466, Indonesia","11211421739855492727","Taman Rekreasi Air","Kolam renang luar ruangan","Kolam Renang","Tujuan Wisata","Taman Rekreasi Air","8716903439926725365","Kabupaten Klaten","ID","0x2e7a423e8f224f2f:0x78f8a97e96368af5",,"https://lh3.googleusercontent.com/gps-cs-s/AHRPTWmLAC292IyEZxwnxzT96dOfJ11UjIo_SES-giCPaXIIGvN1dIM0IPUoai_HjX-A-ghkSdtSS1C2yNwfiquZWHpYeQGmtVZ7cRnXAC9h2oOiDtx8v22fL3JYHji1o3dEOeCyn_k=w408-h306-k-no","false","true","/g/11c73mpffs","id","1","-7.6442043","110.5980704","Nurms Aini","Dusun 1, Manjungan, Kecamatan Ngawen","id","false","ChIJL08ijz5Cei4R9Yo2ln6p-Hg","57466",,"setahun lalu","2024-09-21T13:10:47.604Z",,,,"Tidak","Tanpa mengantre","Akhir pekan","ChdDSUhNMG9nS0VJQ0FnSURIXzRlWjVnRRAB","https://lh3.googleusercontent.com/grass-cs/ACvplmMY0diN7UjQ_dd2OywO5UZnP0j-YsJMdUqY5brDM5pI7k8erPscJQT17VxYYrnGjj0YJrbw9wy69OwBF2JPgCv0VybHm-Zu0gyGWXOSOkBJnZaMhkM29bAzwfAKMIQoZnRXHCAe=k-no","https://lh3.googleusercontent.com/grass-cs/ACvplmM6m2x8I6r77qcFtNNnV95ziJ3Ml9eNG5XnEMl_tHZq_w_vZSvI04wKogDqbqb0xEDMpm61TtByoNspFflpCW6suW7y3Ss6-dCDghBSptIw06z4ydU-RRMQWRXaFNU1yMwFjFwPNw=k-no","https://lh3.googleusercontent.com/grass-cs/ACvplmPcMn_FcKktVjXl0X7X8CuwYYgSPXwRI2YAHQwU7pwre08x1nGsDxVjvmz4zBww2Ryb72t3S1d8QSo_uMeDOKaPPiNKzZpxXMUg0-ftGjTcsCYApJTSgJ-ORtzsY8MqmC01L6al=k-no","https://lh3.googleusercontent.com/grass-cs/ACvplmNSqsRg8oAUNz10MJ66MPUY7o_9pRQRTw09CM2ON3tmbmT7uZtLKrEU_Tst5-7rfb8eLdO2AMPqLiO3NulNRsPRWZ0iq0Pcyf-L2xXvN7H92OjGjuT7HrX3DqitbzytO1BlYQpqkw=k-no","https://lh3.googleusercontent.com/grass-cs/ACvplmPLOxArXGFPRqPgpjVa16Zz-CQrzj7DRywe1KCPExMVftzznG9oWHfJ52okTldmNF0paAqGLR2XIQpAqtUc9y3QS-6cXIpb2rjlKSfHqvCZ03f0XS-BTPQpjx5hzLAii5qTvG2H=k-no","https://lh3.googleusercontent.com/grass-cs/ACvplmNMJlwWufI9M8tbteggPmXgFY8zL1qS37f3M4z0LADrilWjKIvMDkZVIzlT3sS3Rw-TwLxzwjSwdH1kEFMJ-9oJXOfuTGWWaxUG-WGWO58Qxoz5YY4vL67Faq0vTtU0gw6L_4j01Q=k-no","https://lh3.googleusercontent.com/grass-cs/ACvplmP2I4eyxxhdA2vOq_CvNHF62H70d1bW5LybEo5PP_RX2DgQEvn5MHQmAHF30PGOVowcnEvFDWq3Tix_Rui8n8zVez00A5vvsFcMZJYEhs3wvIOImVOFAdhWAewcvg8nxxIG5qZQ=k-no",,,,,,,,,,,,,,,,,"Google","https://www.google.com/maps/reviews/data=!4m8!14m7!1m6!2m5!1sChdDSUhNMG9nS0VJQ0FnSURIXzRlWjVnRRAB!2m1!1s0x0:0x78f8a97e96368af5!3m1!1s2@1:CIHM0ogKEICAgIDH_4eZ5gE%7C%7C?hl=id","111345472478259836009","15","https://lh3.googleusercontent.com/a/ACg8ocIOUAxDYVF22sGCjfqHw7iqkVGX_pxyqaGXes6IUX9zKeA-2g=s1920-c-rp-mo-ba12-br100","https://www.google.com/maps/contrib/111345472478259836009?hl=id","2039","2026-08-24T04:05:00.874Z","Direct Detail URL: https://www.google.com/maps/place/Umbul+Susuhan/@-7.6442043,110.5980704,17z/data=!4m6!3m5!1s0x2e7a423e8f224f2f:0x78f8a97e96368af5!8m2!3d-7.6442043!4d110.5980704!16s%2Fg%2F11c73mpffs?entry=tts&g_ep=EgoyMDI2MDgxOS4wIPu8ASoASAFQAw%3D%3D&skid=525f3dcf-3097-436b-a0a9-3b0bc8dc4bad","5","Jawa Tengah","Jl. Klaten - Jatinom No.7","false","Umbul susuhan Jatinom klaten .. Nyaman dan aman..Cocok utk wisata air akhir pekan",,"Umbul Susuhan","4.4",,"https://www.google.com/maps/search/?api=1&query=Umbul%20Susuhan&query_place_id=ChIJL08ijz5Cei4R9Yo2ln6p-Hg",
"Jl. Klaten - Jatinom No.7, Dusun 1, Manjungan, Kec. Ngawen, Kabupaten Klaten, Jawa Tengah 57466, Indonesia","11211421739855492727","Taman Rekreasi Air","Kolam renang luar ruangan","Kolam Renang","Tujuan Wisata","Taman Rekreasi Air","8716903439926725365","Kabupaten Klaten","ID","0x2e7a423e8f224f2f:0x78f8a97e96368af5",,"https://lh3.googleusercontent.com/gps-cs-s/AHRPTWmLAC292IyEZxwnxzT96dOfJ11UjIo_SES-giCPaXIIGvN1dIM0IPUoai_HjX-A-ghkSdtSS1C2yNwfiquZWHpYeQGmtVZ7cRnXAC9h2oOiDtx8v22fL3JYHji1o3dEOeCyn_k=w408-h306-k-no","false","true","/g/11c73mpffs","id","0","-7.6442043","110.5980704","Luthfiati Hanifah","Dusun 1, Manjungan, Kecamatan Ngawen","id","false","ChIJL08ijz5Cei4R9Yo2ln6p-Hg","57466",,"4 tahun lalu","2022-08-05T10:06:11.424Z",,,,,,,"ChdDSUhNMG9nS0VJQ0FnSUN1NDR1QW1nRRAB","https://lh3.googleusercontent.com/grass-cs/ACvplmMhEHUa15u__12dhiVqhLfMQOPNNItmxMRQDGSKVTMhiBA7qmh_7nH-PacLLIFvyW076qqAnq2saLA9BaS3HG3KXPyTerT4Aj2di9xezSdN3NNHzckjqkYIOkEwtsaT7syxGlM=k-no","https://lh3.googleusercontent.com/grass-cs/ACvplmNu4UCO7mZ-10Ib5_djVXVfOlaJx2hj87zNRX22QhYqFKP4JKYfB8oen_hKpy5froY6SgmR7Q6o_uvBXZkju1X41-1Ozt0MXmzZam06Sa4y-VVXcSU9_ZMqAUN3daLGoFPlhGCkeA=k-no",,,,,,,,,,,,,,,,,,,,,,"Google","https://www.google.com/maps/reviews/data=!4m8!14m7!1m6!2m5!1sChdDSUhNMG9nS0VJQ0FnSUN1NDR1QW1nRRAB!2m1!1s0x0:0x78f8a97e96368af5!3m1!1s2@1:CIHM0ogKEICAgICu44uAmgE%7C%7C?hl=id","117545664949258126911","143","https://lh3.googleusercontent.com/a-/ALV-UjU7281O3sMbVEdzpGB0DdSp3voNkir_RyG0kss2VGVOyvDjJr5F=s1920-c-rp-mo-ba12-br100","https://www.google.com/maps/contrib/117545664949258126911?hl=id","2039","2026-08-24T04:05:00.874Z","Direct Detail URL: https://www.google.com/maps/place/Umbul+Susuhan/@-7.6442043,110.5980704,17z/data=!4m6!3m5!1s0x2e7a423e8f224f2f:0x78f8a97e96368af5!8m2!3d-7.6442043!4d110.5980704!16s%2Fg%2F11c73mpffs?entry=tts&g_ep=EgoyMDI2MDgxOS4wIPu8ASoASAFQAw%3D%3D&skid=525f3dcf-3097-436b-a0a9-3b0bc8dc4bad","5","Jawa Tengah","Jl. Klaten - Jatinom No.7","false","nyaman karena ada area khusus wanita yang tertutup tp tidak 'singup' alias cukup cahaya dan udara..

ada area khusus anak juga, dan yang bagian dekat mata airnya jernih sekali masyaAllah kelihatan seger tapi sepertinya dalam bgt

kalau mau menghangatkan badan setelah renang bisa beli makan di dalam bisa juga di soto sebelahnya, enak juga, rekomen juga sotonya",,"Umbul Susuhan","4.4",,"https://www.google.com/maps/search/?api=1&query=Umbul%20Susuhan&query_place_id=ChIJL08ijz5Cei4R9Yo2ln6p-Hg",
"Jl. Klaten - Jatinom No.7, Dusun 1, Manjungan, Kec. Ngawen, Kabupaten Klaten, Jawa Tengah 57466, Indonesia","11211421739855492727","Taman Rekreasi Air","Kolam renang luar ruangan","Kolam Renang","Tujuan Wisata","Taman Rekreasi Air","8716903439926725365","Kabupaten Klaten","ID","0x2e7a423e8f224f2f:0x78f8a97e96368af5",,"https://lh3.googleusercontent.com/gps-cs-s/AHRPTWmLAC292IyEZxwnxzT96dOfJ11UjIo_SES-giCPaXIIGvN1dIM0IPUoai_HjX-A-ghkSdtSS1C2yNwfiquZWHpYeQGmtVZ7cRnXAC9h2oOiDtx8v22fL3JYHji1o3dEOeCyn_k=w408-h306-k-no","false","true","/g/11c73mpffs","id","0","-7.6442043","110.5980704","Jwien Jogja","Dusun 1, Manjungan, Kecamatan Ngawen","id","false","ChIJL08ijz5Cei4R9Yo2ln6p-Hg","57466",,"2 tahun lalu","2023-10-17T00:49:12.544Z",,,,"Tidak","Tanpa mengantre","Akhir pekan","ChdDSUhNMG9nS0VJQ0FnSUM1MDRhS3lnRRAB","https://lh3.googleusercontent.com/grass-cs/ACvplmMDGn7ga5c2cUYyp2OuEhLI-eu9lZ5hS5D9Rj1jAIOIyVZLh44oTJRCJvHUqqkPUwbe0iylWrlC2JVKKNRmOTjC6juSP_n5PjXdGQht3-1oDaQJVnA4W7sXEx-emF_gLNLkugq_=k-no",,,,,,,,,,,,,,,,,,,,,,,"Google","https://www.google.com/maps/reviews/data=!4m8!14m7!1m6!2m5!1sChdDSUhNMG9nS0VJQ0FnSUM1MDRhS3lnRRAB!2m1!1s0x0:0x78f8a97e96368af5!3m1!1s2@1:CIHM0ogKEICAgIC504aKygE%7C%7C?hl=id","111243186633828835795","139","https://lh3.googleusercontent.com/a-/ALV-UjWT-CQS6F61NSKP9TRTco4OpKt56VvBdKNqqP5K6t5UHgWLtTFm=s1920-c-rp-mo-ba12-br100","https://www.google.com/maps/contrib/111243186633828835795?hl=id","2039","2026-08-24T04:05:00.874Z","Direct Detail URL: https://www.google.com/maps/place/Umbul+Susuhan/@-7.6442043,110.5980704,17z/data=!4m6!3m5!1s0x2e7a423e8f224f2f:0x78f8a97e96368af5!8m2!3d-7.6442043!4d110.5980704!16s%2Fg%2F11c73mpffs?entry=tts&g_ep=EgoyMDI2MDgxOS4wIPu8ASoASAFQAw%3D%3D&skid=525f3dcf-3097-436b-a0a9-3b0bc8dc4bad","4","Jawa Tengah","Jl. Klaten - Jatinom No.7","false","Salah satu tempat wisata air buatan, dengan berlimpahnya air jernih asli mata air. Menjafi tempat alternatif berenang dan cocok untuk anak anak fan keluarga, selain ada berbagai kolam dengan kedalaman berbeda beda, juga menyediakan jajanan lokal, seperti gorengan, pecel dan soto...akan menemani segarnya berendem berlama2 dsini..hehe..
Disekitar kolam renang banyak juga jajanan kekinian dari steak, singkong keju, martabak dan lain lain..
Jangan lupa nyebuurrr klo kesinih yaa",,"Umbul Susuhan","4.4",,"https://www.google.com/maps/search/?api=1&query=Umbul%20Susuhan&query_place_id=ChIJL08ijz5Cei4R9Yo2ln6p-Hg",
"Jl. Klaten - Jatinom No.7, Dusun 1, Manjungan, Kec. Ngawen, Kabupaten Klaten, Jawa Tengah 57466, Indonesia","11211421739855492727","Taman Rekreasi Air","Kolam renang luar ruangan","Kolam Renang","Tujuan Wisata","Taman Rekreasi Air","8716903439926725365","Kabupaten Klaten","ID","0x2e7a423e8f224f2f:0x78f8a97e96368af5",,"https://lh3.googleusercontent.com/gps-cs-s/AHRPTWmLAC292IyEZxwnxzT96dOfJ11UjIo_SES-giCPaXIIGvN1dIM0IPUoai_HjX-A-ghkSdtSS1C2yNwfiquZWHpYeQGmtVZ7cRnXAC9h2oOiDtx8v22fL3JYHji1o3dEOeCyn_k=w408-h306-k-no","false","true","/g/11c73mpffs","id","0","-7.6442043","110.5980704","afifia najih","Dusun 1, Manjungan, Kecamatan Ngawen","id","false","ChIJL08ijz5Cei4R9Yo2ln6p-Hg","57466",,"4 tahun lalu","2021-12-26T12:37:00.762Z",,,,,,,"ChdDSUhNMG9nS0VJQ0FnSUNtLXVuTXdRRRAB","https://lh3.googleusercontent.com/grass-cs/ACvplmMZAebPqFc44gAvzrE0phkSCufhcHbE4VTYbf1aogUssFlOr3J0aSsdk63NcI3uvli_pzHrQ2TylK01bpciOFpi22Nu_wDti15cTYSDU0vvGoTsy27LHratH72FK6FooLqCn_aA=k-no","https://lh3.googleusercontent.com/grass-cs/ACvplmPV_MgFCv5klqYkCZYktYIICy0xdkKAiOuVXd4mbsDRiCMCj6a47gm0PpJ-6-Z9MrpFpVIurwxLO5UGfd_mqPPXGSrY3_ioZuA-3Xwi9ECYEnJlR-yNBiBHOPBOnbaEe9FLSX5qGQ=k-no",,,,,,,,,,,,,,,,,,,,,,"Google","https://www.google.com/maps/reviews/data=!4m8!14m7!1m6!2m5!1sChdDSUhNMG9nS0VJQ0FnSUNtLXVuTXdRRRAB!2m1!1s0x0:0x78f8a97e96368af5!3m1!1s2@1:CIHM0ogKEICAgICm-unMwQE%7C%7C?hl=id","110524101601201490524","50","https://lh3.googleusercontent.com/a-/ALV-UjVWzQY4RuM0RbmHkE4RJQAFQeRGz2UunRKVLwucQH1Vy-htSUHS=s1920-c-rp-mo-ba12-br100","https://www.google.com/maps/contrib/110524101601201490524?hl=id","2039","2026-08-24T04:05:00.874Z","Direct Detail URL: https://www.google.com/maps/place/Umbul+Susuhan/@-7.6442043,110.5980704,17z/data=!4m6!3m5!1s0x2e7a423e8f224f2f:0x78f8a97e96368af5!8m2!3d-7.6442043!4d110.5980704!16s%2Fg%2F11c73mpffs?entry=tts&g_ep=EgoyMDI2MDgxOS4wIPu8ASoASAFQAw%3D%3D&skid=525f3dcf-3097-436b-a0a9-3b0bc8dc4bad","5","Jawa Tengah","Jl. Klaten - Jatinom No.7","false","Seru banget buat main air bersama keluarga, ada kolam anak anak yg aman buat bayi sekalipun. Kolam dewasa juga ada. Utk menu makanan kurang bervariasi",,"Umbul Susuhan","4.4",,"https://www.google.com/maps/search/?api=1&query=Umbul%20Susuhan&query_place_id=ChIJL08ijz5Cei4R9Yo2ln6p-Hg",
"Jl. Klaten - Jatinom No.7, Dusun 1, Manjungan, Kec. Ngawen, Kabupaten Klaten, Jawa Tengah 57466, Indonesia","11211421739855492727","Taman Rekreasi Air","Kolam renang luar ruangan","Kolam Renang","Tujuan Wisata","Taman Rekreasi Air","8716903439926725365","Kabupaten Klaten","ID","0x2e7a423e8f224f2f:0x78f8a97e96368af5",,"https://lh3.googleusercontent.com/gps-cs-s/AHRPTWmLAC292IyEZxwnxzT96dOfJ11UjIo_SES-giCPaXIIGvN1dIM0IPUoai_HjX-A-ghkSdtSS1C2yNwfiquZWHpYeQGmtVZ7cRnXAC9h2oOiDtx8v22fL3JYHji1o3dEOeCyn_k=w408-h306-k-no","false","true","/g/11c73mpffs","id","0","-7.6442043","110.5980704","Devi Ratmawati","Dusun 1, Manjungan, Kecamatan Ngawen","id","false","ChIJL08ijz5Cei4R9Yo2ln6p-Hg","57466",,"Diedit 2 tahun lalu","2023-09-11T15:18:51.693Z",,,,"Tidak","Tanpa mengantre","Akhir pekan","ChdDSUhNMG9nS0VJQ0FnSUNacHRpRTdRRRAB","https://lh3.googleusercontent.com/grass-cs/ACvplmMAQBvjBFzpFuHAk5FjqafsZhLTnkGI64SC5JiEXZPrC2d9_5H97bP-Nf0DNNXH-P6ejh0u06TpHTaWUBaU3irWh3zQW8GT-x25LPHHENOVPqatyGK-puORVGVBmlchPolXHA37=k-no",,,,,,,,,,,,,,,,,,,,,,,"Google","https://www.google.com/maps/reviews/data=!4m8!14m7!1m6!2m5!1sChdDSUhNMG9nS0VJQ0FnSUNacHRpRTdRRRAB!2m1!1s0x0:0x78f8a97e96368af5!3m1!1s2@1:CIHM0ogKEICAgICZptiE7QE%7C%7C?hl=id","114874524739972798700","53","https://lh3.googleusercontent.com/a-/ALV-UjWWG3qKVpOpXrTpmzpfeT6IF9ZUPJxyUjdNzZBDbTXdT3rUi2zB=s1920-c-rp-mo-ba12-br100","https://www.google.com/maps/contrib/114874524739972798700?hl=id","2039","2026-08-24T04:05:00.874Z","Direct Detail URL: https://www.google.com/maps/place/Umbul+Susuhan/@-7.6442043,110.5980704,17z/data=!4m6!3m5!1s0x2e7a423e8f224f2f:0x78f8a97e96368af5!8m2!3d-7.6442043!4d110.5980704!16s%2Fg%2F11c73mpffs?entry=tts&g_ep=EgoyMDI2MDgxOS4wIPu8ASoASAFQAw%3D%3D&skid=525f3dcf-3097-436b-a0a9-3b0bc8dc4bad","5","Jawa Tengah","Jl. Klaten - Jatinom No.7","false","Kolamnya ada banyak, ada yang khusus buat wanitanya jg,tarif masuk 10rb,kalau pagi sblm jam7 katanya bisa setengah harga",,"Umbul Susuhan","4.4",,"https://www.google.com/maps/search/?api=1&query=Umbul%20Susuhan&query_place_id=ChIJL08ijz5Cei4R9Yo2ln6p-Hg",
"Jl. Klaten - Jatinom No.7, Dusun 1, Manjungan, Kec. Ngawen, Kabupaten Klaten, Jawa Tengah 57466, Indonesia","11211421739855492727","Taman Rekreasi Air","Kolam renang luar ruangan","Kolam Renang","Tujuan Wisata","Taman Rekreasi Air","8716903439926725365","Kabupaten Klaten","ID","0x2e7a423e8f224f2f:0x78f8a97e96368af5",,"https://lh3.googleusercontent.com/gps-cs-s/AHRPTWmLAC292IyEZxwnxzT96dOfJ11UjIo_SES-giCPaXIIGvN1dIM0IPUoai_HjX-A-ghkSdtSS1C2yNwfiquZWHpYeQGmtVZ7cRnXAC9h2oOiDtx8v22fL3JYHji1o3dEOeCyn_k=w408-h306-k-no","false","true","/g/11c73mpffs","id","1","-7.6442043","110.5980704","Muhammad Luthfi Hidayat","Dusun 1, Manjungan, Kecamatan Ngawen","id","false","ChIJL08ijz5Cei4R9Yo2ln6p-Hg","57466",,"7 tahun lalu","2019-07-03T05:55:29.070Z",,,,,,,"ChdDSUhNMG9nS0VJQ0FnSURrdGJheDN3RRAB","https://lh3.googleusercontent.com/grass-cs/ACvplmPRhsx5P7qhcvAIqub-NDtoKqQ-UM-6CH8F2i5AtJ_hP1gpWVpIsds20JHfKhulAdvXY59Kh_ufZggqtMW0jUWoLGfmOU7JPuxitT8IyxdUKqX1X6kAoO3m0XlK2v3pj1gotxpU=k-no","https://lh3.googleusercontent.com/grass-cs/ACvplmP5eQQOfbbZFws9D7nTj1_S_nNzEU7rFXG9XBMp72Jh1MCeGI9xpRNZLISUJd5N3gisADW_CNBDCMAJ_E9LCraz_3X1Y0YVxir0x0F-0rSBKgfP4OHgkT6Y3qv0sjPpxYXrlqMTvw=k-no",,,,,,,,,,,,,,,,,,,,,,"Google","https://www.google.com/maps/reviews/data=!4m8!14m7!1m6!2m5!1sChdDSUhNMG9nS0VJQ0FnSURrdGJheDN3RRAB!2m1!1s0x0:0x78f8a97e96368af5!3m1!1s2@1:CIHM0ogKEICAgIDktbax3wE%7C%7C?hl=id","115600008863764604540","141","https://lh3.googleusercontent.com/a-/ALV-UjWb3TjTEG7s8n3nnzSTQwx7kvAXtVTqEm433JvjifbZGejFvA9P=s1920-c-rp-mo-ba12-br100","https://www.google.com/maps/contrib/115600008863764604540?hl=id","2039","2026-08-24T04:05:00.874Z","Direct Detail URL: https://www.google.com/maps/place/Umbul+Susuhan/@-7.6442043,110.5980704,17z/data=!4m6!3m5!1s0x2e7a423e8f224f2f:0x78f8a97e96368af5!8m2!3d-7.6442043!4d110.5980704!16s%2Fg%2F11c73mpffs?entry=tts&g_ep=EgoyMDI2MDgxOS4wIPu8ASoASAFQAw%3D%3D&skid=525f3dcf-3097-436b-a0a9-3b0bc8dc4bad","4","Jawa Tengah","Jl. Klaten - Jatinom No.7","false","Harga naik, tapi okelah krn fasilitas juga nambah. Kamar bilas banyak jadi gak terlalu antri. Ada kolam renang khusus akhwat berhijab. Kolam utk Anak2 juga lumayan. Harga makanan bersahabat. Air alami dan dingin. Cocok buat keluarga",,"Umbul Susuhan","4.4",,"https://www.google.com/maps/search/?api=1&query=Umbul%20Susuhan&query_place_id=ChIJL08ijz5Cei4R9Yo2ln6p-Hg",
"Jl. Klaten - Jatinom No.7, Dusun 1, Manjungan, Kec. Ngawen, Kabupaten Klaten, Jawa Tengah 57466, Indonesia","11211421739855492727","Taman Rekreasi Air","Kolam renang luar ruangan","Kolam Renang","Tujuan Wisata","Taman Rekreasi Air","8716903439926725365","Kabupaten Klaten","ID","0x2e7a423e8f224f2f:0x78f8a97e96368af5",,"https://lh3.googleusercontent.com/gps-cs-s/AHRPTWmLAC292IyEZxwnxzT96dOfJ11UjIo_SES-giCPaXIIGvN1dIM0IPUoai_HjX-A-ghkSdtSS1C2yNwfiquZWHpYeQGmtVZ7cRnXAC9h2oOiDtx8v22fL3JYHji1o3dEOeCyn_k=w408-h306-k-no","false","true","/g/11c73mpffs","id","0","-7.6442043","110.5980704","james","Dusun 1, Manjungan, Kecamatan Ngawen","id","false","ChIJL08ijz5Cei4R9Yo2ln6p-Hg","57466",,"6 tahun lalu","2019-12-15T18:51:48.292Z",,,,,,,"ChdDSUhNMG9nS0VJQ0FnSURNMktpTHVBRRAB","https://lh3.googleusercontent.com/grass-cs/ACvplmN9fRDf-UcNIAHDY3urACnCXw2XvQUkb6Tbtb4RbZrpgSrzT4NFnZws1ch3V5D8_Hk4R1x46JpeitED7ofPUuBobtGlIYYbmZGafpNcOzF22T6w-81DROAmgAZvguagRygkL71yig=k-no","https://lh3.googleusercontent.com/grass-cs/ACvplmO4ASBIgdDxjBtTUB7GEY2r9_S7Ck__4kq0uCx9lqZd0PNi8KodtYN5A5G1T6zifU0Whv1qTTboWhzNgHCEAwS8_zNHiKs5bFrPy-gk2KConXmZJufhkZp5lfBL4Lxo3yB2lNrVHQ=k-no","https://lh3.googleusercontent.com/grass-cs/ACvplmPLGHn_q0fq1YSgOVsUZG4ZTEXW8qDQ3EJ2ehwA8J6de1UoJRtjw1EbX-m38a2DNi0rwkBUfU9ovzqrENDD1VvO47jgyFAYs_aIjjktko-2wNaloYpgpVeWkRE0WUokWgOjs5kyuQ=k-no","https://lh3.googleusercontent.com/grass-cs/ACvplmOp_DPGlS4Whrc6aBNd0HauktYkJQ4s6stfxN-A2kipftlYx-NVzGIA697cHiJHaFXxJA-1nk3V5fvzMRdiPdI_RWYyHidpkWmwqkDR_0NFs0quJ3chFThgp9czj2MhFI586FMS=k-no","https://lh3.googleusercontent.com/grass-cs/ACvplmOjRRvJNIohZ-2FRCuV6tPkJWfOUKRVRUsrRPt6GUlkvKhsV81WcM-v2Iml3vIFIvxktBeNzBMGoVu2vlbwW_yXf4sdH0Hk4NzLEuOVmaE5WnxQaDzRn24ixCFcCoGgoXXKs_O5=k-no","https://lh3.googleusercontent.com/grass-cs/ACvplmNoTOeZLy9L9vud-5qCi7W6zRALjG7nwZa7_znnJI-H0MG6PLjhdkmBvMBhhCvBFsEVBhuhBJiZyd1MveQ5PILud2NmyLOZPkWpD3Ern7iwIdZE2gKiBtWXtQfSXTuLDG2pMKuQ=k-no","https://lh3.googleusercontent.com/grass-cs/ACvplmPwE6n4fOaaBsICzWr2P8hnOOx1KD2cLW8z3gl3DLSB1tmLlApPuY8PPKe8LEdWPMVUdIuk4Tlc4Tk5YJMsTWSAi8kQ8rotu-TSMSgZzbp-OVanrlAWmXv9gLHmsUm9GL-4qwCf5A=k-no",,,,,,,,,,,,,,,,,"Google","https://www.google.com/maps/reviews/data=!4m8!14m7!1m6!2m5!1sChdDSUhNMG9nS0VJQ0FnSURNMktpTHVBRRAB!2m1!1s0x0:0x78f8a97e96368af5!3m1!1s2@1:CIHM0ogKEICAgIDM2KiLuAE%7C%7C?hl=id","100943776562212419930","491","https://lh3.googleusercontent.com/a/ACg8ocLBDVZdAn2MBdwiet2PAKp5BZqfc1FecKZUdYo-mr_nruNncA=s1920-c-rp-mo-ba12-br100","https://www.google.com/maps/contrib/100943776562212419930?hl=id","2039","2026-08-24T04:05:00.874Z","Direct Detail URL: https://www.google.com/maps/place/Umbul+Susuhan/@-7.6442043,110.5980704,17z/data=!4m6!3m5!1s0x2e7a423e8f224f2f:0x78f8a97e96368af5!8m2!3d-7.6442043!4d110.5980704!16s%2Fg%2F11c73mpffs?entry=tts&g_ep=EgoyMDI2MDgxOS4wIPu8ASoASAFQAw%3D%3D&skid=525f3dcf-3097-436b-a0a9-3b0bc8dc4bad","4","Jawa Tengah","Jl. Klaten - Jatinom No.7","false","tempat bersih ,harga tiket murah, ada kolam khusus wanita juga. mantab lah",,"Umbul Susuhan","4.4",,"https://www.google.com/maps/search/?api=1&query=Umbul%20Susuhan&query_place_id=ChIJL08ijz5Cei4R9Yo2ln6p-Hg",
"Jl. Klaten - Jatinom No.7, Dusun 1, Manjungan, Kec. Ngawen, Kabupaten Klaten, Jawa Tengah 57466, Indonesia","11211421739855492727","Taman Rekreasi Air","Kolam renang luar ruangan","Kolam Renang","Tujuan Wisata","Taman Rekreasi Air","8716903439926725365","Kabupaten Klaten","ID","0x2e7a423e8f224f2f:0x78f8a97e96368af5",,"https://lh3.googleusercontent.com/gps-cs-s/AHRPTWmLAC292IyEZxwnxzT96dOfJ11UjIo_SES-giCPaXIIGvN1dIM0IPUoai_HjX-A-ghkSdtSS1C2yNwfiquZWHpYeQGmtVZ7cRnXAC9h2oOiDtx8v22fL3JYHji1o3dEOeCyn_k=w408-h306-k-no","false","true","/g/11c73mpffs","id","0","-7.6442043","110.5980704","gunawan nugroho","Dusun 1, Manjungan, Kecamatan Ngawen","id","false","ChIJL08ijz5Cei4R9Yo2ln6p-Hg","57466",,"8 tahun lalu","2018-02-25T07:29:33.644Z",,,,,,,"ChdDSUhNMG9nS0VJQ0FnSUNRNnJfc2pRRRAB","https://lh3.googleusercontent.com/grass-cs/ACvplmNnqT37G4DgkU57LOnl0tdp-7NoObsQ4UI-bU4xYwXZyGVR2QjcBi3vk_rIy_rPdJM1L35_G28xEvg3FxmXev5DQnvDOoglaqCcQUqfi3q8raOpLLmIxLEAk6XRiKJ1qx-RB_HAuw=k-no","https://lh3.googleusercontent.com/grass-cs/ACvplmNUiKMEkBAdbzB1cZW_1wkqr9GTctrAR9qIPKCp8vo_d-Vq-QJyzSmr-rGtPuVr4_6N1332OonC0t4gwEWT2hyaJGugVCRW0uCcT-IHz36KiUtdoE5pAR_yDJYvjOeAFQ7kGMnQ=k-no","https://lh3.googleusercontent.com/grass-cs/ACvplmMRbtDfupEe86V3_Z9BJz61j85CnxOlfvBjnJm-XoGipo7EQUEhj3_sBAqCjlnCw7GQh_e0B-5TWfIpQrLAWrFLmuxWYEInJbHoJD5qpNr84YZmmueRdIIWhZz1xTEDpkWz2TU=k-no",,,,,,,,,,,,,,,,,,,,,"Google","https://www.google.com/maps/reviews/data=!4m8!14m7!1m6!2m5!1sChdDSUhNMG9nS0VJQ0FnSUNRNnJfc2pRRRAB!2m1!1s0x0:0x78f8a97e96368af5!3m1!1s2@1:CIHM0ogKEICAgICQ6r_sjQE%7C%7C?hl=id","101501070370416502843","18","https://lh3.googleusercontent.com/a-/ALV-UjUf0ZXXv5PGBWNaQj9QzpYGHFswZX83Oxvdh9mg_2obWVVH-z8=s1920-c-rp-mo-ba12-br100","https://www.google.com/maps/contrib/101501070370416502843?hl=id","2039","2026-08-24T04:05:00.874Z","Direct Detail URL: https://www.google.com/maps/place/Umbul+Susuhan/@-7.6442043,110.5980704,17z/data=!4m6!3m5!1s0x2e7a423e8f224f2f:0x78f8a97e96368af5!8m2!3d-7.6442043!4d110.5980704!16s%2Fg%2F11c73mpffs?entry=tts&g_ep=EgoyMDI2MDgxOS4wIPu8ASoASAFQAw%3D%3D&skid=525f3dcf-3097-436b-a0a9-3b0bc8dc4bad","4","Jawa Tengah","Jl. Klaten - Jatinom No.7","false","salah satu tempat berenang favorit untuk keluarga..tempat bersih, cukup luas dan airnya segar karena berasal dari mata air.",,"Umbul Susuhan","4.4",,"https://www.google.com/maps/search/?api=1&query=Umbul%20Susuhan&query_place_id=ChIJL08ijz5Cei4R9Yo2ln6p-Hg",
"Jl. Klaten - Jatinom No.7, Dusun 1, Manjungan, Kec. Ngawen, Kabupaten Klaten, Jawa Tengah 57466, Indonesia","11211421739855492727","Taman Rekreasi Air","Kolam renang luar ruangan","Kolam Renang","Tujuan Wisata","Taman Rekreasi Air","8716903439926725365","Kabupaten Klaten","ID","0x2e7a423e8f224f2f:0x78f8a97e96368af5",,"https://lh3.googleusercontent.com/gps-cs-s/AHRPTWmLAC292IyEZxwnxzT96dOfJ11UjIo_SES-giCPaXIIGvN1dIM0IPUoai_HjX-A-ghkSdtSS1C2yNwfiquZWHpYeQGmtVZ7cRnXAC9h2oOiDtx8v22fL3JYHji1o3dEOeCyn_k=w408-h306-k-no","false","true","/g/11c73mpffs","id","0","-7.6442043","110.5980704","Dojura Room","Dusun 1, Manjungan, Kecamatan Ngawen","id","false","ChIJL08ijz5Cei4R9Yo2ln6p-Hg","57466",,"7 tahun lalu","2019-03-27T03:56:15.641Z",,,,,,,"ChdDSUhNMG9nS0VJQ0FnSURvbl9ydXd3RRAB","https://lh3.googleusercontent.com/grass-cs/ACvplmOnUKyN1lPxK4TBuL7xfxItD50irsUKq0xbvMCZ1gbt7r26Zkvd26LTsqiL0TptIdCBnEaJZ1qjYkqO43wqaWwMb1OcZ0buvqzqlxK-I-mdp0DO0XGMwpwvxAm6t8qQ8FCGp2-l=k-no","https://lh3.googleusercontent.com/grass-cs/ACvplmPdHACNiIe0Ic-XRNMaVfoFQwUIbpcuOSkex13nlQyTmxEDuNR0wy1M76Fxrbf38TdPjbN3ie8HZRaMCs5s5e3Zgxd80T87xqtgrUsxmyy6vG60mIMDg4znIS56MG11IHDNP7KO=k-no","https://lh3.googleusercontent.com/grass-cs/ACvplmOQLZcJ2wpg7kONEBKLGeHHuT00Q3hfpKy42rIrdnsiF75uO8Bc7uYa7v8FNKLnOGAgrcCDXX8CBmDv7SMbu_lkVPREulF9nOIhPxjG3U9lifkK4sQOwjeRvMV3q8sdD7eZEYZC=k-no","https://lh3.googleusercontent.com/grass-cs/ACvplmP9H-aMx5_J-hC8Zztk5K7KL80ualzUxxtXiXnLGTt3sOXPmhR1GEib2Tq1O4N7ntA_0ciTVVKFq56ZSjOwho0_sBZNOLbphLMPERGLoLbVDf1IJieLKU3aXbCRAzlGMdt_rzmi=k-no","https://lh3.googleusercontent.com/grass-cs/ACvplmMPQG576OfOEj2CwVWE3tHlJw2BfYcpzN4o-83k1-cvc9_EmZ2ivnjYdJvBxelJ2aR8PxmSee4UNCod_jrTz4VOEffnxQVbYnMZyR-YuUTHBGxE_WsUE9UZEl23IyrlZgL959h-=k-no",,,,,,,,,,,,,,,,,,,"Google","https://www.google.com/maps/reviews/data=!4m8!14m7!1m6!2m5!1sChdDSUhNMG9nS0VJQ0FnSURvbl9ydXd3RRAB!2m1!1s0x0:0x78f8a97e96368af5!3m1!1s2@1:CIHM0ogKEICAgIDon_ruwwE%7C%7C?hl=id","110550102640066696363","89","https://lh3.googleusercontent.com/a-/ALV-UjWeFx7yg9nGgkZ5EF2ik_aP1O3GsNX-FPUNf7Kp1VUGyNJVhw9Q=s1920-c-rp-mo-ba12-br100","https://www.google.com/maps/contrib/110550102640066696363?hl=id","2039","2026-08-24T04:05:00.874Z","Direct Detail URL: https://www.google.com/maps/place/Umbul+Susuhan/@-7.6442043,110.5980704,17z/data=!4m6!3m5!1s0x2e7a423e8f224f2f:0x78f8a97e96368af5!8m2!3d-7.6442043!4d110.5980704!16s%2Fg%2F11c73mpffs?entry=tts&g_ep=EgoyMDI2MDgxOS4wIPu8ASoASAFQAw%3D%3D&skid=525f3dcf-3097-436b-a0a9-3b0bc8dc4bad","5","Jawa Tengah","Jl. Klaten - Jatinom No.7","false","Tempat mudah dijangkau. Parkir cukup untuk mobil. Tiket masuk 8 ribu. Ada kolam anak-anak, hingga kolam dewasa dengan kedalaman bervariasi antara 2.5m, 1.7m, 1.5m, juga tersedia kolam khusus wanita.",,"Umbul Susuhan","4.4",,"https://www.google.com/maps/search/?api=1&query=Umbul%20Susuhan&query_place_id=ChIJL08ijz5Cei4R9Yo2ln6p-Hg",
"Jl. Klaten - Jatinom No.7, Dusun 1, Manjungan, Kec. Ngawen, Kabupaten Klaten, Jawa Tengah 57466, Indonesia","11211421739855492727","Taman Rekreasi Air","Kolam renang luar ruangan","Kolam Renang","Tujuan Wisata","Taman Rekreasi Air","8716903439926725365","Kabupaten Klaten","ID","0x2e7a423e8f224f2f:0x78f8a97e96368af5",,"https://lh3.googleusercontent.com/gps-cs-s/AHRPTWmLAC292IyEZxwnxzT96dOfJ11UjIo_SES-giCPaXIIGvN1dIM0IPUoai_HjX-A-ghkSdtSS1C2yNwfiquZWHpYeQGmtVZ7cRnXAC9h2oOiDtx8v22fL3JYHji1o3dEOeCyn_k=w408-h306-k-no","false","true","/g/11c73mpffs","id","0","-7.6442043","110.5980704","Nurul Zulaeka","Dusun 1, Manjungan, Kecamatan Ngawen","id","false","ChIJL08ijz5Cei4R9Yo2ln6p-Hg","57466",,"6 tahun lalu","2019-12-30T02:27:40.963Z",,,,,,,"ChdDSUhNMG9nS0VJQ0FnSURNanBYNThnRRAB","https://lh3.googleusercontent.com/grass-cs/ACvplmMlWEqd9-2wsoGj-Qg3S_arCc2FcpYPZxJsGdiPcpeIaIkjc5R-a2D9VU6fhBgngpon6IvUIpUpd2lUOazt7mzAw8y7j3sQsQTefnRuK6ru5lU3LvfzjmAc4ghPaarAv6V0TrwA=k-no","https://lh3.googleusercontent.com/grass-cs/ACvplmPvdoxdFXnxEKByY2OBAhKayzVbqESycKTjPqIK_vax6Rf1yQk8ZaTWCxwCI_8Yyd_UPwDgcvj8mfFPQRGUjTtWSxNVwgSZ8YQP1hFS2iMRuuCBIaca9EQqU1ahkGSPqRCP9rB4lA=k-no",,,,,,,,,,,,,,,,,,,,,,"Google","https://www.google.com/maps/reviews/data=!4m8!14m7!1m6!2m5!1sChdDSUhNMG9nS0VJQ0FnSURNanBYNThnRRAB!2m1!1s0x0:0x78f8a97e96368af5!3m1!1s2@1:CIHM0ogKEICAgIDMjpX58gE%7C%7C?hl=id","113554269366566086515","108","https://lh3.googleusercontent.com/a-/ALV-UjVt64zhN4IJpIAElOHyZmbDoD3TILZsG9_W0VQOjgmIQQJkQmd8=s1920-c-rp-mo-ba12-br100","https://www.google.com/maps/contrib/113554269366566086515?hl=id","2039","2026-08-24T04:05:00.874Z","Direct Detail URL: https://www.google.com/maps/place/Umbul+Susuhan/@-7.6442043,110.5980704,17z/data=!4m6!3m5!1s0x2e7a423e8f224f2f:0x78f8a97e96368af5!8m2!3d-7.6442043!4d110.5980704!16s%2Fg%2F11c73mpffs?entry=tts&g_ep=EgoyMDI2MDgxOS4wIPu8ASoASAFQAw%3D%3D&skid=525f3dcf-3097-436b-a0a9-3b0bc8dc4bad","4","Jawa Tengah","Jl. Klaten - Jatinom No.7","false","Banyak pilihan kolam renang, ada kolam muslimahnya juga. Yg jualan jajanan juga ada. Untuk tiket masuknya 8 rb tiap orang",,"Umbul Susuhan","4.4",,"https://www.google.com/maps/search/?api=1&query=Umbul%20Susuhan&query_place_id=ChIJL08ijz5Cei4R9Yo2ln6p-Hg",
"Jl. Klaten - Jatinom No.7, Dusun 1, Manjungan, Kec. Ngawen, Kabupaten Klaten, Jawa Tengah 57466, Indonesia","11211421739855492727","Taman Rekreasi Air","Kolam renang luar ruangan","Kolam Renang","Tujuan Wisata","Taman Rekreasi Air","8716903439926725365","Kabupaten Klaten","ID","0x2e7a423e8f224f2f:0x78f8a97e96368af5",,"https://lh3.googleusercontent.com/gps-cs-s/AHRPTWmLAC292IyEZxwnxzT96dOfJ11UjIo_SES-giCPaXIIGvN1dIM0IPUoai_HjX-A-ghkSdtSS1C2yNwfiquZWHpYeQGmtVZ7cRnXAC9h2oOiDtx8v22fL3JYHji1o3dEOeCyn_k=w408-h306-k-no","false","true","/g/11c73mpffs","id","1","-7.6442043","110.5980704","Yusuf Qu","Dusun 1, Manjungan, Kecamatan Ngawen","id","false","ChIJL08ijz5Cei4R9Yo2ln6p-Hg","57466",,"Diedit 7 tahun lalu","2019-05-01T05:28:25.043Z",,,,,,,"ChdDSUhNMG9nS0VJQ0FnSUN3cmJIVnNnRRAB","https://lh3.googleusercontent.com/grass-cs/ACvplmOOkmIpVLHV_yYgIacqqREPqOYdnNEGY1Up6r8Zmb_79sxNYaesbRAID8h6dxWT-uI0eJGihOxwyVFteRw4u8EfyZqtgBsdpfPiRr0TU0dLJXvrXYuDHMiwovac-KxM8iqFtpOR8A=k-no","https://lh3.googleusercontent.com/grass-cs/ACvplmNgSTkv7lpM_vvLeysu4V34EUqeRouzAfV22FuOZ-7uhnD14YUFsyLJd2KokBEblZc5V6n4So271vFmgD0xunyygY5Se5PZJGnrVddn1aAT6iau9JJADjNxPwuVeVg3pHPoqdE=k-no",,,,,,,,,,,,,,,,,,,,,,"Google","https://www.google.com/maps/reviews/data=!4m8!14m7!1m6!2m5!1sChdDSUhNMG9nS0VJQ0FnSUN3cmJIVnNnRRAB!2m1!1s0x0:0x78f8a97e96368af5!3m1!1s2@1:CIHM0ogKEICAgICwrbHVsgE%7C%7C?hl=id","108849323656928596705","207","https://lh3.googleusercontent.com/a-/ALV-UjUmoU2Ef01VCgP07EldV1On5RILrj4YC6tA9zwaGSu_6gFFBiWLyQ=s1920-c-rp-mo-ba12-br100","https://www.google.com/maps/contrib/108849323656928596705?hl=id","2039","2026-08-24T04:05:00.874Z","Direct Detail URL: https://www.google.com/maps/place/Umbul+Susuhan/@-7.6442043,110.5980704,17z/data=!4m6!3m5!1s0x2e7a423e8f224f2f:0x78f8a97e96368af5!8m2!3d-7.6442043!4d110.5980704!16s%2Fg%2F11c73mpffs?entry=tts&g_ep=EgoyMDI2MDgxOS4wIPu8ASoASAFQAw%3D%3D&skid=525f3dcf-3097-436b-a0a9-3b0bc8dc4bad","4","Jawa Tengah","Jl. Klaten - Jatinom No.7","false","Kolam renang pinggir jalan klaten - jatinom.. cocok sekali buat se keluarga, tiket masuk Rp. 8.000. Airnya jernih tanpa kaporit",,"Umbul Susuhan","4.4",,"https://www.google.com/maps/search/?api=1&query=Umbul%20Susuhan&query_place_id=ChIJL08ijz5Cei4R9Yo2ln6p-Hg",
"Jl. Klaten - Jatinom No.7, Dusun 1, Manjungan, Kec. Ngawen, Kabupaten Klaten, Jawa Tengah 57466, Indonesia","11211421739855492727","Taman Rekreasi Air","Kolam renang luar ruangan","Kolam Renang","Tujuan Wisata","Taman Rekreasi Air","8716903439926725365","Kabupaten Klaten","ID","0x2e7a423e8f224f2f:0x78f8a97e96368af5",,"https://lh3.googleusercontent.com/gps-cs-s/AHRPTWmLAC292IyEZxwnxzT96dOfJ11UjIo_SES-giCPaXIIGvN1dIM0IPUoai_HjX-A-ghkSdtSS1C2yNwfiquZWHpYeQGmtVZ7cRnXAC9h2oOiDtx8v22fL3JYHji1o3dEOeCyn_k=w408-h306-k-no","false","true","/g/11c73mpffs","id","1","-7.6442043","110.5980704","Dinefa Family","Dusun 1, Manjungan, Kecamatan Ngawen","id","false","ChIJL08ijz5Cei4R9Yo2ln6p-Hg","57466",,"7 tahun lalu","2019-06-30T07:16:49.097Z",,,,,,,"ChZDSUhNMG9nS0VJQ0FnSURrNmRpOFZ3EAE","https://lh3.googleusercontent.com/grass-cs/ACvplmNYJp9zpcinW3KZmirlmjekPJogC_PtjUOMJsK077VJi3ekD75Uybhe_VnI4uK9YJXWGiZFYQhiDMEo_W1kTO8k0uYzSPRFJ_jPOxtATXfP3EfQXYk3s6HHXNDoFZA4q7MJ358=k-no","https://lh3.googleusercontent.com/grass-cs/ACvplmNsClbvMg-CSzGckO8ptLna3m3hsMkXMX9UMs1A3ixCF2GyYd5mgR87bR8DNJ5OxrjSnwTjXtNrUAiIpgTDG4ohgAFa5Uyx9wK-pN8sfRPXn5qQyElBZ7dCSydlrRKE8HJlOOM=k-no","https://lh3.googleusercontent.com/grass-cs/ACvplmNJ4AO8kDgi80_hH6Z5QawtPVQ5yONWOc6Jo6Gm9q8ASdK6Gy-Pfz-I2mWf7y_9fLI4RF7xLiE8NBCieGMopQFEPZOiqC4MVs4YGov2WZmFIvNYahFUqlk2Z2KVsr9OHAKutbUZ=k-no","https://lh3.googleusercontent.com/grass-cs/ACvplmN989h1LnLEuvEFxg3dxN1LlLxePeMnB4KXQ2MCcE0eXb-7G1FOVIsnpLyAMr92R7k_sNTIiZ3B7y90OfvIrzhz9r1uifj5pJPHrdCkz63YT28PL358HbT3W60ImezYwIg6ucnQMA=k-no","https://lh3.googleusercontent.com/grass-cs/ACvplmOXyMr4ZBaV8dH84wf83TY8fN49S5AxT26cmvtrpQ3DYKemSgrw5u5Pjuagw_GpkSyFg4y1HycWuw7Ws4biLn5B6aQzPNE9DeIjY7dyngA_UVPnEeQJoDytkiNl5MuQuCPvoupgSQ=k-no","https://lh3.googleusercontent.com/grass-cs/ACvplmN-9zDbIDPXUg7C_wrh8anMYZC2e-fWUCGe32GW-mZRsPEgDWxkpzciPn1OD-CImfuW5-NKmmUQBlMVrLbiicJQgB70O5oUe6VH8UhST812LDi9yilrAsLgZjP_jX_UcHcPGR4N=k-no","https://lh3.googleusercontent.com/grass-cs/ACvplmPRAiON347gvrU5zlslJHDqRHTFCZtECxOR99q2iqM1kEiyn7c5txQguZDcccSraSyf8FhJESPmFGnQduTkHlIfmBxgrjuVr9X1OLp3ixJbba0hXAUcOX7EVl6UtgZrgYwTJYFwrg=k-no","https://lh3.googleusercontent.com/grass-cs/ACvplmMjgZe-NknK9Ruc7pew8zLHd585uMO2WoY8WjM9vmwUWrbQPIXmVX-c3vYNubRA5j0LCjRsiAMmr5tjB1yO0WuUCzEboHX2O_OUem0m4FMVHLhiyBHcNBV_81ReE7H_fTntQrcJ6Q=k-no","https://lh3.googleusercontent.com/grass-cs/ACvplmNYpOLKOW3ynIulnW72UU5prVFE31BjmTKCxgMdtuFSvi2EX2bNXNIXUIqlm5w_2XY7bgR3B-vwQFnlcqlyzAqTVtgrMx0_yfHmBx-LCDcGHszdKGc7Uuxsa3AfZmsiUYxeLptM=k-no",,,,,,,,,,,,,,,"Google","https://www.google.com/maps/reviews/data=!4m8!14m7!1m6!2m5!1sChZDSUhNMG9nS0VJQ0FnSURrNmRpOFZ3EAE!2m1!1s0x0:0x78f8a97e96368af5!3m1!1s2@1:CIHM0ogKEICAgIDk6di8Vw%7C%7C?hl=id","114590217850979760787","6","https://lh3.googleusercontent.com/a-/ALV-UjUbpmeX9ik2jTINpg_L1e9xFnCrwynp1QMmW1U4PDPYuZEeZztb=s1920-c-rp-mo-ba12-br100","https://www.google.com/maps/contrib/114590217850979760787?hl=id","2039","2026-08-24T04:05:00.874Z","Direct Detail URL: https://www.google.com/maps/place/Umbul+Susuhan/@-7.6442043,110.5980704,17z/data=!4m6!3m5!1s0x2e7a423e8f224f2f:0x78f8a97e96368af5!8m2!3d-7.6442043!4d110.5980704!16s%2Fg%2F11c73mpffs?entry=tts&g_ep=EgoyMDI2MDgxOS4wIPu8ASoASAFQAw%3D%3D&skid=525f3dcf-3097-436b-a0a9-3b0bc8dc4bad","4","Jawa Tengah","Jl. Klaten - Jatinom No.7","false","Airnya bersih, segar, berasal dr sumber air alami, pilihan kolam & kedalamanya bervariasi.",,"Umbul Susuhan","4.4",,"https://www.google.com/maps/search/?api=1&query=Umbul%20Susuhan&query_place_id=ChIJL08ijz5Cei4R9Yo2ln6p-Hg",
"Jl. Klaten - Jatinom No.7, Dusun 1, Manjungan, Kec. Ngawen, Kabupaten Klaten, Jawa Tengah 57466, Indonesia","11211421739855492727","Taman Rekreasi Air","Kolam renang luar ruangan","Kolam Renang","Tujuan Wisata","Taman Rekreasi Air","8716903439926725365","Kabupaten Klaten","ID","0x2e7a423e8f224f2f:0x78f8a97e96368af5",,"https://lh3.googleusercontent.com/gps-cs-s/AHRPTWmLAC292IyEZxwnxzT96dOfJ11UjIo_SES-giCPaXIIGvN1dIM0IPUoai_HjX-A-ghkSdtSS1C2yNwfiquZWHpYeQGmtVZ7cRnXAC9h2oOiDtx8v22fL3JYHji1o3dEOeCyn_k=w408-h306-k-no","false","true","/g/11c73mpffs","id","0","-7.6442043","110.5980704","Rizaldy Prihantoro","Dusun 1, Manjungan, Kecamatan Ngawen","id","false","ChIJL08ijz5Cei4R9Yo2ln6p-Hg","57466",,"7 tahun lalu","2019-02-25T09:35:05.548Z",,,,,,,"ChdDSUhNMG9nS0VJQ0FnSUNvZzVqZjhRRRAB","https://lh3.googleusercontent.com/grass-cs/ACvplmPZcY7p4KKh8Q1lOubbEiLLR1AODUkWA-6w4mtR4s2XVuV7oQ9P1j63W67kKihjA-ST95FWto2--XfKXXgUD-pETvPSCnQNV2WlTycsfDKiaW2tV8LvnH-S0REArYnXucCzYUsN0w=k-no","https://lh3.googleusercontent.com/grass-cs/ACvplmOSQWBgLBE0QO-6Mfw1vCYcYGydTCIqAbo307ixTvVaPhAF8dp_eqE_L9OcD496ClamEG0zjnE0VZsmjbdba3Gt9YxcYU0Cex4utbEy12ZtlOLMXB06W6Dfs8aW2TPMZhT6jFIw=k-no","https://lh3.googleusercontent.com/grass-cs/ACvplmPhU5LuiFSqGPP-lybm3xLBYArAclS94_gzzdj4knMOJXUypL2Lz0mxWbpQBScuk1ZWz7mZLXyne12VWy2jAcoQn5ehpEpba0361O0NoNfGoi1oCO1zvQnQSZEAenHN1MLiZIN8vw=k-no",,,,,,,,,,,,,,,,,,,,,"Google","https://www.google.com/maps/reviews/data=!4m8!14m7!1m6!2m5!1sChdDSUhNMG9nS0VJQ0FnSUNvZzVqZjhRRRAB!2m1!1s0x0:0x78f8a97e96368af5!3m1!1s2@1:CIHM0ogKEICAgICog5jf8QE%7C%7C?hl=id","100615855678810403934","63","https://lh3.googleusercontent.com/a/ACg8ocLTFD5xFLAWHvb-gHYQ-jcuQsWzJOZWLwad2M4HfqueP_QjfhU0=s1920-c-rp-mo-ba12-br100","https://www.google.com/maps/contrib/100615855678810403934?hl=id","2039","2026-08-24T04:05:00.874Z","Direct Detail URL: https://www.google.com/maps/place/Umbul+Susuhan/@-7.6442043,110.5980704,17z/data=!4m6!3m5!1s0x2e7a423e8f224f2f:0x78f8a97e96368af5!8m2!3d-7.6442043!4d110.5980704!16s%2Fg%2F11c73mpffs?entry=tts&g_ep=EgoyMDI2MDgxOS4wIPu8ASoASAFQAw%3D%3D&skid=525f3dcf-3097-436b-a0a9-3b0bc8dc4bad","5","Jawa Tengah","Jl. Klaten - Jatinom No.7","false","Sangat nyaman, fasilitas komplit, tempat bersih, ada taman dan gazebo. Ada persewaan ban dan kamera. Ada kolam renang sendiri untuk wanita. Recommended. Keren.",,"Umbul Susuhan","4.4",,"https://www.google.com/maps/search/?api=1&query=Umbul%20Susuhan&query_place_id=ChIJL08ijz5Cei4R9Yo2ln6p-Hg",
"Jl. Klaten - Jatinom No.7, Dusun 1, Manjungan, Kec. Ngawen, Kabupaten Klaten, Jawa Tengah 57466, Indonesia","11211421739855492727","Taman Rekreasi Air","Kolam renang luar ruangan","Kolam Renang","Tujuan Wisata","Taman Rekreasi Air","8716903439926725365","Kabupaten Klaten","ID","0x2e7a423e8f224f2f:0x78f8a97e96368af5",,"https://lh3.googleusercontent.com/gps-cs-s/AHRPTWmLAC292IyEZxwnxzT96dOfJ11UjIo_SES-giCPaXIIGvN1dIM0IPUoai_HjX-A-ghkSdtSS1C2yNwfiquZWHpYeQGmtVZ7cRnXAC9h2oOiDtx8v22fL3JYHji1o3dEOeCyn_k=w408-h306-k-no","false","true","/g/11c73mpffs","id","0","-7.6442043","110.5980704","Full say","Dusun 1, Manjungan, Kecamatan Ngawen","id","false","ChIJL08ijz5Cei4R9Yo2ln6p-Hg","57466",,"8 tahun lalu","2018-06-30T12:38:32.948Z",,,,,,,"ChdDSUhNMG9nS0VJQ0FnSUNneTZERTdRRRAB","https://lh3.googleusercontent.com/grass-cs/ACvplmNoiGDRXOfqnJdMTBgMH-YHNZWkcHyqEwT3-wu4cyRmNXhWjcsL8lZccKM4OrHUTTGa8XC1kXdef4bwC5_yk02Xp0anPT8DV3iq6Gen4P2m7b8pT8ued0emOfYqCaGl4S_RaijJsQ=k-no","https://lh3.googleusercontent.com/grass-cs/ACvplmO_lhp71BhnwZ3gqcsTD4dHLm5SCK0KlujZ7TQZyZLH8bVLXGyp3Wf1Os2jR88RcEkstJdUcPoolWjn15rsxj2PaTLHELApWzgvkMrmnpcUA6oecqBf3tV2WBF8BVpF2IxsLv1BUQ=k-no",,,,,,,,,,,,,,,,,,,,,,"Google","https://www.google.com/maps/reviews/data=!4m8!14m7!1m6!2m5!1sChdDSUhNMG9nS0VJQ0FnSUNneTZERTdRRRAB!2m1!1s0x0:0x78f8a97e96368af5!3m1!1s2@1:CIHM0ogKEICAgICgy6DE7QE%7C%7C?hl=id","102627903473651034743","95","https://lh3.googleusercontent.com/a-/ALV-UjXAxU7mCWEoIgb4Q1bP-rb14WDdhjMa0-Tz2i_SqeKhChLxrJkD=s1920-c-rp-mo-ba12-br100","https://www.google.com/maps/contrib/102627903473651034743?hl=id","2039","2026-08-24T04:05:00.874Z","Direct Detail URL: https://www.google.com/maps/place/Umbul+Susuhan/@-7.6442043,110.5980704,17z/data=!4m6!3m5!1s0x2e7a423e8f224f2f:0x78f8a97e96368af5!8m2!3d-7.6442043!4d110.5980704!16s%2Fg%2F11c73mpffs?entry=tts&g_ep=EgoyMDI2MDgxOS4wIPu8ASoASAFQAw%3D%3D&skid=525f3dcf-3097-436b-a0a9-3b0bc8dc4bad","4","Jawa Tengah","Jl. Klaten - Jatinom No.7","false","Meski sudah bertransformasi lebih modern, umbul yg asli masih dipertahankan bentuknya. kalau mau renang mending di kolam yg asli paling utara. kolam yg baru airnya kotor",,"Umbul Susuhan","4.4",,"https://www.google.com/maps/search/?api=1&query=Umbul%20Susuhan&query_place_id=ChIJL08ijz5Cei4R9Yo2ln6p-Hg",
"Jl. Klaten - Jatinom No.7, Dusun 1, Manjungan, Kec. Ngawen, Kabupaten Klaten, Jawa Tengah 57466, Indonesia","11211421739855492727","Taman Rekreasi Air","Kolam renang luar ruangan","Kolam Renang","Tujuan Wisata","Taman Rekreasi Air","8716903439926725365","Kabupaten Klaten","ID","0x2e7a423e8f224f2f:0x78f8a97e96368af5",,"https://lh3.googleusercontent.com/gps-cs-s/AHRPTWmLAC292IyEZxwnxzT96dOfJ11UjIo_SES-giCPaXIIGvN1dIM0IPUoai_HjX-A-ghkSdtSS1C2yNwfiquZWHpYeQGmtVZ7cRnXAC9h2oOiDtx8v22fL3JYHji1o3dEOeCyn_k=w408-h306-k-no","false","true","/g/11c73mpffs","id","1","-7.6442043","110.5980704","arip soreawan","Dusun 1, Manjungan, Kecamatan Ngawen","id","false","ChIJL08ijz5Cei4R9Yo2ln6p-Hg","57466",,"8 tahun lalu","2018-08-02T02:52:17.180Z",,,,,,,"ChdDSUhNMG9nS0VJQ0FnSUN3cXZ5bHl3RRAB","https://lh3.googleusercontent.com/grass-cs/ACvplmPDlKWHFM3QGaasQWhOiRpdgwNGzHaYHK4_PaTFd5XxTvMx6oKcjIqkZslCopSx3mw-UXtpZVKl3Kd1TDR3unrxhb9APo7zO9heuCTSW-OaZZvKK7oV06WtUBaI2cuqZ0-T2LhSUg=k-no","https://lh3.googleusercontent.com/grass-cs/ACvplmPRfYKqrD71vpJoLiLfIU_DkSHigz0yDIO8kDRzkyUylKk7TYABr303onVpISON1boobeCfvuz7FYFMu55ZCwz06MZEBETuN0j0Bmc5ihiRwza0k4vGrK8vCl2TVdw7dCY_2EXi=k-no","https://lh3.googleusercontent.com/grass-cs/ACvplmPxa5BWPbprxBipUI5sHYddym6UdIh-UwA7qOr_dggpQP-SxBDnhQiQNYzDqvlkWV8246U566GH_ap2rlQWcqWhqx3zzvt1Q-fyNyap1UEcrJR3T-n7ChMi7KB3M1k2d3frqNp_=k-no",,,,,,,,,,,,,,,,,,,,,"Google","https://www.google.com/maps/reviews/data=!4m8!14m7!1m6!2m5!1sChdDSUhNMG9nS0VJQ0FnSUN3cXZ5bHl3RRAB!2m1!1s0x0:0x78f8a97e96368af5!3m1!1s2@1:CIHM0ogKEICAgICwqvylywE%7C%7C?hl=id","110058675371137487625","188","https://lh3.googleusercontent.com/a/ACg8ocL6R8Q8co2yUkawRnyZWuSXuil7oPqtBKyeTrwo94xLhL6N4w=s1920-c-rp-mo-ba12-br100","https://www.google.com/maps/contrib/110058675371137487625?hl=id","2039","2026-08-24T04:05:00.874Z","Direct Detail URL: https://www.google.com/maps/place/Umbul+Susuhan/@-7.6442043,110.5980704,17z/data=!4m6!3m5!1s0x2e7a423e8f224f2f:0x78f8a97e96368af5!8m2!3d-7.6442043!4d110.5980704!16s%2Fg%2F11c73mpffs?entry=tts&g_ep=EgoyMDI2MDgxOS4wIPu8ASoASAFQAw%3D%3D&skid=525f3dcf-3097-436b-a0a9-3b0bc8dc4bad","5","Jawa Tengah","Jl. Klaten - Jatinom No.7","false","Banyak Wahana air,  walapun ramai masih pengunjung namun tetap bisa menikmat
Wahana : kolam dewasa, kolam khusus putri, anak, dan umbul alami ,
Fasilitas : mushola, kamar ganti",,"Umbul Susuhan","4.4",,"https://www.google.com/maps/search/?api=1&query=Umbul%20Susuhan&query_place_id=ChIJL08ijz5Cei4R9Yo2ln6p-Hg",
"Jl. Klaten - Jatinom No.7, Dusun 1, Manjungan, Kec. Ngawen, Kabupaten Klaten, Jawa Tengah 57466, Indonesia","11211421739855492727","Taman Rekreasi Air","Kolam renang luar ruangan","Kolam Renang","Tujuan Wisata","Taman Rekreasi Air","8716903439926725365","Kabupaten Klaten","ID","0x2e7a423e8f224f2f:0x78f8a97e96368af5",,"https://lh3.googleusercontent.com/gps-cs-s/AHRPTWmLAC292IyEZxwnxzT96dOfJ11UjIo_SES-giCPaXIIGvN1dIM0IPUoai_HjX-A-ghkSdtSS1C2yNwfiquZWHpYeQGmtVZ7cRnXAC9h2oOiDtx8v22fL3JYHji1o3dEOeCyn_k=w408-h306-k-no","false","true","/g/11c73mpffs","id","1","-7.6442043","110.5980704","Wiwin Sunarsih","Dusun 1, Manjungan, Kecamatan Ngawen","id","false","ChIJL08ijz5Cei4R9Yo2ln6p-Hg","57466",,"7 tahun lalu","2019-01-16T08:05:20.639Z",,,,,,,"ChdDSUhNMG9nS0VJQ0FnSURJcmR5bF9BRRAB","https://lh3.googleusercontent.com/grass-cs/ACvplmOITiQ1zc580i0sIECil3EnRxgLLTadU45unn3dOhPkmMj7IfU5KqBhyWTX7V1wSPAN_yhaCPfWNNe_msoTMchXOh_d78PSjP8P5Xw5XQNckEzRB7uJMB47eqkxCkbZjJpUKi-G=k-no","https://lh3.googleusercontent.com/grass-cs/ACvplmOmYt3lrlDDzpXlW5juDwZkfKHZAXKxgLl0A1zOO7AEX7zUNKdLdOINqDdlX0WxP4VcqJXgBMD1Qll0uPzoFMLiNiSXsEGdoR6MBHF_t31-yzf1_Ax6xO_AKLdYLfDLMmxFNDU81g=k-no","https://lh3.googleusercontent.com/grass-cs/ACvplmPwvS01Tl9KlrT-BdY4i9QEQ113VkpiKEiuaAIS3sPOGX2Xwy7_W4q4NjOYeGb3jczReYCC5uPxMFp3TNtsr643ZBbZgAumIvTogipqG2ycXW_X1KGAhpiL4iJRY6u4X2BHfd56=k-no","https://lh3.googleusercontent.com/grass-cs/ACvplmMe2Rb1aeYElFsdzi7a-L4wGHL05qxg5w7DvOubDFF15NskeSimb9-ohXPSbN8oO7FhVpGzgfnZDUEFACrinL3DPSSKSZNlaAm2s8hz4okUdzmDk_kqX2Fd6tsqEC1BbkjgVLo-Yg=k-no","https://lh3.googleusercontent.com/grass-cs/ACvplmPs_eO81Q2we-8ByBRHXB8xV2jfRBXA0C4KetLcQbiXdwp-DsyjlbkvTTsBAcXCic50h65dxGpGJBPt9kb5xYXyrvJ3RWNsI5KW4ISoC5iiMSpjpVGLF9AVIkL1mVp_eFZ362YG=k-no","https://lh3.googleusercontent.com/grass-cs/ACvplmNS7lJGmBSp7FMxizXqgQog3eC2IG4Y7nYcWYdC1rvhGwttkITVGtqL1DBwQg2FQ1wgXpuNC1Txn_Z23AZAF4zGaKmwSk2o4-Wlxnx0IYoV-IS0jfS5t6iBWsHbdAtDd_naVZy31g=k-no","https://lh3.googleusercontent.com/grass-cs/ACvplmNxhKebCQugftFZm1A86CtuahPr56quvxxPO9HXLpx1DxtoHHtSQMZwc1ZSs4fb5mRgBgWebGXNWMDHqxjWCY9GPBt-PwiysCYmLXKkFn3AHy3ShpDIJ44uR3iGs7nj6U8mwi3c=k-no","https://lh3.googleusercontent.com/grass-cs/ACvplmOMdqaKgWKVMOCY1smo4KaMr3T7Av4zM7GVvTMuRAiv9cPgAGh40qno-TZAM8MjF5dVyN-GpfNUQJo05obmC1Us8IUQn41HB55PFu56AGzuyStheK2fEvSj6wlIOPyNk-eXO16BPg=k-no","https://lh3.googleusercontent.com/grass-cs/ACvplmNUGUrS9i6BHkFT_VLrcBxaW9PylInDMzHaD9KNjL3JUjCzYoWpLQXFEdtyAqKZlLBdV7qNef1JynSbxXnFJetKNU1spTEuRvBZYDVDs7P8gCtJjye24rUcd9R4FeYHj47bVuI=k-no","https://lh3.googleusercontent.com/grass-cs/ACvplmMRY0QPWajsMBDYIEFmT1mWIsr6xM1R9_WINrd6GYxcMiWMp-_1htKdtjkudxmATMtl1npz8WpFkJkR9NxunC5j1DnswtLDqxB7ninD153Lhjf2tycK2rUM6y4lmc-rOGVM8Xo=k-no","https://lh3.googleusercontent.com/grass-cs/ACvplmNDkGcdQkK9PYxw-ge_2lfyvxwKDQ8KLHMP3qBbuGi9YbryHX1DGM8dJxcXySfK2wgAmAcXDUc1aYKz726uw2gLV3MQcmZW3TX5-HEiWwic-Ie8ADW7-IizqysEbRLfPCgcti4=k-no",,,,,,,,,,,,,"Google","https://www.google.com/maps/reviews/data=!4m8!14m7!1m6!2m5!1sChdDSUhNMG9nS0VJQ0FnSURJcmR5bF9BRRAB!2m1!1s0x0:0x78f8a97e96368af5!3m1!1s2@1:CIHM0ogKEICAgIDIrdyl_AE%7C%7C?hl=id","113105219460454742135","9","https://lh3.googleusercontent.com/a/ACg8ocLpxRSV15LPo-M2Xo89seLSxZGorIn1eULyB_TRwAvc5ikdXQ=s1920-c-rp-mo-ba12-br100","https://www.google.com/maps/contrib/113105219460454742135?hl=id","2039","2026-08-24T04:05:00.874Z","Direct Detail URL: https://www.google.com/maps/place/Umbul+Susuhan/@-7.6442043,110.5980704,17z/data=!4m6!3m5!1s0x2e7a423e8f224f2f:0x78f8a97e96368af5!8m2!3d-7.6442043!4d110.5980704!16s%2Fg%2F11c73mpffs?entry=tts&g_ep=EgoyMDI2MDgxOS4wIPu8ASoASAFQAw%3D%3D&skid=525f3dcf-3097-436b-a0a9-3b0bc8dc4bad","5","Jawa Tengah","Jl. Klaten - Jatinom No.7","false","Tempat pemandian yg sangat jernih airnya.. Fasilitas tempat sangat ok... Tiket terjangkau. Pokoknya bagus bgt tempatnya.",,"Umbul Susuhan","4.4",,"https://www.google.com/maps/search/?api=1&query=Umbul%20Susuhan&query_place_id=ChIJL08ijz5Cei4R9Yo2ln6p-Hg",
"Jl. Klaten - Jatinom No.7, Dusun 1, Manjungan, Kec. Ngawen, Kabupaten Klaten, Jawa Tengah 57466, Indonesia","11211421739855492727","Taman Rekreasi Air","Kolam renang luar ruangan","Kolam Renang","Tujuan Wisata","Taman Rekreasi Air","8716903439926725365","Kabupaten Klaten","ID","0x2e7a423e8f224f2f:0x78f8a97e96368af5",,"https://lh3.googleusercontent.com/gps-cs-s/AHRPTWmLAC292IyEZxwnxzT96dOfJ11UjIo_SES-giCPaXIIGvN1dIM0IPUoai_HjX-A-ghkSdtSS1C2yNwfiquZWHpYeQGmtVZ7cRnXAC9h2oOiDtx8v22fL3JYHji1o3dEOeCyn_k=w408-h306-k-no","false","true","/g/11c73mpffs","id","1","-7.6442043","110.5980704","Reza Claudia","Dusun 1, Manjungan, Kecamatan Ngawen","id","false","ChIJL08ijz5Cei4R9Yo2ln6p-Hg","57466",,"3 tahun lalu","2023-05-20T23:33:35.088Z",,,,"Ya","Tanpa mengantre","Akhir pekan","ChdDSUhNMG9nS0VJQ0FnSUN4NmEyY3NnRRAB","https://lh3.googleusercontent.com/grass-cs/ACvplmPcDw1m33weQQxn2Jkqwchq_aUZxMyP54_PCVef_tkw5QUe3-e5z-GglsutLPguDKXOXMPXTTqQfwR8kLVxwQ0IJCJwgayCZhaP-e4uxbdE_4oo85w-KhgGyMnZnJwKwDxNMKm_=k-no",,,,,,,,,,,,,,,,,,,,,,,"Google","https://www.google.com/maps/reviews/data=!4m8!14m7!1m6!2m5!1sChdDSUhNMG9nS0VJQ0FnSUN4NmEyY3NnRRAB!2m1!1s0x0:0x78f8a97e96368af5!3m1!1s2@1:CIHM0ogKEICAgICx6a2csgE%7C%7C?hl=id","104624412170447517557","15","https://lh3.googleusercontent.com/a-/ALV-UjUr0W8LfrdxqDe2jjMZgloM_5wGdbxmXeEx2aGxx80V4AgA2ivW=s1920-c-rp-mo-ba12-br100","https://www.google.com/maps/contrib/104624412170447517557?hl=id","2039","2026-08-24T04:05:00.874Z","Direct Detail URL: https://www.google.com/maps/place/Umbul+Susuhan/@-7.6442043,110.5980704,17z/data=!4m6!3m5!1s0x2e7a423e8f224f2f:0x78f8a97e96368af5!8m2!3d-7.6442043!4d110.5980704!16s%2Fg%2F11c73mpffs?entry=tts&g_ep=EgoyMDI2MDgxOS4wIPu8ASoASAFQAw%3D%3D&skid=525f3dcf-3097-436b-a0a9-3b0bc8dc4bad","3","Jawa Tengah","Jl. Klaten - Jatinom No.7","false","Umbul Susuhan menjadi 1 dari beberapa umbul yg ada di Klaten yang bisa dikunjungi karena banyaknya jenis kolam renang yang disediakan. Mulai dari anak kecil, dewasa, khusus perempuan, dan kolam dengan bebatuan yang asli mata air. Enjoy swimming!",,"Umbul Susuhan","4.4",,"https://www.google.com/maps/search/?api=1&query=Umbul%20Susuhan&query_place_id=ChIJL08ijz5Cei4R9Yo2ln6p-Hg",
"Jl. Klaten - Jatinom No.7, Dusun 1, Manjungan, Kec. Ngawen, Kabupaten Klaten, Jawa Tengah 57466, Indonesia","11211421739855492727","Taman Rekreasi Air","Kolam renang luar ruangan","Kolam Renang","Tujuan Wisata","Taman Rekreasi Air","8716903439926725365","Kabupaten Klaten","ID","0x2e7a423e8f224f2f:0x78f8a97e96368af5",,"https://lh3.googleusercontent.com/gps-cs-s/AHRPTWmLAC292IyEZxwnxzT96dOfJ11UjIo_SES-giCPaXIIGvN1dIM0IPUoai_HjX-A-ghkSdtSS1C2yNwfiquZWHpYeQGmtVZ7cRnXAC9h2oOiDtx8v22fL3JYHji1o3dEOeCyn_k=w408-h306-k-no","false","true","/g/11c73mpffs","id","3","-7.6442043","110.5980704","Ziz Jelah","Dusun 1, Manjungan, Kecamatan Ngawen","id","false","ChIJL08ijz5Cei4R9Yo2ln6p-Hg","57466",,"2 tahun lalu","2024-05-15T13:57:45.938Z",,,,"Tidak","Tanpa mengantre","Hari libur nasional","ChdDSUhNMG9nS0VJQ0FnSUNUd2JEY2tnRRAB","https://lh3.googleusercontent.com/grass-cs/ACvplmPYdQBW4WmI8iLmEjilWOqTkaYbsqPRbykvEwd3tm1jzmmzsWDGwKIl9aHsa_qMuElqnGrhVPQ3i701S-HxM9vJF92lfYYcfaTCDqWEtes_87YlCikoS_WnUwwmWAB7Nu-Yuhu0=k-no","https://lh3.googleusercontent.com/grass-cs/ACvplmM1emMQayW4GmbgvfbVE_gocEBvPGZXimVOK-QdB150vRbC4kqjs3H7EZW2ATVS9NyfgvdOf2XNqHk2EpJV4lNdf3d9sZzVJ2-gDPg7bEaJMtq2-pihJ1RaRV3cG3BmLJfvatweRQ=k-no",,,,,,,,,,,,,,,,,,,,,,"Google","https://www.google.com/maps/reviews/data=!4m8!14m7!1m6!2m5!1sChdDSUhNMG9nS0VJQ0FnSUNUd2JEY2tnRRAB!2m1!1s0x0:0x78f8a97e96368af5!3m1!1s2@1:CIHM0ogKEICAgICTwbDckgE%7C%7C?hl=id","114828367625731120912","33","https://lh3.googleusercontent.com/a-/ALV-UjWKALtQj8WPIR6EAnRL3Nd4ImqtrpaWjvequvraIQQojFsk2wE=s1920-c-rp-mo-ba12-br100","https://www.google.com/maps/contrib/114828367625731120912?hl=id","2039","2026-08-24T04:05:00.874Z","Direct Detail URL: https://www.google.com/maps/place/Umbul+Susuhan/@-7.6442043,110.5980704,17z/data=!4m6!3m5!1s0x2e7a423e8f224f2f:0x78f8a97e96368af5!8m2!3d-7.6442043!4d110.5980704!16s%2Fg%2F11c73mpffs?entry=tts&g_ep=EgoyMDI2MDgxOS4wIPu8ASoASAFQAw%3D%3D&skid=525f3dcf-3097-436b-a0a9-3b0bc8dc4bad","4","Jawa Tengah","Jl. Klaten - Jatinom No.7","false","Lokasi strategis, tiket masuk 10k saja sudah parkir. Kolamnya luas dan lumayan dalam, tenang ada yg tidak terlalu dalam.. Warung juga ada. Nice",,"Umbul Susuhan","4.4",,"https://www.google.com/maps/search/?api=1&query=Umbul%20Susuhan&query_place_id=ChIJL08ijz5Cei4R9Yo2ln6p-Hg",
"Jl. Klaten - Jatinom No.7, Dusun 1, Manjungan, Kec. Ngawen, Kabupaten Klaten, Jawa Tengah 57466, Indonesia","11211421739855492727","Taman Rekreasi Air","Kolam renang luar ruangan","Kolam Renang","Tujuan Wisata","Taman Rekreasi Air","8716903439926725365","Kabupaten Klaten","ID","0x2e7a423e8f224f2f:0x78f8a97e96368af5",,"https://lh3.googleusercontent.com/gps-cs-s/AHRPTWmLAC292IyEZxwnxzT96dOfJ11UjIo_SES-giCPaXIIGvN1dIM0IPUoai_HjX-A-ghkSdtSS1C2yNwfiquZWHpYeQGmtVZ7cRnXAC9h2oOiDtx8v22fL3JYHji1o3dEOeCyn_k=w408-h306-k-no","false","true","/g/11c73mpffs","id","0","-7.6442043","110.5980704","Suwanta Suwanta","Dusun 1, Manjungan, Kecamatan Ngawen","id","false","ChIJL08ijz5Cei4R9Yo2ln6p-Hg","57466",,"7 tahun lalu","2019-06-30T07:18:06.096Z",,,,,,,"ChdDSUhNMG9nS0VJQ0FnSURrNmRqUXlBRRAB","https://lh3.googleusercontent.com/grass-cs/ACvplmO_6Vn66B6XsLJNGn8a8efC3f91ReYMLIUEvTZivdfXxC769B6YnGJmiuiz_BO400Aal3gzqTiffS4LsPZTBCx32vi5k4uJPepbOoLyXIsXtMWOM1fnLcxJDxQaZPnOXc_13Ako=k-no","https://lh3.googleusercontent.com/grass-cs/ACvplmOPJRnbYun7PNHIDKkh6YdEoXvIbyTcj5El1bIDsx4IfPWwFwUrMwhna1jfufiB49L_xYrUoMMz6aLkjGrewBGzRiT0Jl4DxGSlMXCgKZgpGrtQbCSYmdrxgH8k0LPOJnF7E1HVCw=k-no","https://lh3.googleusercontent.com/grass-cs/ACvplmOpQQ98RdwLeZ2jApFzi9fUtcbOPvRxcswJ20QGnrHW6FM9PKiwfNTBmf4LPPAPjM8ZpgHcVjs6iSrhdVV5J7UeGbCJobvpJvPRd-H0O9WFWVr8PWQDk3fbKyjFOoS70V5p3X3rjw=k-no","https://lh3.googleusercontent.com/grass-cs/ACvplmNuGCSsSYLGnVipf36lRY2q0J1h804yPjLNwiqR3Y06VnNT_i7DDWWNBQqVRXwMxuYTC9s0U5XSNdYlc6xSCGX1y9CmT6xrQHvNNO4MrMatkv92p2wG6okopo1MWnI8CjY37Xhx2Q=k-no",,,,,,,,,,,,,,,,,,,,"Google","https://www.google.com/maps/reviews/data=!4m8!14m7!1m6!2m5!1sChdDSUhNMG9nS0VJQ0FnSURrNmRqUXlBRRAB!2m1!1s0x0:0x78f8a97e96368af5!3m1!1s2@1:CIHM0ogKEICAgIDk6djQyAE%7C%7C?hl=id","100901866632316699868","13","https://lh3.googleusercontent.com/a/ACg8ocLNyLWmKWSydk915zpJvx7R1P8JsIjqFT4tpLav9HR9vmc76Q=s1920-c-rp-mo-ba12-br100","https://www.google.com/maps/contrib/100901866632316699868?hl=id","2039","2026-08-24T04:05:00.874Z","Direct Detail URL: https://www.google.com/maps/place/Umbul+Susuhan/@-7.6442043,110.5980704,17z/data=!4m6!3m5!1s0x2e7a423e8f224f2f:0x78f8a97e96368af5!8m2!3d-7.6442043!4d110.5980704!16s%2Fg%2F11c73mpffs?entry=tts&g_ep=EgoyMDI2MDgxOS4wIPu8ASoASAFQAw%3D%3D&skid=525f3dcf-3097-436b-a0a9-3b0bc8dc4bad","4","Jawa Tengah","Jl. Klaten - Jatinom No.7","false","Kolam renang komplit banget,  tinggal pilih yg nyaman buat anda ,,
Paling dalam 2.5",,"Umbul Susuhan","4.4",,"https://www.google.com/maps/search/?api=1&query=Umbul%20Susuhan&query_place_id=ChIJL08ijz5Cei4R9Yo2ln6p-Hg",
"Jl. Klaten - Jatinom No.7, Dusun 1, Manjungan, Kec. Ngawen, Kabupaten Klaten, Jawa Tengah 57466, Indonesia","11211421739855492727","Taman Rekreasi Air","Kolam renang luar ruangan","Kolam Renang","Tujuan Wisata","Taman Rekreasi Air","8716903439926725365","Kabupaten Klaten","ID","0x2e7a423e8f224f2f:0x78f8a97e96368af5",,"https://lh3.googleusercontent.com/gps-cs-s/AHRPTWmLAC292IyEZxwnxzT96dOfJ11UjIo_SES-giCPaXIIGvN1dIM0IPUoai_HjX-A-ghkSdtSS1C2yNwfiquZWHpYeQGmtVZ7cRnXAC9h2oOiDtx8v22fL3JYHji1o3dEOeCyn_k=w408-h306-k-no","false","true","/g/11c73mpffs","id","0","-7.6442043","110.5980704","Muhamad Fauzi","Dusun 1, Manjungan, Kecamatan Ngawen","id","false","ChIJL08ijz5Cei4R9Yo2ln6p-Hg","57466",,"Diedit setahun lalu","2025-04-13T03:25:41.320Z",,,,"Tidak","Tanpa mengantre","Hari libur nasional","ChZDSUhNMG9nS0VJQ0FnSURnNXMtb0lBEAE","https://lh3.googleusercontent.com/grass-cs/ACvplmNsbJjC0mk0TFy4ImSOnUbsIq7Ptm-aLpKAOQnQLX3irn3EQU55fHgrePC42vMwDO6IR1omvDnR9HlwSWczjDrThy-0gSu4BD0VAY2-syOkeArUZa1sNIt24hEx8bs1M57l8345=k-no","https://lh3.googleusercontent.com/grass-cs/ACvplmMhoMf47XZVUNbVVShXA9r31yk2yxdIMfTCtSYAW5QChiASPhAZKXVgxYJoHxKhVypcnkA1Nu2ayPQovbajpD6r9Gan6GrHlwtLt_dedGjAewTUrLqoKcShwAgoFcf4lwNINKb6=k-no","https://lh3.googleusercontent.com/grass-cs/ACvplmNv1_58Zu7bFkNdpv5F7Nuch3j0nHZB90moHNpJzNLauynezfNxGNyteTFQJemg_3n5VaBAFBVLM1Db5Btx1s6RMa_tDWuoQ5ctE8RqvKJBeuPmsHynQCEomSGV3YitiLsbxOR6=k-no",,,,,,,,,,,,,,,,,,,,,"Google","https://www.google.com/maps/reviews/data=!4m8!14m7!1m6!2m5!1sChZDSUhNMG9nS0VJQ0FnSURnNXMtb0lBEAE!2m1!1s0x0:0x78f8a97e96368af5!3m1!1s2@1:CIHM0ogKEICAgIDg5s-oIA%7C%7C?hl=id","113549481344674631743","55","https://lh3.googleusercontent.com/a/ACg8ocIjN0Vo7zP0-SBsTEGyHLQRyL94zRQ_-G1X44p7uuZWlW60WQ=s1920-c-rp-mo-ba12-br100","https://www.google.com/maps/contrib/113549481344674631743?hl=id","2039","2026-08-24T04:05:00.874Z","Direct Detail URL: https://www.google.com/maps/place/Umbul+Susuhan/@-7.6442043,110.5980704,17z/data=!4m6!3m5!1s0x2e7a423e8f224f2f:0x78f8a97e96368af5!8m2!3d-7.6442043!4d110.5980704!16s%2Fg%2F11c73mpffs?entry=tts&g_ep=EgoyMDI2MDgxOS4wIPu8ASoASAFQAw%3D%3D&skid=525f3dcf-3097-436b-a0a9-3b0bc8dc4bad","4","Jawa Tengah","Jl. Klaten - Jatinom No.7","false","Nyaman dan bersih recomended buat sekadar melepas penat bersama anggota keluarga. HTM 10k/ pengunjung. Parkir motor 2k",,"Umbul Susuhan","4.4",,"https://www.google.com/maps/search/?api=1&query=Umbul%20Susuhan&query_place_id=ChIJL08ijz5Cei4R9Yo2ln6p-Hg",
"Jl. Klaten - Jatinom No.7, Dusun 1, Manjungan, Kec. Ngawen, Kabupaten Klaten, Jawa Tengah 57466, Indonesia","11211421739855492727","Taman Rekreasi Air","Kolam renang luar ruangan","Kolam Renang","Tujuan Wisata","Taman Rekreasi Air","8716903439926725365","Kabupaten Klaten","ID","0x2e7a423e8f224f2f:0x78f8a97e96368af5",,"https://lh3.googleusercontent.com/gps-cs-s/AHRPTWmLAC292IyEZxwnxzT96dOfJ11UjIo_SES-giCPaXIIGvN1dIM0IPUoai_HjX-A-ghkSdtSS1C2yNwfiquZWHpYeQGmtVZ7cRnXAC9h2oOiDtx8v22fL3JYHji1o3dEOeCyn_k=w408-h306-k-no","false","true","/g/11c73mpffs","id","0","-7.6442043","110.5980704","Ni Na","Dusun 1, Manjungan, Kecamatan Ngawen","id","false","ChIJL08ijz5Cei4R9Yo2ln6p-Hg","57466",,"8 tahun lalu","2018-04-01T07:05:24.181Z",,,,,,,"ChZDSUhNMG9nS0VJQ0FnSUNReGRxQWFnEAE","https://lh3.googleusercontent.com/grass-cs/ACvplmMkhNzCs4MsZ3rFbc6MBPqQvp-2KCdsxhbdfozaCvV7vP026BqWG4OQA5eBlPxWOoeXrmDFrM4gE9lAeSyOCIQMZxmB6GdX0PGO2PK6lmoNRaC-bfAEXwdEXIXIHshgtZnsDM2r=k-no","https://lh3.googleusercontent.com/grass-cs/ACvplmPXdSHIjqxvnqJKDguYbxVZdZQI4OpqTA0Fzsh5FgHlEUUuzmedaFgC5cXypJq1xVqVHoPKekSy6DrMeZ25mvYpykgrFhI3-MqY8xnLKmLkrCC7pQpx3ixxImZ6vzKl8RzRjByu=k-no","https://lh3.googleusercontent.com/grass-cs/ACvplmOEXFm5hljc-KGeQbnh8VY73fU1id8-4_M0xC42gr0S7GGyqWXLv1Uy4dSQDDXLZpOrCyDFzhdKFkDb7BdVQPQHwvAeSp4w6ctUrIkl3WPQMiO918ssCsacZn5g1RAmKZ072S8=k-no",,,,,,,,,,,,,,,,,,,,,"Google","https://www.google.com/maps/reviews/data=!4m8!14m7!1m6!2m5!1sChZDSUhNMG9nS0VJQ0FnSUNReGRxQWFnEAE!2m1!1s0x0:0x78f8a97e96368af5!3m1!1s2@1:CIHM0ogKEICAgICQxdqAag%7C%7C?hl=id","117467372193013652704","39","https://lh3.googleusercontent.com/a-/ALV-UjWD1u8GFLirFnzDvjeqi-MFrfOUsJJ5IPkgjwDPqF7GdF2lBMeb=s1920-c-rp-mo-ba12-br100","https://www.google.com/maps/contrib/117467372193013652704?hl=id","2039","2026-08-24T04:05:00.874Z","Direct Detail URL: https://www.google.com/maps/place/Umbul+Susuhan/@-7.6442043,110.5980704,17z/data=!4m6!3m5!1s0x2e7a423e8f224f2f:0x78f8a97e96368af5!8m2!3d-7.6442043!4d110.5980704!16s%2Fg%2F11c73mpffs?entry=tts&g_ep=EgoyMDI2MDgxOS4wIPu8ASoASAFQAw%3D%3D&skid=525f3dcf-3097-436b-a0a9-3b0bc8dc4bad","4","Jawa Tengah","Jl. Klaten - Jatinom No.7","false","Kolam renang kluarga yg lumayan luas,airnya dingin skaliiiiiii....lokasi samping jalan yg mudah di temukan.",,"Umbul Susuhan","4.4",,"https://www.google.com/maps/search/?api=1&query=Umbul%20Susuhan&query_place_id=ChIJL08ijz5Cei4R9Yo2ln6p-Hg",
"Jl. Klaten - Jatinom No.7, Dusun 1, Manjungan, Kec. Ngawen, Kabupaten Klaten, Jawa Tengah 57466, Indonesia","11211421739855492727","Taman Rekreasi Air","Kolam renang luar ruangan","Kolam Renang","Tujuan Wisata","Taman Rekreasi Air","8716903439926725365","Kabupaten Klaten","ID","0x2e7a423e8f224f2f:0x78f8a97e96368af5",,"https://lh3.googleusercontent.com/gps-cs-s/AHRPTWmLAC292IyEZxwnxzT96dOfJ11UjIo_SES-giCPaXIIGvN1dIM0IPUoai_HjX-A-ghkSdtSS1C2yNwfiquZWHpYeQGmtVZ7cRnXAC9h2oOiDtx8v22fL3JYHji1o3dEOeCyn_k=w408-h306-k-no","false","true","/g/11c73mpffs","id","0","-7.6442043","110.5980704","Suwasana Sutrisno","Dusun 1, Manjungan, Kecamatan Ngawen","id","false","ChIJL08ijz5Cei4R9Yo2ln6p-Hg","57466",,"7 tahun lalu","2018-12-22T08:37:55.509Z",,,,,,,"ChZDSUhNMG9nS0VJQ0FnSURJcEltYldBEAE","https://lh3.googleusercontent.com/grass-cs/ACvplmMXpfwQEnu9K7WUREgcXaeS1xc4_8CSZlsLbWVbnLM9GTa90lIRTFcRXe_TVHx6dxdFlBxJUkJn1GGtnXD90Eh8p8PG8y2NtQe0XmmpNUjdXExl7MUv0wtvZ0FHbQLbwySUZBKK=k-no","https://lh3.googleusercontent.com/grass-cs/ACvplmPwVjWYHcwYllGSTT43I3r1N7cU1dPq4bujK3lBpNuEV4OoMFJFRjbW3m7J9FH0vIP_YCTl1dvMY00aS9faLYs5gTuE7EFnvhBEo7SVkSSOA1O3Kp5Afkc-_QcgRkCdAbRzXbA=k-no",,,,,,,,,,,,,,,,,,,,,,"Google","https://www.google.com/maps/reviews/data=!4m8!14m7!1m6!2m5!1sChZDSUhNMG9nS0VJQ0FnSURJcEltYldBEAE!2m1!1s0x0:0x78f8a97e96368af5!3m1!1s2@1:CIHM0ogKEICAgIDIpImbWA%7C%7C?hl=id","106673835271647558214","77","https://lh3.googleusercontent.com/a-/ALV-UjUfy6fXSfhaZDFFYpm9WI_yc3gGIsF1v6J-abRwS9UALr4BUge6=s1920-c-rp-mo-ba12-br100","https://www.google.com/maps/contrib/106673835271647558214?hl=id","2039","2026-08-24T04:05:00.874Z","Direct Detail URL: https://www.google.com/maps/place/Umbul+Susuhan/@-7.6442043,110.5980704,17z/data=!4m6!3m5!1s0x2e7a423e8f224f2f:0x78f8a97e96368af5!8m2!3d-7.6442043!4d110.5980704!16s%2Fg%2F11c73mpffs?entry=tts&g_ep=EgoyMDI2MDgxOS4wIPu8ASoASAFQAw%3D%3D&skid=525f3dcf-3097-436b-a0a9-3b0bc8dc4bad","3","Jawa Tengah","Jl. Klaten - Jatinom No.7","false","Airnya bersih sejuk karena berasal dari mata air langsung. Kolam renangnya bervariasi dari kolam anak , kolam dewasa yg cukup dalam dan kolam khusus wanita. Tiket murah. Kantin hanya menyediakan gorengan dan jajanan anak. Perlu di tambah adanya tempat makan/ warung makan.",,"Umbul Susuhan","4.4",,"https://www.google.com/maps/search/?api=1&query=Umbul%20Susuhan&query_place_id=ChIJL08ijz5Cei4R9Yo2ln6p-Hg",
"Jl. Klaten - Jatinom No.7, Dusun 1, Manjungan, Kec. Ngawen, Kabupaten Klaten, Jawa Tengah 57466, Indonesia","11211421739855492727","Taman Rekreasi Air","Kolam renang luar ruangan","Kolam Renang","Tujuan Wisata","Taman Rekreasi Air","8716903439926725365","Kabupaten Klaten","ID","0x2e7a423e8f224f2f:0x78f8a97e96368af5",,"https://lh3.googleusercontent.com/gps-cs-s/AHRPTWmLAC292IyEZxwnxzT96dOfJ11UjIo_SES-giCPaXIIGvN1dIM0IPUoai_HjX-A-ghkSdtSS1C2yNwfiquZWHpYeQGmtVZ7cRnXAC9h2oOiDtx8v22fL3JYHji1o3dEOeCyn_k=w408-h306-k-no","false","true","/g/11c73mpffs","id","0","-7.6442043","110.5980704","Sumali R","Dusun 1, Manjungan, Kecamatan Ngawen","id","false","ChIJL08ijz5Cei4R9Yo2ln6p-Hg","57466",,"Diedit sebulan lalu","2026-07-05T13:15:29.677Z",,,,"Tidak","Tanpa mengantre","Hari biasa","ChZDSUhNMG9nS0VJQ0FnSUNRZ28zd0lREAE",,,,,,,,,,,,,,,,,,,,,,,,"Google","https://www.google.com/maps/reviews/data=!4m8!14m7!1m6!2m5!1sChZDSUhNMG9nS0VJQ0FnSUNRZ28zd0lREAE!2m1!1s0x0:0x78f8a97e96368af5!3m1!1s2@1:CIHM0ogKEICAgICQgo3wIQ%7C%7C?hl=id","100865632279561515748","297","https://lh3.googleusercontent.com/a-/ALV-UjWyKOODGxyT2DjeQT7w4rHL-lWFnsf4JgFffJ_Bn-U4E3KWpZD1=s1920-c-rp-mo-ba12-br100","https://www.google.com/maps/contrib/100865632279561515748?hl=id","2039","2026-08-24T04:05:00.874Z","Direct Detail URL: https://www.google.com/maps/place/Umbul+Susuhan/@-7.6442043,110.5980704,17z/data=!4m6!3m5!1s0x2e7a423e8f224f2f:0x78f8a97e96368af5!8m2!3d-7.6442043!4d110.5980704!16s%2Fg%2F11c73mpffs?entry=tts&g_ep=EgoyMDI2MDgxOS4wIPu8ASoASAFQAw%3D%3D&skid=525f3dcf-3097-436b-a0a9-3b0bc8dc4bad","5","Jawa Tengah","Jl. Klaten - Jatinom No.7","false","Kolam utama bersih,  ada kolam khusus putri juga, ada kolam arus terbuka,

Air murni dari umbul segar,
Mungkin turunin sedikit harga masuk nya,  meskipun juga dilematis karena  juga untuk operasional.

Sekarang tarif turun jadi 5 ribu

Kesini bisa pagi bisa Sore",,"Umbul Susuhan","4.4",,"https://www.google.com/maps/search/?api=1&query=Umbul%20Susuhan&query_place_id=ChIJL08ijz5Cei4R9Yo2ln6p-Hg",
"Jl. Klaten - Jatinom No.7, Dusun 1, Manjungan, Kec. Ngawen, Kabupaten Klaten, Jawa Tengah 57466, Indonesia","11211421739855492727","Taman Rekreasi Air","Kolam renang luar ruangan","Kolam Renang","Tujuan Wisata","Taman Rekreasi Air","8716903439926725365","Kabupaten Klaten","ID","0x2e7a423e8f224f2f:0x78f8a97e96368af5",,"https://lh3.googleusercontent.com/gps-cs-s/AHRPTWmLAC292IyEZxwnxzT96dOfJ11UjIo_SES-giCPaXIIGvN1dIM0IPUoai_HjX-A-ghkSdtSS1C2yNwfiquZWHpYeQGmtVZ7cRnXAC9h2oOiDtx8v22fL3JYHji1o3dEOeCyn_k=w408-h306-k-no","false","true","/g/11c73mpffs","id","0","-7.6442043","110.5980704","Ade Candra","Dusun 1, Manjungan, Kecamatan Ngawen","id","false","ChIJL08ijz5Cei4R9Yo2ln6p-Hg","57466",,"2 tahun lalu","2024-06-20T13:37:10.647Z",,,,,"Tanpa mengantre","Hari biasa","ChZDSUhNMG9nS0VJQ0FnSUNMOGE2TEp3EAE","https://lh3.googleusercontent.com/grass-cs/ACvplmOX-AZg6blRc0CPMOOdsITEtk7Cw63ySeCiSy5qLUq8D-70ynhbz5JRlkPe1uVhVtkNl1sqQRg4YmD5tmR20ztK4GzomsifBD2RY325rn8Y31rWMSDyvW11U8N5cfLaexwrZhdLQQ=k-no",,,,,,,,,,,,,,,,,,,,,,,"Google","https://www.google.com/maps/reviews/data=!4m8!14m7!1m6!2m5!1sChZDSUhNMG9nS0VJQ0FnSUNMOGE2TEp3EAE!2m1!1s0x0:0x78f8a97e96368af5!3m1!1s2@1:CIHM0ogKEICAgICL8a6LJw%7C%7C?hl=id","107968373589897112332","25","https://lh3.googleusercontent.com/a/ACg8ocK3uJM845P_3VrERAwVLmDXAldUDkphLpHSscrM3hhEJBVj8A=s1920-c-rp-mo-ba12-br100","https://www.google.com/maps/contrib/107968373589897112332?hl=id","2039","2026-08-24T04:05:00.874Z","Direct Detail URL: https://www.google.com/maps/place/Umbul+Susuhan/@-7.6442043,110.5980704,17z/data=!4m6!3m5!1s0x2e7a423e8f224f2f:0x78f8a97e96368af5!8m2!3d-7.6442043!4d110.5980704!16s%2Fg%2F11c73mpffs?entry=tts&g_ep=EgoyMDI2MDgxOS4wIPu8ASoASAFQAw%3D%3D&skid=525f3dcf-3097-436b-a0a9-3b0bc8dc4bad","5","Jawa Tengah","Jl. Klaten - Jatinom No.7","false","Pengalaman yang sangat mantap, air nya dingin dan hanya terdapat retribusi parkir sebesar tiga ribu rupiah.",,"Umbul Susuhan","4.4",,"https://www.google.com/maps/search/?api=1&query=Umbul%20Susuhan&query_place_id=ChIJL08ijz5Cei4R9Yo2ln6p-Hg",
"Jl. Klaten - Jatinom No.7, Dusun 1, Manjungan, Kec. Ngawen, Kabupaten Klaten, Jawa Tengah 57466, Indonesia","11211421739855492727","Taman Rekreasi Air","Kolam renang luar ruangan","Kolam Renang","Tujuan Wisata","Taman Rekreasi Air","8716903439926725365","Kabupaten Klaten","ID","0x2e7a423e8f224f2f:0x78f8a97e96368af5",,"https://lh3.googleusercontent.com/gps-cs-s/AHRPTWmLAC292IyEZxwnxzT96dOfJ11UjIo_SES-giCPaXIIGvN1dIM0IPUoai_HjX-A-ghkSdtSS1C2yNwfiquZWHpYeQGmtVZ7cRnXAC9h2oOiDtx8v22fL3JYHji1o3dEOeCyn_k=w408-h306-k-no","false","true","/g/11c73mpffs","id","1","-7.6442043","110.5980704","Muamaroh Husnantiya","Dusun 1, Manjungan, Kecamatan Ngawen","id","false","ChIJL08ijz5Cei4R9Yo2ln6p-Hg","57466",,"7 tahun lalu","2019-05-18T21:55:03.297Z",,,,,,,"ChdDSUhNMG9nS0VJQ0FnSURZblliNy13RRAB","https://lh3.googleusercontent.com/grass-cs/ACvplmNWNIoQtFl3CoadE6Bta6gtHThjJPhfBQRAJ5UqOPBr45KqyHF5mQD-jbNE3MXlP2pYFYhQ9TUO2aVfbiRL1MgVTobQqK32BTMPesusf_U4rU8kI2gFdZ7joN2z5hmbQltBXLg=k-no",,,,,,,,,,,,,,,,,,,,,,,"Google","https://www.google.com/maps/reviews/data=!4m8!14m7!1m6!2m5!1sChdDSUhNMG9nS0VJQ0FnSURZblliNy13RRAB!2m1!1s0x0:0x78f8a97e96368af5!3m1!1s2@1:CIHM0ogKEICAgIDYnYb7-wE%7C%7C?hl=id","111226716943360120534","308","https://lh3.googleusercontent.com/a-/ALV-UjVM3SpsNvOGcdk059f1O-ygoubOGmrSdMvPaQtF0Iw4SKfG-rqm=s1920-c-rp-mo-ba12-br100","https://www.google.com/maps/contrib/111226716943360120534?hl=id","2039","2026-08-24T04:05:00.874Z","Direct Detail URL: https://www.google.com/maps/place/Umbul+Susuhan/@-7.6442043,110.5980704,17z/data=!4m6!3m5!1s0x2e7a423e8f224f2f:0x78f8a97e96368af5!8m2!3d-7.6442043!4d110.5980704!16s%2Fg%2F11c73mpffs?entry=tts&g_ep=EgoyMDI2MDgxOS4wIPu8ASoASAFQAw%3D%3D&skid=525f3dcf-3097-436b-a0a9-3b0bc8dc4bad","5","Jawa Tengah","Jl. Klaten - Jatinom No.7","false","The best pool in town. Ada tempat berenang khusus wanita, ada kolam yang dasarnya masih batuan alam, ada kolam yang tidak terlalu dalam, ada juga kolam yang panjang dan dalam. Tinggal pilih sesuai selera.

Ada yang jual cilok juga jika merasa lapar",,"Umbul Susuhan","4.4",,"https://www.google.com/maps/search/?api=1&query=Umbul%20Susuhan&query_place_id=ChIJL08ijz5Cei4R9Yo2ln6p-Hg",
"Jl. Klaten - Jatinom No.7, Dusun 1, Manjungan, Kec. Ngawen, Kabupaten Klaten, Jawa Tengah 57466, Indonesia","11211421739855492727","Taman Rekreasi Air","Kolam renang luar ruangan","Kolam Renang","Tujuan Wisata","Taman Rekreasi Air","8716903439926725365","Kabupaten Klaten","ID","0x2e7a423e8f224f2f:0x78f8a97e96368af5",,"https://lh3.googleusercontent.com/gps-cs-s/AHRPTWmLAC292IyEZxwnxzT96dOfJ11UjIo_SES-giCPaXIIGvN1dIM0IPUoai_HjX-A-ghkSdtSS1C2yNwfiquZWHpYeQGmtVZ7cRnXAC9h2oOiDtx8v22fL3JYHji1o3dEOeCyn_k=w408-h306-k-no","false","true","/g/11c73mpffs","id","1","-7.6442043","110.5980704","Lukman Hakim","Dusun 1, Manjungan, Kecamatan Ngawen","id","false","ChIJL08ijz5Cei4R9Yo2ln6p-Hg","57466",,"5 tahun lalu","2021-05-18T05:17:34.509Z",,"2021-08-10T07:23:42.000Z","Terimakasih atas kunjungan dan ulasannya. Benar sekali, saat ini pemandian air panas sedang dikembangkan. Semoga nanti setelah PPKM berakhir, pengunjung dapat menikmati pemandian air panas pertama di Klaten.
Sampai jumpa di Umbul Susuhan!",,,,"ChZDSUhNMG9nS0VJQ0FnSURLaF9iWFVBEAE","https://lh3.googleusercontent.com/grass-cs/ACvplmMwed6uUJIJ9s-n8f-Tk5fBeldCfXTD8V3H_wFcKSrE24kZAv0V83FDVE_cdDsz_iY2R0I4MIrfpdcTGboUbeHrKgZZ41CdqtRrDQfU6kn14Xi82X9kmeW1q904ltTt5mWFOSOuAw=k-no",,,,,,,,,,,,,,,,,,,,,,,"Google","https://www.google.com/maps/reviews/data=!4m8!14m7!1m6!2m5!1sChZDSUhNMG9nS0VJQ0FnSURLaF9iWFVBEAE!2m1!1s0x0:0x78f8a97e96368af5!3m1!1s2@1:CIHM0ogKEICAgIDKh_bXUA%7C%7C?hl=id","113679171337486866435","69","https://lh3.googleusercontent.com/a-/ALV-UjVtlnexmlqjQvGWw5I4E-sNAtks1QmHIWlkP-EjCUgDa1nyFvO7=s1920-c-rp-mo-ba12-br100","https://www.google.com/maps/contrib/113679171337486866435?hl=id","2039","2026-08-24T04:05:00.874Z","Direct Detail URL: https://www.google.com/maps/place/Umbul+Susuhan/@-7.6442043,110.5980704,17z/data=!4m6!3m5!1s0x2e7a423e8f224f2f:0x78f8a97e96368af5!8m2!3d-7.6442043!4d110.5980704!16s%2Fg%2F11c73mpffs?entry=tts&g_ep=EgoyMDI2MDgxOS4wIPu8ASoASAFQAw%3D%3D&skid=525f3dcf-3097-436b-a0a9-3b0bc8dc4bad","5","Jawa Tengah","Jl. Klaten - Jatinom No.7","false","Wisata air yg airnya langsung dari sumbernya, suegarnya. Apalagi kolamnya banyak, mulai untuk anak sampai dewasa. Cocok untuk wisata keluarga. Bocoran dari pihak pengelola akan ada kolam air panasnya.",,"Umbul Susuhan","4.4",,"https://www.google.com/maps/search/?api=1&query=Umbul%20Susuhan&query_place_id=ChIJL08ijz5Cei4R9Yo2ln6p-Hg",
"Jl. Klaten - Jatinom No.7, Dusun 1, Manjungan, Kec. Ngawen, Kabupaten Klaten, Jawa Tengah 57466, Indonesia","11211421739855492727","Taman Rekreasi Air","Kolam renang luar ruangan","Kolam Renang","Tujuan Wisata","Taman Rekreasi Air","8716903439926725365","Kabupaten Klaten","ID","0x2e7a423e8f224f2f:0x78f8a97e96368af5",,"https://lh3.googleusercontent.com/gps-cs-s/AHRPTWmLAC292IyEZxwnxzT96dOfJ11UjIo_SES-giCPaXIIGvN1dIM0IPUoai_HjX-A-ghkSdtSS1C2yNwfiquZWHpYeQGmtVZ7cRnXAC9h2oOiDtx8v22fL3JYHji1o3dEOeCyn_k=w408-h306-k-no","false","true","/g/11c73mpffs","id","1","-7.6442043","110.5980704","Nabilla Uristu","Dusun 1, Manjungan, Kecamatan Ngawen","id","false","ChIJL08ijz5Cei4R9Yo2ln6p-Hg","57466",,"2 tahun lalu","2024-04-29T04:44:29.334Z",,"2024-04-30T01:10:51.000Z","Selamat Pagi, terima kasih atas kritik, saran dan kunjungan kakak,  kami selalu  mengadakan pembersihan kolam, Air disetiap kolam di umbul Susuhan berasal dari sumber mata air yang dihubungkan dengan pipa pipa jadi mohon maaf jika ada pasir atau ikan kecil ikut terbawa ke setiap kolam
 Maintenance Kolam
• Kolam Dewasa, Anak, Khusu Wanita
Setiap Hari Selasa & Jum'at/ Sabtu Sore
• Kolam Sumber 
Setiap Hari Kamis
Mohon maaf atas ketidaknyamanan yang kakak alami
","Tidak","Tanpa mengantre","Hari biasa","ChdDSUhNMG9nS0VJQ0FnSURqMlBleDRnRRAB","https://lh3.googleusercontent.com/grass-cs/ACvplmMExKDRwIZTkNLTxTRRHCNAg10ykFFBZx3p4qtgRueOcKS6hPOgXeApr79UTn_HjA9egtPR9ykK21_tWa_r26dXZ8ny50M1kruxYCkZKEjee9AtC8zg5SgYQv5PKeVkhjtlpPo=k-no",,,,,,,,,,,,,,,,,,,,,,,"Google","https://www.google.com/maps/reviews/data=!4m8!14m7!1m6!2m5!1sChdDSUhNMG9nS0VJQ0FnSURqMlBleDRnRRAB!2m1!1s0x0:0x78f8a97e96368af5!3m1!1s2@1:CIHM0ogKEICAgIDj2Pex4gE%7C%7C?hl=id","103999985782020302457","39","https://lh3.googleusercontent.com/a/ACg8ocKPn80f6QP6VBC6PWpFq0PU3PNYY5nfixwSjI0j0PIYXgfpPx8=s1920-c-rp-mo-ba12-br100","https://www.google.com/maps/contrib/103999985782020302457?hl=id","2039","2026-08-24T04:05:00.874Z","Direct Detail URL: https://www.google.com/maps/place/Umbul+Susuhan/@-7.6442043,110.5980704,17z/data=!4m6!3m5!1s0x2e7a423e8f224f2f:0x78f8a97e96368af5!8m2!3d-7.6442043!4d110.5980704!16s%2Fg%2F11c73mpffs?entry=tts&g_ep=EgoyMDI2MDgxOS4wIPu8ASoASAFQAw%3D%3D&skid=525f3dcf-3097-436b-a0a9-3b0bc8dc4bad","3","Jawa Tengah","Jl. Klaten - Jatinom No.7","false","htm 10k, saya renang di bagian khusus perempuan tapi kolamnya agak kotor, banyak kotoran kecil warna hitam.",,"Umbul Susuhan","4.4",,"https://www.google.com/maps/search/?api=1&query=Umbul%20Susuhan&query_place_id=ChIJL08ijz5Cei4R9Yo2ln6p-Hg",
"Jl. Klaten - Jatinom No.7, Dusun 1, Manjungan, Kec. Ngawen, Kabupaten Klaten, Jawa Tengah 57466, Indonesia","11211421739855492727","Taman Rekreasi Air","Kolam renang luar ruangan","Kolam Renang","Tujuan Wisata","Taman Rekreasi Air","8716903439926725365","Kabupaten Klaten","ID","0x2e7a423e8f224f2f:0x78f8a97e96368af5",,"https://lh3.googleusercontent.com/gps-cs-s/AHRPTWmLAC292IyEZxwnxzT96dOfJ11UjIo_SES-giCPaXIIGvN1dIM0IPUoai_HjX-A-ghkSdtSS1C2yNwfiquZWHpYeQGmtVZ7cRnXAC9h2oOiDtx8v22fL3JYHji1o3dEOeCyn_k=w408-h306-k-no","false","true","/g/11c73mpffs","id","0","-7.6442043","110.5980704","Wulandari 25my","Dusun 1, Manjungan, Kecamatan Ngawen","id","false","ChIJL08ijz5Cei4R9Yo2ln6p-Hg","57466",,"7 tahun lalu","2019-06-14T13:50:34.527Z",,,,,,,"ChZDSUhNMG9nS0VJQ0FnSUQ0eGNfT0RREAE","https://lh3.googleusercontent.com/grass-cs/ACvplmMcU2qRg65jj2t1h6hbdsBVBMbV12CFz__tJ4BgurQNqPmSGECWC40hB7zTatpxEdbx60p1BeoFxND-QBsPj_OLgbLUW623vNEgG0hxZMSVcLWwAYPli1KD7AQk18wNEU-090wQ=k-no","https://lh3.googleusercontent.com/grass-cs/ACvplmN4YLdcb98AnL0nxlDrYf81Ql04zZzM7fq859LY2LnmyvxwE8PcuVQXFeyhUOJq4eSI-Bi6WvEF-ELgfGoFyaMtXqqgAKXjp2Yi9FabLXOtBqHvG2xFu34RKKCtgbvOP4P_-Vxj=k-no","https://lh3.googleusercontent.com/grass-cs/ACvplmNFOpAZ8sMlr_U-KEC5GKrkS9w0OFqFWEdeiFnTQLYEfp858mxplW7KJ4ME76cUA6VS6mU9IFBbvfRjMj31K5udRXvotamQFnYevc8mo0aSDMGeGYt5f9xraUuTj4GNdDVVgqR6NQ=k-no","https://lh3.googleusercontent.com/grass-cs/ACvplmN2ihbXLS4nWPrrpJ6PyA9UAZtoCt2mz4nyU94DC9TyxfAfu0Lpr2jbeu285XETjD4T0RPvYGcMzXEcm7p72NpbNQ8xls0XPgHU_EfLa31_gfpXkvHnHG9tSypJ35o3bAWqc2X8=k-no","https://lh3.googleusercontent.com/grass-cs/ACvplmNtd6TERevH2MEWrt_l8hV2KncnEz3qmjgYW45lAyJYO0CoAObMSDiGBgb7tlBhtBA1XGnYydYrwGM09X8HXpKyFB3pVeAOEv5XEDjmW4e1lEPy94vuIwP6lpycXpWQMogurUIT=k-no",,,,,,,,,,,,,,,,,,,"Google","https://www.google.com/maps/reviews/data=!4m8!14m7!1m6!2m5!1sChZDSUhNMG9nS0VJQ0FnSUQ0eGNfT0RREAE!2m1!1s0x0:0x78f8a97e96368af5!3m1!1s2@1:CIHM0ogKEICAgID4xc_ODQ%7C%7C?hl=id","112541118223636415698","45","https://lh3.googleusercontent.com/a/ACg8ocKkrrY2FEkawwvPza9sSglgsWXfBbvofpHBHPbAvBh1ztUeNw=s1920-c-rp-mo-ba12-br100","https://www.google.com/maps/contrib/112541118223636415698?hl=id","2039","2026-08-24T04:05:00.874Z","Direct Detail URL: https://www.google.com/maps/place/Umbul+Susuhan/@-7.6442043,110.5980704,17z/data=!4m6!3m5!1s0x2e7a423e8f224f2f:0x78f8a97e96368af5!8m2!3d-7.6442043!4d110.5980704!16s%2Fg%2F11c73mpffs?entry=tts&g_ep=EgoyMDI2MDgxOS4wIPu8ASoASAFQAw%3D%3D&skid=525f3dcf-3097-436b-a0a9-3b0bc8dc4bad","5","Jawa Tengah","Jl. Klaten - Jatinom No.7","false","untuk rekreasi keluarga murah meriah ,tempat relaksasi pikiran jiwa & raga d sini tempatnya lurrr,,
monggo d pun tuweni 👍👍👌👌",,"Umbul Susuhan","4.4",,"https://www.google.com/maps/search/?api=1&query=Umbul%20Susuhan&query_place_id=ChIJL08ijz5Cei4R9Yo2ln6p-Hg",
"Jl. Klaten - Jatinom No.7, Dusun 1, Manjungan, Kec. Ngawen, Kabupaten Klaten, Jawa Tengah 57466, Indonesia","11211421739855492727","Taman Rekreasi Air","Kolam renang luar ruangan","Kolam Renang","Tujuan Wisata","Taman Rekreasi Air","8716903439926725365","Kabupaten Klaten","ID","0x2e7a423e8f224f2f:0x78f8a97e96368af5",,"https://lh3.googleusercontent.com/gps-cs-s/AHRPTWmLAC292IyEZxwnxzT96dOfJ11UjIo_SES-giCPaXIIGvN1dIM0IPUoai_HjX-A-ghkSdtSS1C2yNwfiquZWHpYeQGmtVZ7cRnXAC9h2oOiDtx8v22fL3JYHji1o3dEOeCyn_k=w408-h306-k-no","false","true","/g/11c73mpffs","id","0","-7.6442043","110.5980704","Muhammad ali Al murtadlo","Dusun 1, Manjungan, Kecamatan Ngawen","id","false","ChIJL08ijz5Cei4R9Yo2ln6p-Hg","57466",,"7 bulan lalu","2026-01-01T14:31:22.921Z",,,,,,,"Ci9DQUlRQUNvZENodHljRjlvT2pSc2QwdERZbmxYT1RWemFGOWhlWFl0VWxWa1pHYxAB",,,,,,,,,,,,,,,,,,,,,,,,"Google","https://www.google.com/maps/reviews/data=!4m8!14m7!1m6!2m5!1sCi9DQUlRQUNvZENodHljRjlvT2pSc2QwdERZbmxYT1RWemFGOWhlWFl0VWxWa1pHYxAB!2m1!1s0x0:0x78f8a97e96368af5!3m1!1s2@1:CAIQACodChtycF9oOjRsd0tDYnlXOTVzaF9heXYtUlVkZGc%7C%7C?hl=id","102770228892119500603","27","https://lh3.googleusercontent.com/a/ACg8ocL8Pw7FLONIoEjUyJs5o-MQNZAcf3Intnm-V1O3i-h9keTj6Q=s1920-c-rp-mo-ba12-br100","https://www.google.com/maps/contrib/102770228892119500603?hl=id","2039","2026-08-24T04:05:00.874Z","Direct Detail URL: https://www.google.com/maps/place/Umbul+Susuhan/@-7.6442043,110.5980704,17z/data=!4m6!3m5!1s0x2e7a423e8f224f2f:0x78f8a97e96368af5!8m2!3d-7.6442043!4d110.5980704!16s%2Fg%2F11c73mpffs?entry=tts&g_ep=EgoyMDI2MDgxOS4wIPu8ASoASAFQAw%3D%3D&skid=525f3dcf-3097-436b-a0a9-3b0bc8dc4bad","5","Jawa Tengah","Jl. Klaten - Jatinom No.7","false","Tempat sejuk, air murni dari umbul tanpa kaporit, ada tempat khusus untuk muslimah, harga makanan relatif terjangkau, kamar bilas juga tersedia banyak",,"Umbul Susuhan","4.4",,"https://www.google.com/maps/search/?api=1&query=Umbul%20Susuhan&query_place_id=ChIJL08ijz5Cei4R9Yo2ln6p-Hg",
"Jl. Klaten - Jatinom No.7, Dusun 1, Manjungan, Kec. Ngawen, Kabupaten Klaten, Jawa Tengah 57466, Indonesia","11211421739855492727","Taman Rekreasi Air","Kolam renang luar ruangan","Kolam Renang","Tujuan Wisata","Taman Rekreasi Air","8716903439926725365","Kabupaten Klaten","ID","0x2e7a423e8f224f2f:0x78f8a97e96368af5",,"https://lh3.googleusercontent.com/gps-cs-s/AHRPTWmLAC292IyEZxwnxzT96dOfJ11UjIo_SES-giCPaXIIGvN1dIM0IPUoai_HjX-A-ghkSdtSS1C2yNwfiquZWHpYeQGmtVZ7cRnXAC9h2oOiDtx8v22fL3JYHji1o3dEOeCyn_k=w408-h306-k-no","false","true","/g/11c73mpffs","id","0","-7.6442043","110.5980704","Hello Kakak","Dusun 1, Manjungan, Kecamatan Ngawen","id","false","ChIJL08ijz5Cei4R9Yo2ln6p-Hg","57466",,"6 tahun lalu","2019-12-10T10:39:53.770Z",,,,,,,"ChZDSUhNMG9nS0VJQ0FnSUNNejk2Q0dnEAE","https://lh3.googleusercontent.com/grass-cs/ACvplmNa2IxzvRigpAb7ixwHX7jrWcn8pVzAtIkZba-W5i1bwJw8adm3dFrfeljNFISqBJcQkjiyeu3-Gxj7vjzuVi7FJeM0YW-cbgNksyS_YDQBTAy_vLns4GNqwAOt43cXvHWNAx9S=k-no",,,,,,,,,,,,,,,,,,,,,,,"Google","https://www.google.com/maps/reviews/data=!4m8!14m7!1m6!2m5!1sChZDSUhNMG9nS0VJQ0FnSUNNejk2Q0dnEAE!2m1!1s0x0:0x78f8a97e96368af5!3m1!1s2@1:CIHM0ogKEICAgICMz96CGg%7C%7C?hl=id","117027914960442840731","12","https://lh3.googleusercontent.com/a-/ALV-UjXOe9QXbaOefNLbIg9InWemohzghMjqz7NiOvDoDpsn3rjcrgDh=s1920-c-rp-mo-ba12-br100","https://www.google.com/maps/contrib/117027914960442840731?hl=id","2039","2026-08-24T04:05:00.874Z","Direct Detail URL: https://www.google.com/maps/place/Umbul+Susuhan/@-7.6442043,110.5980704,17z/data=!4m6!3m5!1s0x2e7a423e8f224f2f:0x78f8a97e96368af5!8m2!3d-7.6442043!4d110.5980704!16s%2Fg%2F11c73mpffs?entry=tts&g_ep=EgoyMDI2MDgxOS4wIPu8ASoASAFQAw%3D%3D&skid=525f3dcf-3097-436b-a0a9-3b0bc8dc4bad","4","Jawa Tengah","Jl. Klaten - Jatinom No.7","false","Pilihan kolam renang untuk berbagai usia lengkap. Pilihan kedalaman kolam juga lengkap. Dilengkapi kolam renang khusus wanita, dijamin keamanannya. Airnya langsung dari mata air jernih.",,"Umbul Susuhan","4.4",,"https://www.google.com/maps/search/?api=1&query=Umbul%20Susuhan&query_place_id=ChIJL08ijz5Cei4R9Yo2ln6p-Hg",
"Jl. Klaten - Jatinom No.7, Dusun 1, Manjungan, Kec. Ngawen, Kabupaten Klaten, Jawa Tengah 57466, Indonesia","11211421739855492727","Taman Rekreasi Air","Kolam renang luar ruangan","Kolam Renang","Tujuan Wisata","Taman Rekreasi Air","8716903439926725365","Kabupaten Klaten","ID","0x2e7a423e8f224f2f:0x78f8a97e96368af5",,"https://lh3.googleusercontent.com/gps-cs-s/AHRPTWmLAC292IyEZxwnxzT96dOfJ11UjIo_SES-giCPaXIIGvN1dIM0IPUoai_HjX-A-ghkSdtSS1C2yNwfiquZWHpYeQGmtVZ7cRnXAC9h2oOiDtx8v22fL3JYHji1o3dEOeCyn_k=w408-h306-k-no","false","false","/g/11c73mpffs","id","0","-7.6442043","110.5980704","Erma Hayati","Dusun 1, Manjungan, Kecamatan Ngawen","id","false","ChIJL08ijz5Cei4R9Yo2ln6p-Hg","57466",,"2 tahun lalu","2024-01-15T23:33:52.452Z",,,,"Tidak","Tanpa mengantre","Hari biasa","ChdDSUhNMG9nS0VJQ0FnSUNOMlpteW9RRRAB","https://lh3.googleusercontent.com/grass-cs/ACvplmPRD2QRRGAdQWyetEOgvfAtXZi4qnCFDNJcePqgAdzDuQGFztxHzvlcQ6E1EjM0nAiP_yTIYq2wOMviL3A5wLJHFTYZiiNGhQZLA3JYrNFeqWMT7SUDw-TjNJjke5QUhm0BxCNU=k-no","https://lh3.googleusercontent.com/grass-cs/ACvplmNca9OaW6YHurwrRjmGgjmwjxROMT9zRFxmdKl0sM709sSMKSgVD7RTvyfTDGuXe3Pok0ba0kU0nyI3_xilZfxYjLOpM_y30UD5JcJGeOmNJzhxVCtk54zjSsoJSN8w3YEPDyX6ig=k-no","https://lh3.googleusercontent.com/grass-cs/ACvplmMv_tJiQvSkMyF3tb6Jxx-WmyFi1aPHnLD6WW0YyjypWcQPWM7rm1gZOUFa1AFzO7HzmhTXh6rDkdD-8cBynny5_RoSCOdGIoTsWD8VPf_Xm770LQSSt7T0SRoMcuioCrDvkK3m=k-no","https://lh3.googleusercontent.com/grass-cs/ACvplmPAzWETwdLK68fy03kvflfxkxBaQziOGkgfr8yrvVeCZ4XOkOMRB4qkm3AZB3KCGiSD19IMLbI1kea7Q5EsIaGlRvH-T6XFZi0jRu9O0oh2AnC0mi6xJMiGQ0x6MqRzC758LORlRA=k-no","https://lh3.googleusercontent.com/grass-cs/ACvplmNHsA9tPwvdioRh75o_IDxwVo85ycTj7klhtewWqTk9jwM-Wr2yUv6RbKItr7S-pq2Xvrgt1NexWAPM7HtILL7liK2CCZ0676yCQPJiUfuscupuxKxnut2H7kt0dGciIIuD_uL5=k-no","https://lh3.googleusercontent.com/grass-cs/ACvplmNDp_BV7Lw3kzFXxzRBVKiqsbUcl--nXGmMAnvqeLfhE0FBZpI57VvPOmxsMy-bEg573RD8-GtRBfJ7F7f0sFFwUkGDJwlcNCJ7QflMO6y3A9_MOFXFpfCaFA6NekFrBk2c7Cz2KQ=k-no",,,,,,,,,,,,,,,,,,"Google","https://www.google.com/maps/reviews/data=!4m8!14m7!1m6!2m5!1sChdDSUhNMG9nS0VJQ0FnSUNOMlpteW9RRRAB!2m1!1s0x0:0x78f8a97e96368af5!3m1!1s2@1:CIHM0ogKEICAgICN2ZmyoQE%7C%7C?hl=id","116457512341523503179","3","https://lh3.googleusercontent.com/a-/ALV-UjXIWDFJL7c_nPcvcJzOGL6hrzIOwX5fsYzZiuiOBZ4nIsiNttwj=s1920-c-rp-mo-br100","https://www.google.com/maps/contrib/116457512341523503179?hl=id","2039","2026-08-24T04:05:00.874Z","Direct Detail URL: https://www.google.com/maps/place/Umbul+Susuhan/@-7.6442043,110.5980704,17z/data=!4m6!3m5!1s0x2e7a423e8f224f2f:0x78f8a97e96368af5!8m2!3d-7.6442043!4d110.5980704!16s%2Fg%2F11c73mpffs?entry=tts&g_ep=EgoyMDI2MDgxOS4wIPu8ASoASAFQAw%3D%3D&skid=525f3dcf-3097-436b-a0a9-3b0bc8dc4bad","5","Jawa Tengah","Jl. Klaten - Jatinom No.7","false","Di kolam air alami ini air nya sejuk banget .
Kolam perempuan terpisah jadi seneng banget .",,"Umbul Susuhan","4.4",,"https://www.google.com/maps/search/?api=1&query=Umbul%20Susuhan&query_place_id=ChIJL08ijz5Cei4R9Yo2ln6p-Hg",
"Jl. Klaten - Jatinom No.7, Dusun 1, Manjungan, Kec. Ngawen, Kabupaten Klaten, Jawa Tengah 57466, Indonesia","11211421739855492727","Taman Rekreasi Air","Kolam renang luar ruangan","Kolam Renang","Tujuan Wisata","Taman Rekreasi Air","8716903439926725365","Kabupaten Klaten","ID","0x2e7a423e8f224f2f:0x78f8a97e96368af5",,"https://lh3.googleusercontent.com/gps-cs-s/AHRPTWmLAC292IyEZxwnxzT96dOfJ11UjIo_SES-giCPaXIIGvN1dIM0IPUoai_HjX-A-ghkSdtSS1C2yNwfiquZWHpYeQGmtVZ7cRnXAC9h2oOiDtx8v22fL3JYHji1o3dEOeCyn_k=w408-h306-k-no","false","true","/g/11c73mpffs","id","0","-7.6442043","110.5980704","Apriliana Fajar Astuti","Dusun 1, Manjungan, Kecamatan Ngawen","id","false","ChIJL08ijz5Cei4R9Yo2ln6p-Hg","57466",,"7 tahun lalu","2019-05-01T01:57:06.968Z",,,,,,,"ChdDSUhNMG9nS0VJQ0FnSURZMUpEdTJBRRAB","https://lh3.googleusercontent.com/grass-cs/ACvplmNqS0W-1BP8lIQUlJTEEFJ9iPCmncpC2zJaItQ2xRx3A5OJ4FXOFYxgrup8EIiwtRIrhcxD8T1XVoFJdg0yNQBnQlzgY8HswurCl2ttPO4Sm1uaCVfCFRr8rBAQkTYGL-YV9i0=k-no","https://lh3.googleusercontent.com/grass-cs/ACvplmMeUfyatptNhGQrIm80xOvO2bF4q1HsWlWUOZ-Xw4lJ0b17RYlk_gHwYvf88bNuRo8S1kL628V_zbV40ZG0PYEeclc7RhYVu00OUcXIWv0kaKPtAmdg0XL2kshQGHJP=k-no","https://lh3.googleusercontent.com/grass-cs/ACvplmMXUWgn5-a3dqmHc-MQl-mmAv3zbu0CNNuVXE56Qo5IyahOucRYxFktwzACZhOSMSnHII3lSUDxiZoqMqnWceLrNuAUA_1BLlUdtdIiK_POLPzUkWJECGufDA6VDwIaLl7hV5lb=k-no","https://lh3.googleusercontent.com/grass-cs/ACvplmMaGaQHcK6O1YUuT5VVrYBMX3VpKlVNQBMPjf6IBN6LY8L8ZjSnjudEqeuqIrofDXYgCrOqnnPjJhJvImfKiUM3XkZ2_ipSdmlOkoxAY4Sxr_iBpFPWid8iz9GssxCvX9SjHf7a=k-no",,,,,,,,,,,,,,,,,,,,"Google","https://www.google.com/maps/reviews/data=!4m8!14m7!1m6!2m5!1sChdDSUhNMG9nS0VJQ0FnSURZMUpEdTJBRRAB!2m1!1s0x0:0x78f8a97e96368af5!3m1!1s2@1:CIHM0ogKEICAgIDY1JDu2AE%7C%7C?hl=id","105591063949026100843","37","https://lh3.googleusercontent.com/a-/ALV-UjWm_LY-cV6YmlYF_F0-O2APVZgtZ0GBFrpemRBK0DQKUuIHUN-M=s1920-c-rp-mo-ba12-br100","https://www.google.com/maps/contrib/105591063949026100843?hl=id","2039","2026-08-24T04:05:00.874Z","Direct Detail URL: https://www.google.com/maps/place/Umbul+Susuhan/@-7.6442043,110.5980704,17z/data=!4m6!3m5!1s0x2e7a423e8f224f2f:0x78f8a97e96368af5!8m2!3d-7.6442043!4d110.5980704!16s%2Fg%2F11c73mpffs?entry=tts&g_ep=EgoyMDI2MDgxOS4wIPu8ASoASAFQAw%3D%3D&skid=525f3dcf-3097-436b-a0a9-3b0bc8dc4bad","5","Jawa Tengah","Jl. Klaten - Jatinom No.7","false","Menyediakan banyak kolam renang, baik untuk anak2 atau org dewasa.",,"Umbul Susuhan","4.4",,"https://www.google.com/maps/search/?api=1&query=Umbul%20Susuhan&query_place_id=ChIJL08ijz5Cei4R9Yo2ln6p-Hg",
"Jl. Klaten - Jatinom No.7, Dusun 1, Manjungan, Kec. Ngawen, Kabupaten Klaten, Jawa Tengah 57466, Indonesia","11211421739855492727","Taman Rekreasi Air","Kolam renang luar ruangan","Kolam Renang","Tujuan Wisata","Taman Rekreasi Air","8716903439926725365","Kabupaten Klaten","ID","0x2e7a423e8f224f2f:0x78f8a97e96368af5",,"https://lh3.googleusercontent.com/gps-cs-s/AHRPTWmLAC292IyEZxwnxzT96dOfJ11UjIo_SES-giCPaXIIGvN1dIM0IPUoai_HjX-A-ghkSdtSS1C2yNwfiquZWHpYeQGmtVZ7cRnXAC9h2oOiDtx8v22fL3JYHji1o3dEOeCyn_k=w408-h306-k-no","false","true","/g/11c73mpffs","id","0","-7.6442043","110.5980704","Romdoni","Dusun 1, Manjungan, Kecamatan Ngawen","id","false","ChIJL08ijz5Cei4R9Yo2ln6p-Hg","57466",,"Diedit 4 tahun lalu","2022-07-09T10:54:35.932Z",,,,,,,"ChdDSUhNMG9nS0VJQ0FnSURROWV6ZThRRRAB","https://lh3.googleusercontent.com/grass-cs/ACvplmOep147cB-GeiENL-8sA5DPIFfAix8bQIjomwDPu6upQ5GhKqcBkfxhQQw1mDN8OMz9JzZCqIk5CvILWs0fLTCChcT3rwugXrJN40uPFmpF2OGq-Egej_EbcQ-Tc9hLfmfzg2iVzg=k-no","https://lh3.googleusercontent.com/grass-cs/ACvplmMqBP-n0tfgWpkP8i04By6UOM3xdJE7ZdBFqzQFjlEsNXgGT-3k42k3cKQet_GhCaTkotxUNMwLz93uLDH956NhYJiaBCDr2ZW8W_DgpfXvZ9XSBOsqbAmEV9umThDwP5Dj=k-no","https://lh3.googleusercontent.com/grass-cs/ACvplmN39J5UbQ5TEvPmTMp96TnpACpBLqzyY_7DuhwjneyHrabMTBKW0cfRPdSKu-rX9JWGbQt6zTUsjCJmOwFmR6eVACLDgXtVp-JdzKyO8fbUkz0vclIV6WnXKXQytr0QTS5YHw3D=k-no","https://lh3.googleusercontent.com/grass-cs/ACvplmOkdT88wqHQ6wz9uycdOVIQqIT9CtGtqcpn3-iWV_yDS-wBDPBP31GbONAcDRWkwghcq90cvzgaX-J7g5S2lhMV0HVEcNR31dFNGRBC6HARETfhnSA6YsDPJD_n7Ofl2A9cSEo9=k-no","https://lh3.googleusercontent.com/grass-cs/ACvplmPq8QzTG3olMCuxwfZUuIpGcFw4xVXeuCc1zFyzCvceLWdK2SlhPSAeJiEEWu8l_wQTKwqDIes4MuQ1FrNu7Ay3bl9rBw1BQwRiHNKDa1Rdzys5gdIWuUGFCWkMCLj_WDttn3Db=k-no","https://lh3.googleusercontent.com/grass-cs/ACvplmM3BOKnTbQw2vmYf7SXfNpb2uCE0yNezFOsq1pIB4k7YPgolXeT1nXHU3iTh7nR9gG-zKiAgR7spucA_Qgl4Aa9nRPvLFeYhuO5RvBWJlL0UniOo_38AYcnWBEg1jvcZooQEd1G=k-no","https://lh3.googleusercontent.com/grass-cs/ACvplmMez0oWcYjGEHYMRYdo3Leekw3qd9HByd1mgqI1NLvfjGD4DdvtKZK_JhLuE4xsZHtMTZF0WnDk9jY7jBXKEZFP-J4W6H91HGx1940_h1LkI4kSWromh4JEEk3WYzKtFCjrCS9x=k-no","https://lh3.googleusercontent.com/grass-cs/ACvplmOu46CndKHlQAjyBO-bAe4UnppG63c4NrR9ljSHcQAOdb1Y3Lzxlpvjx92oczT9706VlflzwcWohtg-no0s6u7JIicm01RCLqk1Cw1vqByzcHr-NcuMm73lXDcXdPoCwz7GCw0w=k-no",,,,,,,,,,,,,,,,"Google","https://www.google.com/maps/reviews/data=!4m8!14m7!1m6!2m5!1sChdDSUhNMG9nS0VJQ0FnSURROWV6ZThRRRAB!2m1!1s0x0:0x78f8a97e96368af5!3m1!1s2@1:CIHM0ogKEICAgIDQ9eze8QE%7C%7C?hl=id","102158335128561871452","148","https://lh3.googleusercontent.com/a/ACg8ocIcq8DY4-cn8brGbOL2PIeuPIy0rOb6a0EM2dVQeRqc_gkKKg=s1920-c-rp-mo-ba12-br100","https://www.google.com/maps/contrib/102158335128561871452?hl=id","2039","2026-08-24T04:05:00.874Z","Direct Detail URL: https://www.google.com/maps/place/Umbul+Susuhan/@-7.6442043,110.5980704,17z/data=!4m6!3m5!1s0x2e7a423e8f224f2f:0x78f8a97e96368af5!8m2!3d-7.6442043!4d110.5980704!16s%2Fg%2F11c73mpffs?entry=tts&g_ep=EgoyMDI2MDgxOS4wIPu8ASoASAFQAw%3D%3D&skid=525f3dcf-3097-436b-a0a9-3b0bc8dc4bad","5","Jawa Tengah","Jl. Klaten - Jatinom No.7","false","tempat nyaman,air bersih,dingin,segar langsung dari sumberny,ada mushola pokokny joooossssss",,"Umbul Susuhan","4.4",,"https://www.google.com/maps/search/?api=1&query=Umbul%20Susuhan&query_place_id=ChIJL08ijz5Cei4R9Yo2ln6p-Hg",
